departamento,provincia,municipio,cluster,trajectoire,annee,secteur,usage_final,demande_GWh
Beni,General José Ballivián,Reyes,C1,acces_2035,2024,SERVICES,ELECTRICITY,0.634374074074074
Beni,General José Ballivián,Reyes,C1,acces_2035,2035,SERVICES,ELECTRICITY,0.9840356432809663
Beni,General José Ballivián,Reyes,C1,acces_2035,2050,SERVICES,ELECTRICITY,1.0210060170496589
Beni,General José Ballivián,Reyes,C1,acces_2050,2024,SERVICES,ELECTRICITY,0.634374074074074
Beni,General José Ballivián,Reyes,C1,acces_2050,2035,SERVICES,ELECTRICITY,0.8443970832054014
Beni,General José Ballivián,Reyes,C1,acces_2050,2050,SERVICES,ELECTRICITY,1.0210060170496589
Beni,General José Ballivián,Santa Rosa,C1,acces_2035,2024,SERVICES,ELECTRICITY,0.569771061061061
Beni,General José Ballivián,Santa Rosa,C1,acces_2035,2035,SERVICES,ELECTRICITY,1.1170068687350765
Beni,General José Ballivián,Santa Rosa,C1,acces_2035,2050,SERVICES,ELECTRICITY,1.3311616257892767
Beni,General José Ballivián,Santa Rosa,C1,acces_2050,2024,SERVICES,ELECTRICITY,0.569771061061061
Beni,General José Ballivián,Santa Rosa,C1,acces_2050,2035,SERVICES,ELECTRICITY,0.8848119537523985
Beni,General José Ballivián,Santa Rosa,C1,acces_2050,2050,SERVICES,ELECTRICITY,1.3311616257892767
Beni,Vaca Diez,Guayaramerín,C3,acces_2035,2024,SERVICES,ELECTRICITY,5.792632922922922
Beni,Vaca Diez,Guayaramerín,C3,acces_2035,2035,SERVICES,ELECTRICITY,7.57028126095411
Beni,Vaca Diez,Guayaramerín,C3,acces_2035,2050,SERVICES,ELECTRICITY,8.283448105586473
Beni,Vaca Diez,Guayaramerín,C3,acces_2050,2024,SERVICES,ELECTRICITY,5.792632922922922
Beni,Vaca Diez,Guayaramerín,C3,acces_2050,2035,SERVICES,ELECTRICITY,7.0820771575491905
Beni,Vaca Diez,Guayaramerín,C3,acces_2050,2050,SERVICES,ELECTRICITY,8.283448105586473
Beni,Vaca Diez,Riberalta,C3,acces_2035,2024,SERVICES,ELECTRICITY,11.718578598598597
Beni,Vaca Diez,Riberalta,C3,acces_2035,2035,SERVICES,ELECTRICITY,16.74058818856239
Beni,Vaca Diez,Riberalta,C3,acces_2035,2050,SERVICES,ELECTRICITY,19.700431136941805
Beni,Vaca Diez,Riberalta,C3,acces_2050,2024,SERVICES,ELECTRICITY,11.718578598598597
Beni,Vaca Diez,Riberalta,C3,acces_2050,2035,SERVICES,ELECTRICITY,15.36806042758834
Beni,Vaca Diez,Riberalta,C3,acces_2050,2050,SERVICES,ELECTRICITY,19.700431136941805
Beni,Yacuma,Exaltación,C1,acces_2035,2024,SERVICES,ELECTRICITY,0.05057508508508508
Beni,Yacuma,Exaltación,C1,acces_2035,2035,SERVICES,ELECTRICITY,0.3045855011053679
Beni,Yacuma,Exaltación,C1,acces_2035,2050,SERVICES,ELECTRICITY,0.3697717371876618
Beni,Yacuma,Exaltación,C1,acces_2050,2024,SERVICES,ELECTRICITY,0.05057508508508508
Beni,Yacuma,Exaltación,C1,acces_2050,2035,SERVICES,ELECTRICITY,0.19304599210244075
Beni,Yacuma,Exaltación,C1,acces_2050,2050,SERVICES,ELECTRICITY,0.3697717371876618
La Paz,Abel Iturralde,Ixiamas,C1,acces_2035,2024,SERVICES,ELECTRICITY,0.39631268268268266
La Paz,Abel Iturralde,Ixiamas,C1,acces_2035,2035,SERVICES,ELECTRICITY,1.0844460155596765
La Paz,Abel Iturralde,Ixiamas,C1,acces_2035,2050,SERVICES,ELECTRICITY,1.2854023542157589
La Paz,Abel Iturralde,Ixiamas,C1,acces_2050,2024,SERVICES,ELECTRICITY,0.39631268268268266
La Paz,Abel Iturralde,Ixiamas,C1,acces_2050,2035,SERVICES,ELECTRICITY,0.7904913232666961
La Paz,Abel Iturralde,Ixiamas,C1,acces_2050,2050,SERVICES,ELECTRICITY,1.2854023542157589
Pando,Abuná,Ingavi,C4,acces_2035,2024,SERVICES,ELECTRICITY,0.019571331331331328
Pando,Abuná,Ingavi,C4,acces_2035,2035,SERVICES,ELECTRICITY,0.13922947793046073
Pando,Abuná,Ingavi,C4,acces_2035,2050,SERVICES,ELECTRICITY,0.17956448820093346
Pando,Abuná,Ingavi,C4,acces_2050,2024,SERVICES,ELECTRICITY,0.019571331331331328
Pando,Abuná,Ingavi,C4,acces_2050,2035,SERVICES,ELECTRICITY,0.07345514470721647
Pando,Abuná,Ingavi,C4,acces_2050,2050,SERVICES,ELECTRICITY,0.17956448820093346
Pando,Abuná,Santa Rosa,C4,acces_2035,2024,SERVICES,ELECTRICITY,0.09837846846846846
Pando,Abuná,Santa Rosa,C4,acces_2035,2035,SERVICES,ELECTRICITY,0.1871591503457985
Pando,Abuná,Santa Rosa,C4,acces_2035,2050,SERVICES,ELECTRICITY,0.22928776783635485
Pando,Abuná,Santa Rosa,C4,acces_2050,2024,SERVICES,ELECTRICITY,0.09837846846846846
Pando,Abuná,Santa Rosa,C4,acces_2050,2035,SERVICES,ELECTRICITY,0.16169778352128453
Pando,Abuná,Santa Rosa,C4,acces_2050,2050,SERVICES,ELECTRICITY,0.22928776783635485
Pando,Federico Román,Nueva Esperanza,C4,acces_2035,2024,SERVICES,ELECTRICITY,0.012299849849849847
Pando,Federico Román,Nueva Esperanza,C4,acces_2035,2035,SERVICES,ELECTRICITY,0.09260768050794771
Pando,Federico Román,Nueva Esperanza,C4,acces_2035,2050,SERVICES,ELECTRICITY,0.09745106565186858
Pando,Federico Román,Nueva Esperanza,C4,acces_2050,2024,SERVICES,ELECTRICITY,0.012299849849849847
Pando,Federico Román,Nueva Esperanza,C4,acces_2050,2035,SERVICES,ELECTRICITY,0.05776470636811538
Pando,Federico Román,Nueva Esperanza,C4,acces_2050,2050,SERVICES,ELECTRICITY,0.09745106565186858
Pando,Federico Román,Santos Mercado,C4,acces_2035,2024,SERVICES,ELECTRICITY,0.03256241241241241
Pando,Federico Román,Santos Mercado,C4,acces_2035,2035,SERVICES,ELECTRICITY,0.12296888724645078
Pando,Federico Román,Santos Mercado,C4,acces_2035,2050,SERVICES,ELECTRICITY,0.15130460708944546
Pando,Federico Román,Santos Mercado,C4,acces_2050,2024,SERVICES,ELECTRICITY,0.03256241241241241
Pando,Federico Román,Santos Mercado,C4,acces_2050,2035,SERVICES,ELECTRICITY,0.08376460213860967
Pando,Federico Román,Santos Mercado,C4,acces_2050,2050,SERVICES,ELECTRICITY,0.15130460708944546
Pando,Federico Román,Villa Nueva,C4,acces_2035,2024,SERVICES,ELECTRICITY,0.12508574574574574
Pando,Federico Román,Villa Nueva,C4,acces_2035,2035,SERVICES,ELECTRICITY,0.35874211579005877
Pando,Federico Román,Villa Nueva,C4,acces_2035,2050,SERVICES,ELECTRICITY,0.38225475663118924
Pando,Federico Román,Villa Nueva,C4,acces_2050,2024,SERVICES,ELECTRICITY,0.12508574574574574
Pando,Federico Román,Villa Nueva,C4,acces_2050,2035,SERVICES,ELECTRICITY,0.2536499474884961
Pando,Federico Román,Villa Nueva,C4,acces_2050,2050,SERVICES,ELECTRICITY,0.38225475663118924
Pando,Madre de Dios,Puerto Gonzalo Moreno,C3,acces_2035,2024,SERVICES,ELECTRICITY,0.27994187187187186
Pando,Madre de Dios,Puerto Gonzalo Moreno,C3,acces_2035,2035,SERVICES,ELECTRICITY,0.5126597715486557
Pando,Madre de Dios,Puerto Gonzalo Moreno,C3,acces_2035,2050,SERVICES,ELECTRICITY,0.6489609408914853
Pando,Madre de Dios,Puerto Gonzalo Moreno,C3,acces_2050,2024,SERVICES,ELECTRICITY,0.27994187187187186
Pando,Madre de Dios,Puerto Gonzalo Moreno,C3,acces_2050,2035,SERVICES,ELECTRICITY,0.45356786468552274
Pando,Madre de Dios,Puerto Gonzalo Moreno,C3,acces_2050,2050,SERVICES,ELECTRICITY,0.6489609408914853
Pando,Madre de Dios,San Lorenzo,C4,acces_2035,2024,SERVICES,ELECTRICITY,0.3472488188188188
Pando,Madre de Dios,San Lorenzo,C4,acces_2035,2035,SERVICES,ELECTRICITY,0.6348563933667641
Pando,Madre de Dios,San Lorenzo,C4,acces_2035,2050,SERVICES,ELECTRICITY,0.8044693412343739
Pando,Madre de Dios,San Lorenzo,C4,acces_2050,2024,SERVICES,ELECTRICITY,0.3472488188188188
Pando,Madre de Dios,San Lorenzo,C4,acces_2050,2035,SERVICES,ELECTRICITY,0.5726430192152117
Pando,Madre de Dios,San Lorenzo,C4,acces_2050,2050,SERVICES,ELECTRICITY,0.8044693412343739
Pando,Madre de Dios,Sena,C4,acces_2035,2024,SERVICES,ELECTRICITY,0.7270803803803804
Pando,Madre de Dios,Sena,C4,acces_2035,2035,SERVICES,ELECTRICITY,2.3867719702216763
Pando,Madre de Dios,Sena,C4,acces_2035,2050,SERVICES,ELECTRICITY,3.0067963104249893
Pando,Madre de Dios,Sena,C4,acces_2050,2024,SERVICES,ELECTRICITY,0.7270803803803804
Pando,Madre de Dios,Sena,C4,acces_2050,2035,SERVICES,ELECTRICITY,1.8633277946429474
Pando,Madre de Dios,Sena,C4,acces_2050,2050,SERVICES,ELECTRICITY,3.0067963104249893
Pando,Manuripi,Filadelfia,C4,acces_2035,2024,SERVICES,ELECTRICITY,1.06370998998999
Pando,Manuripi,Filadelfia,C4,acces_2035,2035,SERVICES,ELECTRICITY,2.610432309052294
Pando,Manuripi,Filadelfia,C4,acces_2035,2050,SERVICES,ELECTRICITY,3.2969614703321115
Pando,Manuripi,Filadelfia,C4,acces_2050,2024,SERVICES,ELECTRICITY,1.06370998998999
Pando,Manuripi,Filadelfia,C4,acces_2050,2035,SERVICES,ELECTRICITY,2.1068712310740314
Pando,Manuripi,Filadelfia,C4,acces_2050,2050,SERVICES,ELECTRICITY,3.2969614703321115
Pando,Manuripi,Puerto Rico,C4,acces_2035,2024,SERVICES,ELECTRICITY,1.0896514914914914
Pando,Manuripi,Puerto Rico,C4,acces_2035,2035,SERVICES,ELECTRICITY,1.9919194440878292
Pando,Manuripi,Puerto Rico,C4,acces_2035,2050,SERVICES,ELECTRICITY,2.474210401165435
Pando,Manuripi,Puerto Rico,C4,acces_2050,2024,SERVICES,ELECTRICITY,1.0896514914914914
Pando,Manuripi,Puerto Rico,C4,acces_2050,2035,SERVICES,ELECTRICITY,1.7503030960966242
Pando,Manuripi,Puerto Rico,C4,acces_2050,2050,SERVICES,ELECTRICITY,2.474210401165435
Pando,Manuripi,San Pedro,C4,acces_2035,2024,SERVICES,ELECTRICITY,0.0003456156156156156
Pando,Manuripi,San Pedro,C4,acces_2035,2035,SERVICES,ELECTRICITY,0.13539651575843115
Pando,Manuripi,San Pedro,C4,acces_2035,2050,SERVICES,ELECTRICITY,0.16963447222466
Pando,Manuripi,San Pedro,C4,acces_2050,2024,SERVICES,ELECTRICITY,0.0003456156156156156
Pando,Manuripi,San Pedro,C4,acces_2050,2035,SERVICES,ELECTRICITY,0.06367307750446215
Pando,Manuripi,San Pedro,C4,acces_2050,2050,SERVICES,ELECTRICITY,0.16963447222466
Pando,Nicolás Suárez,Bella Flor,C4,acces_2035,2024,SERVICES,ELECTRICITY,0.20521435435435434
Pando,Nicolás Suárez,Bella Flor,C4,acces_2035,2035,SERVICES,ELECTRICITY,0.48116614565428023
Pando,Nicolás Suárez,Bella Flor,C4,acces_2035,2050,SERVICES,ELECTRICITY,0.5101857480645946
Pando,Nicolás Suárez,Bella Flor,C4,acces_2050,2024,SERVICES,ELECTRICITY,0.20521435435435434
Pando,Nicolás Suárez,Bella Flor,C4,acces_2050,2035,SERVICES,ELECTRICITY,0.36440133199083397
Pando,Nicolás Suárez,Bella Flor,C4,acces_2050,2050,SERVICES,ELECTRICITY,0.5101857480645946
Pando,Nicolás Suárez,Bolpebra,C2,acces_2035,2024,SERVICES,ELECTRICITY,0.05626080080080079
Pando,Nicolás Suárez,Bolpebra,C2,acces_2035,2035,SERVICES,ELECTRICITY,0.35987317502119837
Pando,Nicolás Suárez,Bolpebra,C2,acces_2035,2050,SERVICES,ELECTRICITY,0.4342264828977095
Pando,Nicolás Suárez,Bolpebra,C2,acces_2050,2024,SERVICES,ELECTRICITY,0.05626080080080079
Pando,Nicolás Suárez,Bolpebra,C2,acces_2050,2035,SERVICES,ELECTRICITY,0.23634478913829468
Pando,Nicolás Suárez,Bolpebra,C2,acces_2050,2050,SERVICES,ELECTRICITY,0.4342264828977095
Pando,Nicolás Suárez,Cobija,C5,acces_2035,2024,SERVICES,ELECTRICITY,12.780668938938938
Pando,Nicolás Suárez,Cobija,C5,acces_2035,2035,SERVICES,ELECTRICITY,16.346302048192253
Pando,Nicolás Suárez,Cobija,C5,acces_2035,2050,SERVICES,ELECTRICITY,19.69553847436829
Pando,Nicolás Suárez,Cobija,C5,acces_2050,2024,SERVICES,ELECTRICITY,12.780668938938938
Pando,Nicolás Suárez,Cobija,C5,acces_2050,2035,SERVICES,ELECTRICITY,16.155124194229497
Pando,Nicolás Suárez,Cobija,C5,acces_2050,2050,SERVICES,ELECTRICITY,19.69553847436829
Pando,Nicolás Suárez,Porvenir,C4,acces_2035,2024,SERVICES,ELECTRICITY,1.1614853253253252
Pando,Nicolás Suárez,Porvenir,C4,acces_2035,2035,SERVICES,ELECTRICITY,1.8284064444829762
Pando,Nicolás Suárez,Porvenir,C4,acces_2035,2050,SERVICES,ELECTRICITY,2.2687339428565267
Pando,Nicolás Suárez,Porvenir,C4,acces_2050,2024,SERVICES,ELECTRICITY,1.1614853253253252
Pando,Nicolás Suárez,Porvenir,C4,acces_2050,2035,SERVICES,ELECTRICITY,1.707004420654814
Pando,Nicolás Suárez,Porvenir,C4,acces_2050,2050,SERVICES,ELECTRICITY,2.2687339428565267
Beni,General José Ballivián,Reyes,C1,acces_2035,2024,SERVICES,SPACE_COOLING,0.10869629629629629
Beni,General José Ballivián,Reyes,C1,acces_2035,2035,SERVICES,SPACE_COOLING,0.16860876605700453
Beni,General José Ballivián,Reyes,C1,acces_2035,2050,SERVICES,SPACE_COOLING,0.17494342389624878
Beni,General José Ballivián,Reyes,C1,acces_2050,2024,SERVICES,SPACE_COOLING,0.10869629629629629
Beni,General José Ballivián,Reyes,C1,acces_2050,2035,SERVICES,SPACE_COOLING,0.14468251351820763
Beni,General José Ballivián,Reyes,C1,acces_2050,2050,SERVICES,SPACE_COOLING,0.17494342389624878
Beni,General José Ballivián,Santa Rosa,C1,acces_2035,2024,SERVICES,SPACE_COOLING,0.09762694694694694
Beni,General José Ballivián,Santa Rosa,C1,acces_2035,2035,SERVICES,SPACE_COOLING,0.1913926097094075
Beni,General José Ballivián,Santa Rosa,C1,acces_2035,2050,SERVICES,SPACE_COOLING,0.22808677783095435
Beni,General José Ballivián,Santa Rosa,C1,acces_2050,2024,SERVICES,SPACE_COOLING,0.09762694694694694
Beni,General José Ballivián,Santa Rosa,C1,acces_2050,2035,SERVICES,SPACE_COOLING,0.15160736578327655
Beni,General José Ballivián,Santa Rosa,C1,acces_2050,2050,SERVICES,SPACE_COOLING,0.22808677783095435
Beni,Vaca Diez,Guayaramerín,C3,acces_2035,2024,SERVICES,SPACE_COOLING,0.9925338538538538
Beni,Vaca Diez,Guayaramerín,C3,acces_2035,2035,SERVICES,SPACE_COOLING,1.2971235247720485
Beni,Vaca Diez,Guayaramerín,C3,acces_2035,2050,SERVICES,SPACE_COOLING,1.419320502582025
Beni,Vaca Diez,Guayaramerín,C3,acces_2050,2024,SERVICES,SPACE_COOLING,0.9925338538538538
Beni,Vaca Diez,Guayaramerín,C3,acces_2050,2035,SERVICES,SPACE_COOLING,1.213472600111826
Beni,Vaca Diez,Guayaramerín,C3,acces_2050,2050,SERVICES,SPACE_COOLING,1.419320502582025
Beni,Vaca Diez,Riberalta,C3,acces_2035,2024,SERVICES,SPACE_COOLING,2.0079100700700696
Beni,Vaca Diez,Riberalta,C3,acces_2035,2035,SERVICES,SPACE_COOLING,2.868402112072729
Beni,Vaca Diez,Riberalta,C3,acces_2035,2050,SERVICES,SPACE_COOLING,3.3755539318836774
Beni,Vaca Diez,Riberalta,C3,acces_2050,2024,SERVICES,SPACE_COOLING,2.0079100700700696
Beni,Vaca Diez,Riberalta,C3,acces_2050,2035,SERVICES,SPACE_COOLING,2.633227488331237
Beni,Vaca Diez,Riberalta,C3,acces_2050,2050,SERVICES,SPACE_COOLING,3.3755539318836774
Beni,Yacuma,Exaltación,C1,acces_2035,2024,SERVICES,SPACE_COOLING,0.008665745745745745
Beni,Yacuma,Exaltación,C1,acces_2035,2035,SERVICES,SPACE_COOLING,0.05218894849072775
Beni,Yacuma,Exaltación,C1,acces_2035,2050,SERVICES,SPACE_COOLING,0.06335822971014589
Beni,Yacuma,Exaltación,C1,acces_2050,2024,SERVICES,SPACE_COOLING,0.008665745745745745
Beni,Yacuma,Exaltación,C1,acces_2050,2035,SERVICES,SPACE_COOLING,0.033077304407508314
Beni,Yacuma,Exaltación,C1,acces_2050,2050,SERVICES,SPACE_COOLING,0.06335822971014589
La Paz,Abel Iturralde,Ixiamas,C1,acces_2035,2024,SERVICES,SPACE_COOLING,0.06790586586586585
La Paz,Abel Iturralde,Ixiamas,C1,acces_2035,2035,SERVICES,SPACE_COOLING,0.1858134974961927
La Paz,Abel Iturralde,Ixiamas,C1,acces_2035,2050,SERVICES,SPACE_COOLING,0.22024619363224227
La Paz,Abel Iturralde,Ixiamas,C1,acces_2050,2024,SERVICES,SPACE_COOLING,0.06790586586586585
La Paz,Abel Iturralde,Ixiamas,C1,acces_2050,2035,SERVICES,SPACE_COOLING,0.1354460760693305
La Paz,Abel Iturralde,Ixiamas,C1,acces_2050,2050,SERVICES,SPACE_COOLING,0.22024619363224227
Pando,Abuná,Ingavi,C4,acces_2035,2024,SERVICES,SPACE_COOLING,0.003353433433433433
Pando,Abuná,Ingavi,C4,acces_2035,2035,SERVICES,SPACE_COOLING,0.0238561587000494
Pando,Abuná,Ingavi,C4,acces_2035,2050,SERVICES,SPACE_COOLING,0.030767327372685793
Pando,Abuná,Ingavi,C4,acces_2050,2024,SERVICES,SPACE_COOLING,0.003353433433433433
Pando,Abuná,Ingavi,C4,acces_2050,2035,SERVICES,SPACE_COOLING,0.012586110466819957
Pando,Abuná,Ingavi,C4,acces_2050,2050,SERVICES,SPACE_COOLING,0.030767327372685793
Pando,Abuná,Santa Rosa,C4,acces_2035,2024,SERVICES,SPACE_COOLING,0.016856576576576576
Pando,Abuná,Santa Rosa,C4,acces_2035,2035,SERVICES,SPACE_COOLING,0.032068628419664146
Pando,Abuná,Santa Rosa,C4,acces_2035,2050,SERVICES,SPACE_COOLING,0.03928712122454529
Pando,Abuná,Santa Rosa,C4,acces_2050,2024,SERVICES,SPACE_COOLING,0.016856576576576576
Pando,Abuná,Santa Rosa,C4,acces_2050,2035,SERVICES,SPACE_COOLING,0.027705971770264407
Pando,Abuná,Santa Rosa,C4,acces_2050,2050,SERVICES,SPACE_COOLING,0.03928712122454529
Pando,Federico Román,Nueva Esperanza,C4,acces_2035,2024,SERVICES,SPACE_COOLING,0.002107507507507507
Pando,Federico Román,Nueva Esperanza,C4,acces_2035,2035,SERVICES,SPACE_COOLING,0.015867785729574497
Pando,Federico Román,Nueva Esperanza,C4,acces_2035,2050,SERVICES,SPACE_COOLING,0.01669767151494351
Pando,Federico Román,Nueva Esperanza,C4,acces_2050,2024,SERVICES,SPACE_COOLING,0.002107507507507507
Pando,Federico Román,Nueva Esperanza,C4,acces_2050,2035,SERVICES,SPACE_COOLING,0.009897645404285648
Pando,Federico Román,Nueva Esperanza,C4,acces_2050,2050,SERVICES,SPACE_COOLING,0.01669767151494351
Pando,Federico Román,Santos Mercado,C4,acces_2035,2024,SERVICES,SPACE_COOLING,0.005579379379379379
Pando,Federico Román,Santos Mercado,C4,acces_2035,2035,SERVICES,SPACE_COOLING,0.021070001359805447
Pando,Federico Román,Santos Mercado,C4,acces_2035,2050,SERVICES,SPACE_COOLING,0.02592516162832448
Pando,Federico Román,Santos Mercado,C4,acces_2050,2024,SERVICES,SPACE_COOLING,0.005579379379379379
Pando,Federico Román,Santos Mercado,C4,acces_2050,2035,SERVICES,SPACE_COOLING,0.014352575846497373
Pando,Federico Román,Santos Mercado,C4,acces_2050,2050,SERVICES,SPACE_COOLING,0.02592516162832448
Pando,Federico Román,Villa Nueva,C4,acces_2035,2024,SERVICES,SPACE_COOLING,0.021432712712712715
Pando,Federico Román,Villa Nueva,C4,acces_2035,2035,SERVICES,SPACE_COOLING,0.06146836843670136
Pando,Federico Román,Villa Nueva,C4,acces_2035,2050,SERVICES,SPACE_COOLING,0.0654971222588153
Pando,Federico Román,Villa Nueva,C4,acces_2050,2024,SERVICES,SPACE_COOLING,0.021432712712712715
Pando,Federico Román,Villa Nueva,C4,acces_2050,2035,SERVICES,SPACE_COOLING,0.043461438565237154
Pando,Federico Román,Villa Nueva,C4,acces_2050,2050,SERVICES,SPACE_COOLING,0.0654971222588153
Pando,Madre de Dios,Puerto Gonzalo Moreno,C3,acces_2035,2024,SERVICES,SPACE_COOLING,0.0479664064064064
Pando,Madre de Dios,Puerto Gonzalo Moreno,C3,acces_2035,2035,SERVICES,SPACE_COOLING,0.08784126070848458
Pando,Madre de Dios,Puerto Gonzalo Moreno,C3,acces_2035,2050,SERVICES,SPACE_COOLING,0.11119567081744801
Pando,Madre de Dios,Puerto Gonzalo Moreno,C3,acces_2050,2024,SERVICES,SPACE_COOLING,0.0479664064064064
Pando,Madre de Dios,Puerto Gonzalo Moreno,C3,acces_2050,2035,SERVICES,SPACE_COOLING,0.07771620724301424
Pando,Madre de Dios,Puerto Gonzalo Moreno,C3,acces_2050,2050,SERVICES,SPACE_COOLING,0.11119567081744801
Pando,Madre de Dios,San Lorenzo,C4,acces_2035,2024,SERVICES,SPACE_COOLING,0.05949905905905905
Pando,Madre de Dios,San Lorenzo,C4,acces_2035,2035,SERVICES,SPACE_COOLING,0.10877893889297584
Pando,Madre de Dios,San Lorenzo,C4,acces_2035,2050,SERVICES,SPACE_COOLING,0.1378411278924481
Pando,Madre de Dios,San Lorenzo,C4,acces_2050,2024,SERVICES,SPACE_COOLING,0.05949905905905905
Pando,Madre de Dios,San Lorenzo,C4,acces_2050,2035,SERVICES,SPACE_COOLING,0.09811904022003627
Pando,Madre de Dios,San Lorenzo,C4,acces_2050,2050,SERVICES,SPACE_COOLING,0.1378411278924481
Pando,Madre de Dios,Sena,C4,acces_2035,2024,SERVICES,SPACE_COOLING,0.12458098098098098
Pando,Madre de Dios,Sena,C4,acces_2035,2035,SERVICES,SPACE_COOLING,0.40895945132306416
Pando,Madre de Dios,Sena,C4,acces_2035,2050,SERVICES,SPACE_COOLING,0.5151970044450499
Pando,Madre de Dios,Sena,C4,acces_2050,2024,SERVICES,SPACE_COOLING,0.12458098098098098
Pando,Madre de Dios,Sena,C4,acces_2050,2035,SERVICES,SPACE_COOLING,0.3192703459063248
Pando,Madre de Dios,Sena,C4,acces_2050,2050,SERVICES,SPACE_COOLING,0.5151970044450499
Pando,Manuripi,Filadelfia,C4,acces_2035,2024,SERVICES,SPACE_COOLING,0.18226050050050052
Pando,Manuripi,Filadelfia,C4,acces_2035,2035,SERVICES,SPACE_COOLING,0.44728234542107254
Pando,Manuripi,Filadelfia,C4,acces_2035,2050,SERVICES,SPACE_COOLING,0.5649151116078656
Pando,Manuripi,Filadelfia,C4,acces_2050,2024,SERVICES,SPACE_COOLING,0.18226050050050052
Pando,Manuripi,Filadelfia,C4,acces_2050,2035,SERVICES,SPACE_COOLING,0.3610000927689626
Pando,Manuripi,Filadelfia,C4,acces_2050,2050,SERVICES,SPACE_COOLING,0.5649151116078656
Pando,Manuripi,Puerto Rico,C4,acces_2035,2024,SERVICES,SPACE_COOLING,0.18670542542542543
Pando,Manuripi,Puerto Rico,C4,acces_2035,2035,SERVICES,SPACE_COOLING,0.3413037747624641
Pando,Manuripi,Puerto Rico,C4,acces_2035,2050,SERVICES,SPACE_COOLING,0.42394151630013366
Pando,Manuripi,Puerto Rico,C4,acces_2050,2024,SERVICES,SPACE_COOLING,0.18670542542542543
Pando,Manuripi,Puerto Rico,C4,acces_2050,2035,SERVICES,SPACE_COOLING,0.29990422326027827
Pando,Manuripi,Puerto Rico,C4,acces_2050,2050,SERVICES,SPACE_COOLING,0.42394151630013366
Pando,Manuripi,San Pedro,C4,acces_2035,2024,SERVICES,SPACE_COOLING,5.921921921921922e-05
Pando,Manuripi,San Pedro,C4,acces_2035,2035,SERVICES,SPACE_COOLING,0.023199402995536206
Pando,Manuripi,San Pedro,C4,acces_2035,2050,SERVICES,SPACE_COOLING,0.02906587707246759
Pando,Manuripi,San Pedro,C4,acces_2050,2024,SERVICES,SPACE_COOLING,5.921921921921922e-05
Pando,Manuripi,San Pedro,C4,acces_2050,2035,SERVICES,SPACE_COOLING,0.010910010325727635
Pando,Manuripi,San Pedro,C4,acces_2050,2050,SERVICES,SPACE_COOLING,0.02906587707246759
Pando,Nicolás Suárez,Bella Flor,C4,acces_2035,2024,SERVICES,SPACE_COOLING,0.03516228228228228
Pando,Nicolás Suárez,Bella Flor,C4,acces_2035,2035,SERVICES,SPACE_COOLING,0.08244501166306722
Pando,Nicolás Suárez,Bella Flor,C4,acces_2035,2050,SERVICES,SPACE_COOLING,0.08741735121933969
Pando,Nicolás Suárez,Bella Flor,C4,acces_2050,2024,SERVICES,SPACE_COOLING,0.03516228228228228
Pando,Nicolás Suárez,Bella Flor,C4,acces_2050,2035,SERVICES,SPACE_COOLING,0.062438042113643635
Pando,Nicolás Suárez,Bella Flor,C4,acces_2050,2050,SERVICES,SPACE_COOLING,0.08741735121933969
Pando,Nicolás Suárez,Bolpebra,C2,acces_2035,2024,SERVICES,SPACE_COOLING,0.00963995995995996
Pando,Nicolás Suárez,Bolpebra,C2,acces_2035,2035,SERVICES,SPACE_COOLING,0.061662168836719364
Pando,Nicolás Suárez,Bolpebra,C2,acces_2035,2050,SERVICES,SPACE_COOLING,0.07440217432220725
Pando,Nicolás Suárez,Bolpebra,C2,acces_2050,2024,SERVICES,SPACE_COOLING,0.00963995995995996
Pando,Nicolás Suárez,Bolpebra,C2,acces_2050,2035,SERVICES,SPACE_COOLING,0.04049630064998846
Pando,Nicolás Suárez,Bolpebra,C2,acces_2050,2050,SERVICES,SPACE_COOLING,0.07440217432220725
Pando,Nicolás Suárez,Cobija,C5,acces_2035,2024,SERVICES,SPACE_COOLING,2.1898930530530527
Pando,Nicolás Suárez,Cobija,C5,acces_2035,2035,SERVICES,SPACE_COOLING,2.800843482408126
Pando,Nicolás Suárez,Cobija,C5,acces_2035,2050,SERVICES,SPACE_COOLING,3.37471560269826
Pando,Nicolás Suárez,Cobija,C5,acces_2050,2024,SERVICES,SPACE_COOLING,2.1898930530530527
Pando,Nicolás Suárez,Cobija,C5,acces_2050,2035,SERVICES,SPACE_COOLING,2.768086272571081
Pando,Nicolás Suárez,Cobija,C5,acces_2050,2050,SERVICES,SPACE_COOLING,3.37471560269826
Pando,Nicolás Suárez,Porvenir,C4,acces_2035,2024,SERVICES,SPACE_COOLING,0.1990137337337337
Pando,Nicolás Suárez,Porvenir,C4,acces_2035,2035,SERVICES,SPACE_COOLING,0.3132867763072751
Pando,Nicolás Suárez,Porvenir,C4,acces_2035,2050,SERVICES,SPACE_COOLING,0.388734324034501
Pando,Nicolás Suárez,Porvenir,C4,acces_2050,2024,SERVICES,SPACE_COOLING,0.1990137337337337
Pando,Nicolás Suárez,Porvenir,C4,acces_2050,2035,SERVICES,SPACE_COOLING,0.2924852478522282
Pando,Nicolás Suárez,Porvenir,C4,acces_2050,2050,SERVICES,SPACE_COOLING,0.388734324034501
Beni,General José Ballivián,Reyes,C1,acces_2035,2024,SERVICES,FOOD_PRESERVATION,0.07964814814814815
Beni,General José Ballivián,Reyes,C1,acces_2035,2035,SERVICES,FOOD_PRESERVATION,0.12354952685211543
Beni,General José Ballivián,Reyes,C1,acces_2035,2050,SERVICES,FOOD_PRESERVATION,0.12819130199294093
Beni,General José Ballivián,Reyes,C1,acces_2050,2024,SERVICES,FOOD_PRESERVATION,0.07964814814814815
Beni,General José Ballivián,Reyes,C1,acces_2050,2035,SERVICES,FOOD_PRESERVATION,0.10601735904351423
Beni,General José Ballivián,Reyes,C1,acces_2050,2050,SERVICES,FOOD_PRESERVATION,0.12819130199294093
Beni,General José Ballivián,Santa Rosa,C1,acces_2035,2024,SERVICES,FOOD_PRESERVATION,0.07153698698698699
Beni,General José Ballivián,Santa Rosa,C1,acces_2035,2035,SERVICES,FOOD_PRESERVATION,0.14024458470085896
Beni,General José Ballivián,Santa Rosa,C1,acces_2035,2050,SERVICES,FOOD_PRESERVATION,0.16713255272095792
Beni,General José Ballivián,Santa Rosa,C1,acces_2050,2024,SERVICES,FOOD_PRESERVATION,0.07153698698698699
Beni,General José Ballivián,Santa Rosa,C1,acces_2050,2035,SERVICES,FOOD_PRESERVATION,0.11109160423774575
Beni,General José Ballivián,Santa Rosa,C1,acces_2050,2050,SERVICES,FOOD_PRESERVATION,0.16713255272095792
Beni,Vaca Diez,Guayaramerín,C3,acces_2035,2024,SERVICES,FOOD_PRESERVATION,0.7272877377377378
Beni,Vaca Diez,Guayaramerín,C3,acces_2035,2035,SERVICES,FOOD_PRESERVATION,0.95047844487607
Beni,Vaca Diez,Guayaramerín,C3,acces_2035,2050,SERVICES,FOOD_PRESERVATION,1.0400193337885528
Beni,Vaca Diez,Guayaramerín,C3,acces_2050,2024,SERVICES,FOOD_PRESERVATION,0.7272877377377378
Beni,Vaca Diez,Guayaramerín,C3,acces_2050,2035,SERVICES,FOOD_PRESERVATION,0.889182508702631
Beni,Vaca Diez,Guayaramerín,C3,acces_2050,2050,SERVICES,FOOD_PRESERVATION,1.0400193337885528
Beni,Vaca Diez,Riberalta,C3,acces_2035,2024,SERVICES,FOOD_PRESERVATION,1.4713134134134132
Beni,Vaca Diez,Riberalta,C3,acces_2035,2035,SERVICES,FOOD_PRESERVATION,2.1018463752257066
Beni,Vaca Diez,Riberalta,C3,acces_2035,2050,SERVICES,FOOD_PRESERVATION,2.473466243190626
Beni,Vaca Diez,Riberalta,C3,acces_2050,2024,SERVICES,FOOD_PRESERVATION,1.4713134134134132
Beni,Vaca Diez,Riberalta,C3,acces_2050,2035,SERVICES,FOOD_PRESERVATION,1.9295201423116823
Beni,Vaca Diez,Riberalta,C3,acces_2050,2050,SERVICES,FOOD_PRESERVATION,2.473466243190626
Beni,Yacuma,Exaltación,C1,acces_2035,2024,SERVICES,FOOD_PRESERVATION,0.006349899899899899
Beni,Yacuma,Exaltación,C1,acces_2035,2035,SERVICES,FOOD_PRESERVATION,0.03824190191130913
Beni,Yacuma,Exaltación,C1,acces_2035,2050,SERVICES,FOOD_PRESERVATION,0.04642628901174484
Beni,Yacuma,Exaltación,C1,acces_2050,2024,SERVICES,FOOD_PRESERVATION,0.006349899899899899
Beni,Yacuma,Exaltación,C1,acces_2050,2035,SERVICES,FOOD_PRESERVATION,0.024237679953777645
Beni,Yacuma,Exaltación,C1,acces_2050,2050,SERVICES,FOOD_PRESERVATION,0.04642628901174484
La Paz,Abel Iturralde,Ixiamas,C1,acces_2035,2024,SERVICES,FOOD_PRESERVATION,0.049758608608608604
La Paz,Abel Iturralde,Ixiamas,C1,acces_2035,2035,SERVICES,FOOD_PRESERVATION,0.13615644213083086
La Paz,Abel Iturralde,Ixiamas,C1,acces_2035,2050,SERVICES,FOOD_PRESERVATION,0.16138729705810856
La Paz,Abel Iturralde,Ixiamas,C1,acces_2050,2024,SERVICES,FOOD_PRESERVATION,0.049758608608608604
La Paz,Abel Iturralde,Ixiamas,C1,acces_2050,2035,SERVICES,FOOD_PRESERVATION,0.09924927987838873
La Paz,Abel Iturralde,Ixiamas,C1,acces_2050,2050,SERVICES,FOOD_PRESERVATION,0.16138729705810856
Pando,Abuná,Ingavi,C4,acces_2035,2024,SERVICES,FOOD_PRESERVATION,0.002457257257257257
Pando,Abuná,Ingavi,C4,acces_2035,2035,SERVICES,FOOD_PRESERVATION,0.017480805944001716
Pando,Abuná,Ingavi,C4,acces_2035,2050,SERVICES,FOOD_PRESERVATION,0.022545024367916312
Pando,Abuná,Ingavi,C4,acces_2050,2024,SERVICES,FOOD_PRESERVATION,0.002457257257257257
Pando,Abuná,Ingavi,C4,acces_2050,2035,SERVICES,FOOD_PRESERVATION,0.009222580945514624
Pando,Abuná,Ingavi,C4,acces_2050,2050,SERVICES,FOOD_PRESERVATION,0.022545024367916312
Pando,Abuná,Santa Rosa,C4,acces_2035,2024,SERVICES,FOOD_PRESERVATION,0.0123518018018018
Pando,Abuná,Santa Rosa,C4,acces_2035,2035,SERVICES,FOOD_PRESERVATION,0.02349856392820218
Pando,Abuná,Santa Rosa,C4,acces_2035,2050,SERVICES,FOOD_PRESERVATION,0.028787976759365088
Pando,Abuná,Santa Rosa,C4,acces_2050,2024,SERVICES,FOOD_PRESERVATION,0.0123518018018018
Pando,Abuná,Santa Rosa,C4,acces_2050,2035,SERVICES,FOOD_PRESERVATION,0.02030178965924547
Pando,Abuná,Santa Rosa,C4,acces_2050,2050,SERVICES,FOOD_PRESERVATION,0.028787976759365088
Pando,Federico Román,Nueva Esperanza,C4,acces_2035,2024,SERVICES,FOOD_PRESERVATION,0.001544294294294294
Pando,Federico Román,Nueva Esperanza,C4,acces_2035,2035,SERVICES,FOOD_PRESERVATION,0.011627256784602002
Pando,Federico Román,Nueva Esperanza,C4,acces_2035,2050,SERVICES,FOOD_PRESERVATION,0.01223536274801895
Pando,Federico Román,Nueva Esperanza,C4,acces_2050,2024,SERVICES,FOOD_PRESERVATION,0.001544294294294294
Pando,Federico Román,Nueva Esperanza,C4,acces_2050,2035,SERVICES,FOOD_PRESERVATION,0.007252584994519656
Pando,Federico Román,Nueva Esperanza,C4,acces_2050,2050,SERVICES,FOOD_PRESERVATION,0.01223536274801895
Pando,Federico Román,Santos Mercado,C4,acces_2035,2024,SERVICES,FOOD_PRESERVATION,0.004088338338338338
Pando,Federico Román,Santos Mercado,C4,acces_2035,2035,SERVICES,FOOD_PRESERVATION,0.015439225134340201
Pando,Federico Román,Santos Mercado,C4,acces_2035,2050,SERVICES,FOOD_PRESERVATION,0.018996885675927423
Pando,Federico Román,Santos Mercado,C4,acces_2050,2024,SERVICES,FOOD_PRESERVATION,0.004088338338338338
Pando,Federico Román,Santos Mercado,C4,acces_2050,2035,SERVICES,FOOD_PRESERVATION,0.010516973680623076
Pando,Federico Román,Santos Mercado,C4,acces_2050,2050,SERVICES,FOOD_PRESERVATION,0.018996885675927423
Pando,Federico Román,Villa Nueva,C4,acces_2035,2024,SERVICES,FOOD_PRESERVATION,0.015705005005005004
Pando,Federico Román,Villa Nueva,C4,acces_2035,2035,SERVICES,FOOD_PRESERVATION,0.045041476871720824
Pando,Federico Román,Villa Nueva,C4,acces_2035,2050,SERVICES,FOOD_PRESERVATION,0.04799358096551121
Pando,Federico Román,Villa Nueva,C4,acces_2050,2024,SERVICES,FOOD_PRESERVATION,0.015705005005005004
Pando,Federico Román,Villa Nueva,C4,acces_2050,2035,SERVICES,FOOD_PRESERVATION,0.03184674377625136
Pando,Federico Román,Villa Nueva,C4,acces_2050,2050,SERVICES,FOOD_PRESERVATION,0.04799358096551121
Pando,Madre de Dios,Puerto Gonzalo Moreno,C3,acces_2035,2024,SERVICES,FOOD_PRESERVATION,0.035147797797797795
Pando,Madre de Dios,Puerto Gonzalo Moreno,C3,acces_2035,2035,SERVICES,FOOD_PRESERVATION,0.06436644103638955
Pando,Madre de Dios,Puerto Gonzalo Moreno,C3,acces_2035,2050,SERVICES,FOOD_PRESERVATION,0.08147958637485414
Pando,Madre de Dios,Puerto Gonzalo Moreno,C3,acces_2050,2024,SERVICES,FOOD_PRESERVATION,0.035147797797797795
Pando,Madre de Dios,Puerto Gonzalo Moreno,C3,acces_2050,2035,SERVICES,FOOD_PRESERVATION,0.0569472208246225
Pando,Madre de Dios,Puerto Gonzalo Moreno,C3,acces_2050,2050,SERVICES,FOOD_PRESERVATION,0.08147958637485414
Pando,Madre de Dios,San Lorenzo,C4,acces_2035,2024,SERVICES,FOOD_PRESERVATION,0.04359844844844844
Pando,Madre de Dios,San Lorenzo,C4,acces_2035,2035,SERVICES,FOOD_PRESERVATION,0.07970870522330127
Pando,Madre de Dios,San Lorenzo,C4,acces_2035,2050,SERVICES,FOOD_PRESERVATION,0.10100427474877664
Pando,Madre de Dios,San Lorenzo,C4,acces_2050,2024,SERVICES,FOOD_PRESERVATION,0.04359844844844844
Pando,Madre de Dios,San Lorenzo,C4,acces_2050,2035,SERVICES,FOOD_PRESERVATION,0.07189757257502657
Pando,Madre de Dios,San Lorenzo,C4,acces_2050,2050,SERVICES,FOOD_PRESERVATION,0.10100427474877664
Pando,Madre de Dios,Sena,C4,acces_2035,2024,SERVICES,FOOD_PRESERVATION,0.09128778778778779
Pando,Madre de Dios,Sena,C4,acces_2035,2035,SERVICES,FOOD_PRESERVATION,0.29966856346948667
Pando,Madre de Dios,Sena,C4,acces_2035,2050,SERVICES,FOOD_PRESERVATION,0.3775150463605969
Pando,Madre de Dios,Sena,C4,acces_2050,2024,SERVICES,FOOD_PRESERVATION,0.09128778778778779
Pando,Madre de Dios,Sena,C4,acces_2050,2035,SERVICES,FOOD_PRESERVATION,0.23394809829342766
Pando,Madre de Dios,Sena,C4,acces_2050,2050,SERVICES,FOOD_PRESERVATION,0.3775150463605969
Pando,Manuripi,Filadelfia,C4,acces_2035,2024,SERVICES,FOOD_PRESERVATION,0.13355295295295294
Pando,Manuripi,Filadelfia,C4,acces_2035,2035,SERVICES,FOOD_PRESERVATION,0.32774999448957903
Pando,Manuripi,Filadelfia,C4,acces_2035,2050,SERVICES,FOOD_PRESERVATION,0.41394641798852216
Pando,Manuripi,Filadelfia,C4,acces_2050,2024,SERVICES,FOOD_PRESERVATION,0.13355295295295294
Pando,Manuripi,Filadelfia,C4,acces_2050,2035,SERVICES,FOOD_PRESERVATION,0.2645259300462226
Pando,Manuripi,Filadelfia,C4,acces_2050,2050,SERVICES,FOOD_PRESERVATION,0.41394641798852216
Pando,Manuripi,Puerto Rico,C4,acces_2035,2024,SERVICES,FOOD_PRESERVATION,0.13681001001001003
Pando,Manuripi,Puerto Rico,C4,acces_2035,2035,SERVICES,FOOD_PRESERVATION,0.25009328323111596
Pando,Manuripi,Puerto Rico,C4,acces_2035,2050,SERVICES,FOOD_PRESERVATION,0.31064680073716694
Pando,Manuripi,Puerto Rico,C4,acces_2050,2024,SERVICES,FOOD_PRESERVATION,0.13681001001001003
Pando,Manuripi,Puerto Rico,C4,acces_2050,2035,SERVICES,FOOD_PRESERVATION,0.2197574049752039
Pando,Manuripi,Puerto Rico,C4,acces_2050,2050,SERVICES,FOOD_PRESERVATION,0.31064680073716694
Pando,Manuripi,San Pedro,C4,acces_2035,2024,SERVICES,FOOD_PRESERVATION,4.339339339339339e-05
Pando,Manuripi,San Pedro,C4,acces_2035,2035,SERVICES,FOOD_PRESERVATION,0.016999562539832567
Pando,Manuripi,San Pedro,C4,acces_2035,2050,SERVICES,FOOD_PRESERVATION,0.021298271992756423
Pando,Manuripi,San Pedro,C4,acces_2050,2024,SERVICES,FOOD_PRESERVATION,4.339339339339339e-05
Pando,Manuripi,San Pedro,C4,acces_2050,2035,SERVICES,FOOD_PRESERVATION,0.007994404117990078
Pando,Manuripi,San Pedro,C4,acces_2050,2050,SERVICES,FOOD_PRESERVATION,0.021298271992756423
Pando,Nicolás Suárez,Bella Flor,C4,acces_2035,2024,SERVICES,FOOD_PRESERVATION,0.025765465465465463
Pando,Nicolás Suárez,Bella Flor,C4,acces_2035,2035,SERVICES,FOOD_PRESERVATION,0.06041229302897168
Pando,Nicolás Suárez,Bella Flor,C4,acces_2035,2050,SERVICES,FOOD_PRESERVATION,0.06405581770382651
Pando,Nicolás Suárez,Bella Flor,C4,acces_2050,2024,SERVICES,FOOD_PRESERVATION,0.025765465465465463
Pando,Nicolás Suárez,Bella Flor,C4,acces_2050,2035,SERVICES,FOOD_PRESERVATION,0.04575201361775611
Pando,Nicolás Suárez,Bella Flor,C4,acces_2050,2050,SERVICES,FOOD_PRESERVATION,0.06405581770382651
Pando,Nicolás Suárez,Bolpebra,C2,acces_2035,2024,SERVICES,FOOD_PRESERVATION,0.007063763763763763
Pando,Nicolás Suárez,Bolpebra,C2,acces_2035,2035,SERVICES,FOOD_PRESERVATION,0.045183485785527125
Pando,Nicolás Suárez,Bolpebra,C2,acces_2035,2050,SERVICES,FOOD_PRESERVATION,0.05451883463265186
Pando,Nicolás Suárez,Bolpebra,C2,acces_2050,2024,SERVICES,FOOD_PRESERVATION,0.007063763763763763
Pando,Nicolás Suárez,Bolpebra,C2,acces_2050,2035,SERVICES,FOOD_PRESERVATION,0.029674013407319125
Pando,Nicolás Suárez,Bolpebra,C2,acces_2050,2050,SERVICES,FOOD_PRESERVATION,0.05451883463265186
Pando,Nicolás Suárez,Cobija,C5,acces_2035,2024,SERVICES,FOOD_PRESERVATION,1.6046630130130128
Pando,Nicolás Suárez,Cobija,C5,acces_2035,2035,SERVICES,FOOD_PRESERVATION,2.0523422069369888
Pando,Nicolás Suárez,Cobija,C5,acces_2035,2050,SERVICES,FOOD_PRESERVATION,2.4728519502530353
Pando,Nicolás Suárez,Cobija,C5,acces_2050,2024,SERVICES,FOOD_PRESERVATION,1.6046630130130128
Pando,Nicolás Suárez,Cobija,C5,acces_2050,2035,SERVICES,FOOD_PRESERVATION,2.0283390790391542
Pando,Nicolás Suárez,Cobija,C5,acces_2050,2050,SERVICES,FOOD_PRESERVATION,2.4728519502530353
Pando,Nicolás Suárez,Porvenir,C4,acces_2035,2024,SERVICES,FOOD_PRESERVATION,0.14582902902902906
Pando,Nicolás Suárez,Porvenir,C4,acces_2035,2035,SERVICES,FOOD_PRESERVATION,0.22956358608722746
Pando,Nicolás Suárez,Porvenir,C4,acces_2035,2050,SERVICES,FOOD_PRESERVATION,0.2848484270942464
Pando,Nicolás Suárez,Porvenir,C4,acces_2050,2024,SERVICES,FOOD_PRESERVATION,0.14582902902902906
Pando,Nicolás Suárez,Porvenir,C4,acces_2050,2035,SERVICES,FOOD_PRESERVATION,0.21432108678827064
Pando,Nicolás Suárez,Porvenir,C4,acces_2050,2050,SERVICES,FOOD_PRESERVATION,0.2848484270942464
Beni,General José Ballivián,Reyes,C1,acces_2035,2024,SERVICES,COOKING,0.03935555555555555
Beni,General José Ballivián,Reyes,C1,acces_2035,2035,SERVICES,COOKING,0.0610480015033982
Beni,General José Ballivián,Reyes,C1,acces_2035,2050,SERVICES,COOKING,0.06334158451415904
Beni,General José Ballivián,Reyes,C1,acces_2050,2024,SERVICES,COOKING,0.03935555555555555
Beni,General José Ballivián,Reyes,C1,acces_2050,2035,SERVICES,COOKING,0.05238504799797172
Beni,General José Ballivián,Reyes,C1,acces_2050,2050,SERVICES,COOKING,0.06334158451415904
Beni,General José Ballivián,Santa Rosa,C1,acces_2035,2024,SERVICES,COOKING,0.03534768768768768
Beni,General José Ballivián,Santa Rosa,C1,acces_2035,2035,SERVICES,COOKING,0.06929732420513031
Beni,General José Ballivián,Santa Rosa,C1,acces_2035,2050,SERVICES,COOKING,0.0825831436974145
Beni,General José Ballivián,Santa Rosa,C1,acces_2050,2024,SERVICES,COOKING,0.03534768768768768
Beni,General José Ballivián,Santa Rosa,C1,acces_2050,2035,SERVICES,COOKING,0.054892322093944956
Beni,General José Ballivián,Santa Rosa,C1,acces_2050,2050,SERVICES,COOKING,0.0825831436974145
Beni,Vaca Diez,Guayaramerín,C3,acces_2035,2024,SERVICES,COOKING,0.3593657057057057
Beni,Vaca Diez,Guayaramerín,C3,acces_2035,2035,SERVICES,COOKING,0.4696481727622934
Beni,Vaca Diez,Guayaramerín,C3,acces_2035,2050,SERVICES,COOKING,0.5138919061072849
Beni,Vaca Diez,Guayaramerín,C3,acces_2050,2024,SERVICES,COOKING,0.3593657057057057
Beni,Vaca Diez,Guayaramerín,C3,acces_2050,2035,SERVICES,COOKING,0.4393607690060059
Beni,Vaca Diez,Guayaramerín,C3,acces_2050,2050,SERVICES,COOKING,0.5138919061072849
Beni,Vaca Diez,Riberalta,C3,acces_2035,2024,SERVICES,COOKING,0.7270019219219217
Beni,Vaca Diez,Riberalta,C3,acces_2035,2035,SERVICES,COOKING,1.0385593854056432
Beni,Vaca Diez,Riberalta,C3,acces_2035,2050,SERVICES,COOKING,1.2221833201647798
Beni,Vaca Diez,Riberalta,C3,acces_2050,2024,SERVICES,COOKING,0.7270019219219217
Beni,Vaca Diez,Riberalta,C3,acces_2050,2035,SERVICES,COOKING,0.9534099526716547
Beni,Vaca Diez,Riberalta,C3,acces_2050,2050,SERVICES,COOKING,1.2221833201647798
Beni,Yacuma,Exaltación,C1,acces_2035,2024,SERVICES,COOKING,0.003137597597597597
Beni,Yacuma,Exaltación,C1,acces_2035,2035,SERVICES,COOKING,0.01889599859147039
Beni,Yacuma,Exaltación,C1,acces_2035,2050,SERVICES,COOKING,0.02294004868815627
Beni,Yacuma,Exaltación,C1,acces_2050,2024,SERVICES,COOKING,0.003137597597597597
Beni,Yacuma,Exaltación,C1,acces_2050,2035,SERVICES,COOKING,0.011976265388925423
Beni,Yacuma,Exaltación,C1,acces_2050,2050,SERVICES,COOKING,0.02294004868815627
La Paz,Abel Iturralde,Ixiamas,C1,acces_2035,2024,SERVICES,COOKING,0.024586606606606602
La Paz,Abel Iturralde,Ixiamas,C1,acces_2035,2035,SERVICES,COOKING,0.06727730081758701
La Paz,Abel Iturralde,Ixiamas,C1,acces_2035,2050,SERVICES,COOKING,0.079744311487536
La Paz,Abel Iturralde,Ixiamas,C1,acces_2050,2024,SERVICES,COOKING,0.024586606606606602
La Paz,Abel Iturralde,Ixiamas,C1,acces_2050,2035,SERVICES,COOKING,0.04904082064579208
La Paz,Abel Iturralde,Ixiamas,C1,acces_2050,2050,SERVICES,COOKING,0.079744311487536
Pando,Abuná,Ingavi,C4,acces_2035,2024,SERVICES,COOKING,0.0012141741741741742
Pando,Abuná,Ingavi,C4,acces_2035,2035,SERVICES,COOKING,0.008637574701742024
Pando,Abuná,Ingavi,C4,acces_2035,2050,SERVICES,COOKING,0.011139894393558648
Pando,Abuná,Ingavi,C4,acces_2050,2024,SERVICES,COOKING,0.0012141741741741742
Pando,Abuná,Ingavi,C4,acces_2050,2035,SERVICES,COOKING,0.004557039996607225
Pando,Abuná,Ingavi,C4,acces_2050,2050,SERVICES,COOKING,0.011139894393558648
Pando,Abuná,Santa Rosa,C4,acces_2035,2024,SERVICES,COOKING,0.006103243243243243
Pando,Abuná,Santa Rosa,C4,acces_2035,2035,SERVICES,COOKING,0.011611055117464604
Pando,Abuná,Santa Rosa,C4,acces_2035,2050,SERVICES,COOKING,0.014224647339921572
Pando,Abuná,Santa Rosa,C4,acces_2050,2024,SERVICES,COOKING,0.006103243243243243
Pando,Abuná,Santa Rosa,C4,acces_2050,2035,SERVICES,COOKING,0.010031472537509528
Pando,Abuná,Santa Rosa,C4,acces_2050,2050,SERVICES,COOKING,0.014224647339921572
Pando,Federico Román,Nueva Esperanza,C4,acces_2035,2024,SERVICES,COOKING,0.0007630630630630629
Pando,Federico Román,Nueva Esperanza,C4,acces_2035,2035,SERVICES,COOKING,0.005745232764156284
Pando,Federico Román,Nueva Esperanza,C4,acces_2035,2050,SERVICES,COOKING,0.006045708651962305
Pando,Federico Román,Nueva Esperanza,C4,acces_2050,2024,SERVICES,COOKING,0.0007630630630630629
Pando,Federico Román,Nueva Esperanza,C4,acces_2050,2035,SERVICES,COOKING,0.003583630232586183
Pando,Federico Román,Nueva Esperanza,C4,acces_2050,2050,SERVICES,COOKING,0.006045708651962305
Pando,Federico Román,Santos Mercado,C4,acces_2035,2024,SERVICES,COOKING,0.00202012012012012
Pando,Federico Román,Santos Mercado,C4,acces_2035,2035,SERVICES,COOKING,0.007628793595791629
Pando,Federico Román,Santos Mercado,C4,acces_2035,2050,SERVICES,COOKING,0.009386696451634724
Pando,Federico Román,Santos Mercado,C4,acces_2050,2024,SERVICES,COOKING,0.00202012012012012
Pando,Federico Román,Santos Mercado,C4,acces_2050,2035,SERVICES,COOKING,0.005196622289249049
Pando,Federico Román,Santos Mercado,C4,acces_2050,2050,SERVICES,COOKING,0.009386696451634724
Pando,Federico Román,Villa Nueva,C4,acces_2035,2024,SERVICES,COOKING,0.00776012012012012
Pando,Federico Román,Villa Nueva,C4,acces_2035,2035,SERVICES,COOKING,0.022255788571909116
Pando,Federico Román,Villa Nueva,C4,acces_2035,2050,SERVICES,COOKING,0.02371447530060554
Pando,Federico Román,Villa Nueva,C4,acces_2050,2024,SERVICES,COOKING,0.00776012012012012
Pando,Federico Román,Villa Nueva,C4,acces_2050,2035,SERVICES,COOKING,0.015736038101206554
Pando,Federico Román,Villa Nueva,C4,acces_2050,2050,SERVICES,COOKING,0.02371447530060554
Pando,Madre de Dios,Puerto Gonzalo Moreno,C3,acces_2035,2024,SERVICES,COOKING,0.017367147147147145
Pando,Madre de Dios,Puerto Gonzalo Moreno,C3,acces_2035,2035,SERVICES,COOKING,0.03180459439445132
Pando,Madre de Dios,Puerto Gonzalo Moreno,C3,acces_2035,2050,SERVICES,COOKING,0.040260501502869105
Pando,Madre de Dios,Puerto Gonzalo Moreno,C3,acces_2050,2024,SERVICES,COOKING,0.017367147147147145
Pando,Madre de Dios,Puerto Gonzalo Moreno,C3,acces_2050,2035,SERVICES,COOKING,0.028138626760401707
Pando,Madre de Dios,Puerto Gonzalo Moreno,C3,acces_2050,2050,SERVICES,COOKING,0.040260501502869105
Pando,Madre de Dios,San Lorenzo,C4,acces_2035,2024,SERVICES,COOKING,0.02154276276276276
Pando,Madre de Dios,San Lorenzo,C4,acces_2035,2035,SERVICES,COOKING,0.03938547787504297
Pando,Madre de Dios,San Lorenzo,C4,acces_2035,2050,SERVICES,COOKING,0.049907994581748445
Pando,Madre de Dios,San Lorenzo,C4,acces_2050,2024,SERVICES,COOKING,0.02154276276276276
Pando,Madre de Dios,San Lorenzo,C4,acces_2050,2035,SERVICES,COOKING,0.03552585939001313
Pando,Madre de Dios,San Lorenzo,C4,acces_2050,2050,SERVICES,COOKING,0.049907994581748445
Pando,Madre de Dios,Sena,C4,acces_2035,2024,SERVICES,COOKING,0.045106906906906906
Pando,Madre de Dios,Sena,C4,acces_2035,2035,SERVICES,COOKING,0.14807152547904048
Pando,Madre de Dios,Sena,C4,acces_2035,2050,SERVICES,COOKING,0.1865368464370008
Pando,Madre de Dios,Sena,C4,acces_2050,2024,SERVICES,COOKING,0.045106906906906906
Pando,Madre de Dios,Sena,C4,acces_2050,2035,SERVICES,COOKING,0.11559788386263485
Pando,Madre de Dios,Sena,C4,acces_2050,2050,SERVICES,COOKING,0.1865368464370008
Pando,Manuripi,Filadelfia,C4,acces_2035,2024,SERVICES,COOKING,0.06599087087087087
Pando,Manuripi,Filadelfia,C4,acces_2035,2035,SERVICES,COOKING,0.16194705610073318
Pando,Manuripi,Filadelfia,C4,acces_2035,2050,SERVICES,COOKING,0.20453823006491684
Pando,Manuripi,Filadelfia,C4,acces_2050,2024,SERVICES,COOKING,0.06599087087087087
Pando,Manuripi,Filadelfia,C4,acces_2050,2035,SERVICES,COOKING,0.13070693014048643
Pando,Manuripi,Filadelfia,C4,acces_2050,2050,SERVICES,COOKING,0.20453823006491684
Pando,Manuripi,Puerto Rico,C4,acces_2035,2024,SERVICES,COOKING,0.06760024024024024
Pando,Manuripi,Puerto Rico,C4,acces_2035,2035,SERVICES,COOKING,0.12357550465537492
Pando,Manuripi,Puerto Rico,C4,acces_2035,2050,SERVICES,COOKING,0.15349606624660012
Pando,Manuripi,Puerto Rico,C4,acces_2050,2024,SERVICES,COOKING,0.06760024024024024
Pando,Manuripi,Puerto Rico,C4,acces_2050,2035,SERVICES,COOKING,0.10858601187010075
Pando,Manuripi,Puerto Rico,C4,acces_2050,2050,SERVICES,COOKING,0.15349606624660012
Pando,Manuripi,San Pedro,C4,acces_2035,2024,SERVICES,COOKING,2.1441441441441442e-05
Pando,Manuripi,San Pedro,C4,acces_2035,2035,SERVICES,COOKING,0.008399783843211387
Pando,Manuripi,San Pedro,C4,acces_2035,2050,SERVICES,COOKING,0.010523852043479644
Pando,Manuripi,San Pedro,C4,acces_2050,2024,SERVICES,COOKING,2.1441441441441442e-05
Pando,Manuripi,San Pedro,C4,acces_2050,2035,SERVICES,COOKING,0.003950176152418627
Pando,Manuripi,San Pedro,C4,acces_2050,2050,SERVICES,COOKING,0.010523852043479644
Pando,Nicolás Suárez,Bella Flor,C4,acces_2035,2024,SERVICES,COOKING,0.012731171171171169
Pando,Nicolás Suárez,Bella Flor,C4,acces_2035,2035,SERVICES,COOKING,0.02985078008490365
Pando,Nicolás Suárez,Bella Flor,C4,acces_2035,2050,SERVICES,COOKING,0.031651109924243685
Pando,Nicolás Suárez,Bella Flor,C4,acces_2050,2024,SERVICES,COOKING,0.012731171171171169
Pando,Nicolás Suárez,Bella Flor,C4,acces_2050,2035,SERVICES,COOKING,0.022606877317008903
Pando,Nicolás Suárez,Bella Flor,C4,acces_2050,2050,SERVICES,COOKING,0.031651109924243685
Pando,Nicolás Suárez,Bolpebra,C2,acces_2035,2024,SERVICES,COOKING,0.0034903303303303298
Pando,Nicolás Suárez,Bolpebra,C2,acces_2035,2035,SERVICES,COOKING,0.022325957682260464
Pando,Nicolás Suárez,Bolpebra,C2,acces_2035,2050,SERVICES,COOKING,0.02693871828907504
Pando,Nicolás Suárez,Bolpebra,C2,acces_2050,2024,SERVICES,COOKING,0.0034903303303303298
Pando,Nicolás Suárez,Bolpebra,C2,acces_2050,2035,SERVICES,COOKING,0.014662453683616508
Pando,Nicolás Suárez,Bolpebra,C2,acces_2050,2050,SERVICES,COOKING,0.02693871828907504
Pando,Nicolás Suárez,Cobija,C5,acces_2035,2024,SERVICES,COOKING,0.7928923123123122
Pando,Nicolás Suárez,Cobija,C5,acces_2035,2035,SERVICES,COOKING,1.014098502251218
Pando,Nicolás Suárez,Cobija,C5,acces_2035,2050,SERVICES,COOKING,1.2218797871838527
Pando,Nicolás Suárez,Cobija,C5,acces_2050,2024,SERVICES,COOKING,0.7928923123123122
Pando,Nicolás Suárez,Cobija,C5,acces_2050,2035,SERVICES,COOKING,1.002238133172288
Pando,Nicolás Suárez,Cobija,C5,acces_2050,2050,SERVICES,COOKING,1.2218797871838527
Pando,Nicolás Suárez,Porvenir,C4,acces_2035,2024,SERVICES,COOKING,0.07205669669669669
Pando,Nicolás Suárez,Porvenir,C4,acces_2035,2035,SERVICES,COOKING,0.1134314190078065
Pando,Nicolás Suárez,Porvenir,C4,acces_2035,2050,SERVICES,COOKING,0.14074863456421588
Pando,Nicolás Suárez,Porvenir,C4,acces_2050,2024,SERVICES,COOKING,0.07205669669669669
Pando,Nicolás Suárez,Porvenir,C4,acces_2050,2035,SERVICES,COOKING,0.10589983111891019
Pando,Nicolás Suárez,Porvenir,C4,acces_2050,2050,SERVICES,COOKING,0.14074863456421588
Beni,General José Ballivián,Reyes,C1,acces_2035,2024,SERVICES,MECHANICAL_ENERGY_COMM,0.025299999999999996
Beni,General José Ballivián,Reyes,C1,acces_2035,2035,SERVICES,MECHANICAL_ENERGY_COMM,0.039245143823613125
Beni,General José Ballivián,Reyes,C1,acces_2035,2050,SERVICES,MECHANICAL_ENERGY_COMM,0.040719590044816525
Beni,General José Ballivián,Reyes,C1,acces_2050,2024,SERVICES,MECHANICAL_ENERGY_COMM,0.025299999999999996
Beni,General José Ballivián,Reyes,C1,acces_2050,2035,SERVICES,MECHANICAL_ENERGY_COMM,0.0336761022844104
Beni,General José Ballivián,Reyes,C1,acces_2050,2050,SERVICES,MECHANICAL_ENERGY_COMM,0.040719590044816525
Beni,General José Ballivián,Santa Rosa,C1,acces_2035,2024,SERVICES,MECHANICAL_ENERGY_COMM,0.022723513513513514
Beni,General José Ballivián,Santa Rosa,C1,acces_2035,2035,SERVICES,MECHANICAL_ENERGY_COMM,0.0445482798461552
Beni,General José Ballivián,Santa Rosa,C1,acces_2035,2050,SERVICES,MECHANICAL_ENERGY_COMM,0.05308916380548075
Beni,General José Ballivián,Santa Rosa,C1,acces_2050,2024,SERVICES,MECHANICAL_ENERGY_COMM,0.022723513513513514
Beni,General José Ballivián,Santa Rosa,C1,acces_2050,2035,SERVICES,MECHANICAL_ENERGY_COMM,0.035287921346107476
Beni,General José Ballivián,Santa Rosa,C1,acces_2050,2050,SERVICES,MECHANICAL_ENERGY_COMM,0.05308916380548075
Beni,Vaca Diez,Guayaramerín,C3,acces_2035,2024,SERVICES,MECHANICAL_ENERGY_COMM,0.23102081081081083
Beni,Vaca Diez,Guayaramerín,C3,acces_2035,2035,SERVICES,MECHANICAL_ENERGY_COMM,0.3019166824900458
Beni,Vaca Diez,Guayaramerín,C3,acces_2035,2050,SERVICES,MECHANICAL_ENERGY_COMM,0.33035908249754026
Beni,Vaca Diez,Guayaramerín,C3,acces_2050,2024,SERVICES,MECHANICAL_ENERGY_COMM,0.23102081081081083
Beni,Vaca Diez,Guayaramerín,C3,acces_2050,2035,SERVICES,MECHANICAL_ENERGY_COMM,0.2824462086467181
Beni,Vaca Diez,Guayaramerín,C3,acces_2050,2050,SERVICES,MECHANICAL_ENERGY_COMM,0.33035908249754026
Beni,Vaca Diez,Riberalta,C3,acces_2035,2024,SERVICES,MECHANICAL_ENERGY_COMM,0.4673583783783783
Beni,Vaca Diez,Riberalta,C3,acces_2035,2035,SERVICES,MECHANICAL_ENERGY_COMM,0.6676453191893421
Beni,Vaca Diez,Riberalta,C3,acces_2035,2050,SERVICES,MECHANICAL_ENERGY_COMM,0.785689277248787
Beni,Vaca Diez,Riberalta,C3,acces_2050,2024,SERVICES,MECHANICAL_ENERGY_COMM,0.4673583783783783
Beni,Vaca Diez,Riberalta,C3,acces_2050,2035,SERVICES,MECHANICAL_ENERGY_COMM,0.6129063981460638
Beni,Vaca Diez,Riberalta,C3,acces_2050,2050,SERVICES,MECHANICAL_ENERGY_COMM,0.785689277248787
Beni,Yacuma,Exaltación,C1,acces_2035,2024,SERVICES,MECHANICAL_ENERGY_COMM,0.002017027027027027
Beni,Yacuma,Exaltación,C1,acces_2035,2035,SERVICES,MECHANICAL_ENERGY_COMM,0.012147427665945251
Beni,Yacuma,Exaltación,C1,acces_2035,2050,SERVICES,MECHANICAL_ENERGY_COMM,0.014747174156671889
Beni,Yacuma,Exaltación,C1,acces_2050,2024,SERVICES,MECHANICAL_ENERGY_COMM,0.002017027027027027
Beni,Yacuma,Exaltación,C1,acces_2050,2035,SERVICES,MECHANICAL_ENERGY_COMM,0.007699027750023486
Beni,Yacuma,Exaltación,C1,acces_2050,2050,SERVICES,MECHANICAL_ENERGY_COMM,0.014747174156671889
La Paz,Abel Iturralde,Ixiamas,C1,acces_2035,2024,SERVICES,MECHANICAL_ENERGY_COMM,0.015805675675675673
La Paz,Abel Iturralde,Ixiamas,C1,acces_2035,2035,SERVICES,MECHANICAL_ENERGY_COMM,0.0432496933827345
La Paz,Abel Iturralde,Ixiamas,C1,acces_2035,2050,SERVICES,MECHANICAL_ENERGY_COMM,0.051264200241987426
La Paz,Abel Iturralde,Ixiamas,C1,acces_2050,2024,SERVICES,MECHANICAL_ENERGY_COMM,0.015805675675675673
La Paz,Abel Iturralde,Ixiamas,C1,acces_2050,2035,SERVICES,MECHANICAL_ENERGY_COMM,0.031526241843723476
La Paz,Abel Iturralde,Ixiamas,C1,acces_2050,2050,SERVICES,MECHANICAL_ENERGY_COMM,0.051264200241987426
Pando,Abuná,Ingavi,C4,acces_2035,2024,SERVICES,MECHANICAL_ENERGY_COMM,0.0007805405405405404
Pando,Abuná,Ingavi,C4,acces_2035,2035,SERVICES,MECHANICAL_ENERGY_COMM,0.005552726593977015
Pando,Abuná,Ingavi,C4,acces_2035,2050,SERVICES,MECHANICAL_ENERGY_COMM,0.007161360681573417
Pando,Abuná,Ingavi,C4,acces_2050,2024,SERVICES,MECHANICAL_ENERGY_COMM,0.0007805405405405404
Pando,Abuná,Ingavi,C4,acces_2050,2035,SERVICES,MECHANICAL_ENERGY_COMM,0.002929525712104645
Pando,Abuná,Ingavi,C4,acces_2050,2050,SERVICES,MECHANICAL_ENERGY_COMM,0.007161360681573417
Pando,Abuná,Santa Rosa,C4,acces_2035,2024,SERVICES,MECHANICAL_ENERGY_COMM,0.003923513513513513
Pando,Abuná,Santa Rosa,C4,acces_2035,2035,SERVICES,MECHANICAL_ENERGY_COMM,0.007464249718370103
Pando,Abuná,Santa Rosa,C4,acces_2035,2050,SERVICES,MECHANICAL_ENERGY_COMM,0.00914441614709244
Pando,Abuná,Santa Rosa,C4,acces_2050,2024,SERVICES,MECHANICAL_ENERGY_COMM,0.003923513513513513
Pando,Abuná,Santa Rosa,C4,acces_2050,2035,SERVICES,MECHANICAL_ENERGY_COMM,0.006448803774113268
Pando,Abuná,Santa Rosa,C4,acces_2050,2050,SERVICES,MECHANICAL_ENERGY_COMM,0.00914441614709244
Pando,Federico Román,Nueva Esperanza,C4,acces_2035,2024,SERVICES,MECHANICAL_ENERGY_COMM,0.0004905405405405404
Pando,Federico Román,Nueva Esperanza,C4,acces_2035,2035,SERVICES,MECHANICAL_ENERGY_COMM,0.0036933639198147537
Pando,Federico Román,Nueva Esperanza,C4,acces_2035,2050,SERVICES,MECHANICAL_ENERGY_COMM,0.003886526990547196
Pando,Federico Román,Nueva Esperanza,C4,acces_2050,2024,SERVICES,MECHANICAL_ENERGY_COMM,0.0004905405405405404
Pando,Federico Román,Nueva Esperanza,C4,acces_2050,2035,SERVICES,MECHANICAL_ENERGY_COMM,0.002303762292376832
Pando,Federico Román,Nueva Esperanza,C4,acces_2050,2050,SERVICES,MECHANICAL_ENERGY_COMM,0.003886526990547196
Pando,Federico Román,Santos Mercado,C4,acces_2035,2024,SERVICES,MECHANICAL_ENERGY_COMM,0.0012986486486486484
Pando,Federico Román,Santos Mercado,C4,acces_2035,2035,SERVICES,MECHANICAL_ENERGY_COMM,0.004904224454437475
Pando,Federico Román,Santos Mercado,C4,acces_2035,2050,SERVICES,MECHANICAL_ENERGY_COMM,0.006034304861765181
Pando,Federico Román,Santos Mercado,C4,acces_2050,2024,SERVICES,MECHANICAL_ENERGY_COMM,0.0012986486486486484
Pando,Federico Román,Santos Mercado,C4,acces_2050,2035,SERVICES,MECHANICAL_ENERGY_COMM,0.003340685757374389
Pando,Federico Román,Santos Mercado,C4,acces_2050,2050,SERVICES,MECHANICAL_ENERGY_COMM,0.006034304861765181
Pando,Federico Román,Villa Nueva,C4,acces_2035,2024,SERVICES,MECHANICAL_ENERGY_COMM,0.004988648648648649
Pando,Federico Román,Villa Nueva,C4,acces_2035,2035,SERVICES,MECHANICAL_ENERGY_COMM,0.014307292653370144
Pando,Federico Román,Villa Nueva,C4,acces_2035,2050,SERVICES,MECHANICAL_ENERGY_COMM,0.01524501983610356
Pando,Federico Román,Villa Nueva,C4,acces_2050,2024,SERVICES,MECHANICAL_ENERGY_COMM,0.004988648648648649
Pando,Federico Román,Villa Nueva,C4,acces_2050,2035,SERVICES,MECHANICAL_ENERGY_COMM,0.010116024493632785
Pando,Federico Román,Villa Nueva,C4,acces_2050,2050,SERVICES,MECHANICAL_ENERGY_COMM,0.01524501983610356
Pando,Madre de Dios,Puerto Gonzalo Moreno,C3,acces_2035,2024,SERVICES,MECHANICAL_ENERGY_COMM,0.011164594594594594
Pando,Madre de Dios,Puerto Gonzalo Moreno,C3,acces_2035,2035,SERVICES,MECHANICAL_ENERGY_COMM,0.02044581068214727
Pando,Madre de Dios,Puerto Gonzalo Moreno,C3,acces_2035,2050,SERVICES,MECHANICAL_ENERGY_COMM,0.025881750966130136
Pando,Madre de Dios,Puerto Gonzalo Moreno,C3,acces_2050,2024,SERVICES,MECHANICAL_ENERGY_COMM,0.011164594594594594
Pando,Madre de Dios,Puerto Gonzalo Moreno,C3,acces_2050,2035,SERVICES,MECHANICAL_ENERGY_COMM,0.01808911720311538
Pando,Madre de Dios,Puerto Gonzalo Moreno,C3,acces_2050,2050,SERVICES,MECHANICAL_ENERGY_COMM,0.025881750966130136
Pando,Madre de Dios,San Lorenzo,C4,acces_2035,2024,SERVICES,MECHANICAL_ENERGY_COMM,0.013848918918918917
Pando,Madre de Dios,San Lorenzo,C4,acces_2035,2035,SERVICES,MECHANICAL_ENERGY_COMM,0.02531923577681334
Pando,Madre de Dios,San Lorenzo,C4,acces_2035,2050,SERVICES,MECHANICAL_ENERGY_COMM,0.032083710802552574
Pando,Madre de Dios,San Lorenzo,C4,acces_2050,2024,SERVICES,MECHANICAL_ENERGY_COMM,0.013848918918918917
Pando,Madre de Dios,San Lorenzo,C4,acces_2050,2035,SERVICES,MECHANICAL_ENERGY_COMM,0.022838052465008443
Pando,Madre de Dios,San Lorenzo,C4,acces_2050,2050,SERVICES,MECHANICAL_ENERGY_COMM,0.032083710802552574
Pando,Madre de Dios,Sena,C4,acces_2035,2024,SERVICES,MECHANICAL_ENERGY_COMM,0.028997297297297296
Pando,Madre de Dios,Sena,C4,acces_2035,2035,SERVICES,MECHANICAL_ENERGY_COMM,0.09518883780795459
Pando,Madre de Dios,Sena,C4,acces_2035,2050,SERVICES,MECHANICAL_ENERGY_COMM,0.11991654413807196
Pando,Madre de Dios,Sena,C4,acces_2050,2024,SERVICES,MECHANICAL_ENERGY_COMM,0.028997297297297296
Pando,Madre de Dios,Sena,C4,acces_2050,2035,SERVICES,MECHANICAL_ENERGY_COMM,0.07431292534026525
Pando,Madre de Dios,Sena,C4,acces_2050,2050,SERVICES,MECHANICAL_ENERGY_COMM,0.11991654413807196
Pando,Manuripi,Filadelfia,C4,acces_2035,2024,SERVICES,MECHANICAL_ENERGY_COMM,0.0424227027027027
Pando,Manuripi,Filadelfia,C4,acces_2035,2035,SERVICES,MECHANICAL_ENERGY_COMM,0.10410882177904275
Pando,Manuripi,Filadelfia,C4,acces_2035,2050,SERVICES,MECHANICAL_ENERGY_COMM,0.1314888621845894
Pando,Manuripi,Filadelfia,C4,acces_2050,2024,SERVICES,MECHANICAL_ENERGY_COMM,0.0424227027027027
Pando,Manuripi,Filadelfia,C4,acces_2050,2035,SERVICES,MECHANICAL_ENERGY_COMM,0.0840258836617413
Pando,Manuripi,Filadelfia,C4,acces_2050,2050,SERVICES,MECHANICAL_ENERGY_COMM,0.1314888621845894
Pando,Manuripi,Puerto Rico,C4,acces_2035,2024,SERVICES,MECHANICAL_ENERGY_COMM,0.0434572972972973
Pando,Manuripi,Puerto Rico,C4,acces_2035,2035,SERVICES,MECHANICAL_ENERGY_COMM,0.07944139584988388
Pando,Manuripi,Puerto Rico,C4,acces_2035,2050,SERVICES,MECHANICAL_ENERGY_COMM,0.09867604258710007
Pando,Manuripi,Puerto Rico,C4,acces_2050,2024,SERVICES,MECHANICAL_ENERGY_COMM,0.0434572972972973
Pando,Manuripi,Puerto Rico,C4,acces_2050,2035,SERVICES,MECHANICAL_ENERGY_COMM,0.06980529334506477
Pando,Manuripi,Puerto Rico,C4,acces_2050,2050,SERVICES,MECHANICAL_ENERGY_COMM,0.09867604258710007
Pando,Manuripi,San Pedro,C4,acces_2035,2024,SERVICES,MECHANICAL_ENERGY_COMM,1.3783783783783783e-05
Pando,Manuripi,San Pedro,C4,acces_2035,2035,SERVICES,MECHANICAL_ENERGY_COMM,0.005399861042064463
Pando,Manuripi,San Pedro,C4,acces_2035,2050,SERVICES,MECHANICAL_ENERGY_COMM,0.006765333456522629
Pando,Manuripi,San Pedro,C4,acces_2050,2024,SERVICES,MECHANICAL_ENERGY_COMM,1.3783783783783783e-05
Pando,Manuripi,San Pedro,C4,acces_2050,2035,SERVICES,MECHANICAL_ENERGY_COMM,0.0025393989551262598
Pando,Manuripi,San Pedro,C4,acces_2050,2050,SERVICES,MECHANICAL_ENERGY_COMM,0.006765333456522629
Pando,Nicolás Suárez,Bella Flor,C4,acces_2035,2024,SERVICES,MECHANICAL_ENERGY_COMM,0.008184324324324324
Pando,Nicolás Suárez,Bella Flor,C4,acces_2035,2035,SERVICES,MECHANICAL_ENERGY_COMM,0.019189787197438062
Pando,Nicolás Suárez,Bella Flor,C4,acces_2035,2050,SERVICES,MECHANICAL_ENERGY_COMM,0.020347142094156653
Pando,Nicolás Suárez,Bella Flor,C4,acces_2050,2024,SERVICES,MECHANICAL_ENERGY_COMM,0.008184324324324324
Pando,Nicolás Suárez,Bella Flor,C4,acces_2050,2035,SERVICES,MECHANICAL_ENERGY_COMM,0.014532992560934294
Pando,Nicolás Suárez,Bella Flor,C4,acces_2050,2050,SERVICES,MECHANICAL_ENERGY_COMM,0.020347142094156653
Pando,Nicolás Suárez,Bolpebra,C2,acces_2035,2024,SERVICES,MECHANICAL_ENERGY_COMM,0.002243783783783783
Pando,Nicolás Suárez,Bolpebra,C2,acces_2035,2035,SERVICES,MECHANICAL_ENERGY_COMM,0.01435240136716744
Pando,Nicolás Suárez,Bolpebra,C2,acces_2035,2050,SERVICES,MECHANICAL_ENERGY_COMM,0.017317747471548236
Pando,Nicolás Suárez,Bolpebra,C2,acces_2050,2024,SERVICES,MECHANICAL_ENERGY_COMM,0.002243783783783783
Pando,Nicolás Suárez,Bolpebra,C2,acces_2050,2035,SERVICES,MECHANICAL_ENERGY_COMM,0.009425863082324898
Pando,Nicolás Suárez,Bolpebra,C2,acces_2050,2050,SERVICES,MECHANICAL_ENERGY_COMM,0.017317747471548236
Pando,Nicolás Suárez,Cobija,C5,acces_2035,2024,SERVICES,MECHANICAL_ENERGY_COMM,0.5097164864864864
Pando,Nicolás Suárez,Cobija,C5,acces_2035,2035,SERVICES,MECHANICAL_ENERGY_COMM,0.6519204657329258
Pando,Nicolás Suárez,Cobija,C5,acces_2035,2050,SERVICES,MECHANICAL_ENERGY_COMM,0.7854941489039052
Pando,Nicolás Suárez,Cobija,C5,acces_2050,2024,SERVICES,MECHANICAL_ENERGY_COMM,0.5097164864864864
Pando,Nicolás Suárez,Cobija,C5,acces_2050,2035,SERVICES,MECHANICAL_ENERGY_COMM,0.6442959427536138
Pando,Nicolás Suárez,Cobija,C5,acces_2050,2050,SERVICES,MECHANICAL_ENERGY_COMM,0.7854941489039052
Pando,Nicolás Suárez,Porvenir,C4,acces_2035,2024,SERVICES,MECHANICAL_ENERGY_COMM,0.04632216216216216
Pando,Nicolás Suárez,Porvenir,C4,acces_2035,2035,SERVICES,MECHANICAL_ENERGY_COMM,0.07292019793358989
Pando,Nicolás Suárez,Porvenir,C4,acces_2035,2050,SERVICES,MECHANICAL_ENERGY_COMM,0.09048126507699591
Pando,Nicolás Suárez,Porvenir,C4,acces_2050,2024,SERVICES,MECHANICAL_ENERGY_COMM,0.04632216216216216
Pando,Nicolás Suárez,Porvenir,C4,acces_2050,2035,SERVICES,MECHANICAL_ENERGY_COMM,0.06807846286215655
Pando,Nicolás Suárez,Porvenir,C4,acces_2050,2050,SERVICES,MECHANICAL_ENERGY_COMM,0.09048126507699591
Beni,General José Ballivián,Reyes,C1,acces_2035,2024,SERVICES,LIGHTING_R_C,0.028111111111111108
Beni,General José Ballivián,Reyes,C1,acces_2035,2035,SERVICES,LIGHTING_R_C,0.04360571535957014
Beni,General José Ballivián,Reyes,C1,acces_2035,2050,SERVICES,LIGHTING_R_C,0.04524398893868503
Beni,General José Ballivián,Reyes,C1,acces_2050,2024,SERVICES,LIGHTING_R_C,0.028111111111111108
Beni,General José Ballivián,Reyes,C1,acces_2050,2035,SERVICES,LIGHTING_R_C,0.03741789142712266
Beni,General José Ballivián,Reyes,C1,acces_2050,2050,SERVICES,LIGHTING_R_C,0.04524398893868503
Beni,General José Ballivián,Santa Rosa,C1,acces_2035,2024,SERVICES,LIGHTING_R_C,0.025248348348348344
Beni,General José Ballivián,Santa Rosa,C1,acces_2035,2035,SERVICES,LIGHTING_R_C,0.049498088717950216
Beni,General José Ballivián,Santa Rosa,C1,acces_2035,2050,SERVICES,LIGHTING_R_C,0.058987959783867505
Beni,General José Ballivián,Santa Rosa,C1,acces_2050,2024,SERVICES,LIGHTING_R_C,0.025248348348348344
Beni,General José Ballivián,Santa Rosa,C1,acces_2050,2035,SERVICES,LIGHTING_R_C,0.03920880149567497
Beni,General José Ballivián,Santa Rosa,C1,acces_2050,2050,SERVICES,LIGHTING_R_C,0.058987959783867505
Beni,Vaca Diez,Guayaramerín,C3,acces_2035,2024,SERVICES,LIGHTING_R_C,0.25668978978978974
Beni,Vaca Diez,Guayaramerín,C3,acces_2035,2035,SERVICES,LIGHTING_R_C,0.3354629805444953
Beni,Vaca Diez,Guayaramerín,C3,acces_2035,2050,SERVICES,LIGHTING_R_C,0.3670656472194892
Beni,Vaca Diez,Guayaramerín,C3,acces_2050,2024,SERVICES,LIGHTING_R_C,0.25668978978978974
Beni,Vaca Diez,Guayaramerín,C3,acces_2050,2035,SERVICES,LIGHTING_R_C,0.31382912071857566
Beni,Vaca Diez,Guayaramerín,C3,acces_2050,2050,SERVICES,LIGHTING_R_C,0.3670656472194892
Beni,Vaca Diez,Riberalta,C3,acces_2035,2024,SERVICES,LIGHTING_R_C,0.519287087087087
Beni,Vaca Diez,Riberalta,C3,acces_2035,2035,SERVICES,LIGHTING_R_C,0.7418281324326023
Beni,Vaca Diez,Riberalta,C3,acces_2035,2050,SERVICES,LIGHTING_R_C,0.8729880858319855
Beni,Vaca Diez,Riberalta,C3,acces_2050,2024,SERVICES,LIGHTING_R_C,0.519287087087087
Beni,Vaca Diez,Riberalta,C3,acces_2050,2035,SERVICES,LIGHTING_R_C,0.6810071090511819
Beni,Vaca Diez,Riberalta,C3,acces_2050,2050,SERVICES,LIGHTING_R_C,0.8729880858319855
Beni,Yacuma,Exaltación,C1,acces_2035,2024,SERVICES,LIGHTING_R_C,0.0022411411411411408
Beni,Yacuma,Exaltación,C1,acces_2035,2035,SERVICES,LIGHTING_R_C,0.013497141851050278
Beni,Yacuma,Exaltación,C1,acces_2035,2050,SERVICES,LIGHTING_R_C,0.016385749062968764
Beni,Yacuma,Exaltación,C1,acces_2050,2024,SERVICES,LIGHTING_R_C,0.0022411411411411408
Beni,Yacuma,Exaltación,C1,acces_2050,2035,SERVICES,LIGHTING_R_C,0.008554475277803873
Beni,Yacuma,Exaltación,C1,acces_2050,2050,SERVICES,LIGHTING_R_C,0.016385749062968764
La Paz,Abel Iturralde,Ixiamas,C1,acces_2035,2024,SERVICES,LIGHTING_R_C,0.017561861861861858
La Paz,Abel Iturralde,Ixiamas,C1,acces_2035,2035,SERVICES,LIGHTING_R_C,0.048055214869705
La Paz,Abel Iturralde,Ixiamas,C1,acces_2035,2050,SERVICES,LIGHTING_R_C,0.05696022249109713
La Paz,Abel Iturralde,Ixiamas,C1,acces_2050,2024,SERVICES,LIGHTING_R_C,0.017561861861861858
La Paz,Abel Iturralde,Ixiamas,C1,acces_2050,2035,SERVICES,LIGHTING_R_C,0.0350291576041372
La Paz,Abel Iturralde,Ixiamas,C1,acces_2050,2050,SERVICES,LIGHTING_R_C,0.05696022249109713
Pando,Abuná,Ingavi,C4,acces_2035,2024,SERVICES,LIGHTING_R_C,0.0008672672672672671
Pando,Abuná,Ingavi,C4,acces_2035,2035,SERVICES,LIGHTING_R_C,0.006169696215530016
Pando,Abuná,Ingavi,C4,acces_2035,2050,SERVICES,LIGHTING_R_C,0.007957067423970463
Pando,Abuná,Ingavi,C4,acces_2050,2024,SERVICES,LIGHTING_R_C,0.0008672672672672671
Pando,Abuná,Ingavi,C4,acces_2050,2035,SERVICES,LIGHTING_R_C,0.0032550285690051612
Pando,Abuná,Ingavi,C4,acces_2050,2050,SERVICES,LIGHTING_R_C,0.007957067423970463
Pando,Abuná,Santa Rosa,C4,acces_2035,2024,SERVICES,LIGHTING_R_C,0.004359459459459458
Pando,Abuná,Santa Rosa,C4,acces_2035,2035,SERVICES,LIGHTING_R_C,0.008293610798189003
Pando,Abuná,Santa Rosa,C4,acces_2035,2050,SERVICES,LIGHTING_R_C,0.010160462385658266
Pando,Abuná,Santa Rosa,C4,acces_2050,2024,SERVICES,LIGHTING_R_C,0.004359459459459458
Pando,Abuná,Santa Rosa,C4,acces_2050,2035,SERVICES,LIGHTING_R_C,0.007165337526792519
Pando,Abuná,Santa Rosa,C4,acces_2050,2050,SERVICES,LIGHTING_R_C,0.010160462385658266
Pando,Federico Román,Nueva Esperanza,C4,acces_2035,2024,SERVICES,LIGHTING_R_C,0.0005450450450450449
Pando,Federico Román,Nueva Esperanza,C4,acces_2035,2035,SERVICES,LIGHTING_R_C,0.00410373768868306
Pando,Federico Román,Nueva Esperanza,C4,acces_2035,2050,SERVICES,LIGHTING_R_C,0.004318363322830218
Pando,Federico Román,Nueva Esperanza,C4,acces_2050,2024,SERVICES,LIGHTING_R_C,0.0005450450450450449
Pando,Federico Román,Nueva Esperanza,C4,acces_2050,2035,SERVICES,LIGHTING_R_C,0.0025597358804187024
Pando,Federico Román,Nueva Esperanza,C4,acces_2050,2050,SERVICES,LIGHTING_R_C,0.004318363322830218
Pando,Federico Román,Santos Mercado,C4,acces_2035,2024,SERVICES,LIGHTING_R_C,0.0014429429429429427
Pando,Federico Román,Santos Mercado,C4,acces_2035,2035,SERVICES,LIGHTING_R_C,0.0054491382827083065
Pando,Federico Román,Santos Mercado,C4,acces_2035,2050,SERVICES,LIGHTING_R_C,0.00670478317973909
Pando,Federico Román,Santos Mercado,C4,acces_2050,2024,SERVICES,LIGHTING_R_C,0.0014429429429429427
Pando,Federico Román,Santos Mercado,C4,acces_2050,2035,SERVICES,LIGHTING_R_C,0.0037118730637493206
Pando,Federico Román,Santos Mercado,C4,acces_2050,2050,SERVICES,LIGHTING_R_C,0.00670478317973909
Pando,Federico Román,Villa Nueva,C4,acces_2035,2024,SERVICES,LIGHTING_R_C,0.005542942942942943
Pando,Federico Román,Villa Nueva,C4,acces_2035,2035,SERVICES,LIGHTING_R_C,0.015896991837077937
Pando,Federico Román,Villa Nueva,C4,acces_2035,2050,SERVICES,LIGHTING_R_C,0.016938910929003955
Pando,Federico Román,Villa Nueva,C4,acces_2050,2024,SERVICES,LIGHTING_R_C,0.005542942942942943
Pando,Federico Román,Villa Nueva,C4,acces_2050,2035,SERVICES,LIGHTING_R_C,0.011240027215147538
Pando,Federico Román,Villa Nueva,C4,acces_2050,2050,SERVICES,LIGHTING_R_C,0.016938910929003955
Pando,Madre de Dios,Puerto Gonzalo Moreno,C3,acces_2035,2024,SERVICES,LIGHTING_R_C,0.012405105105105103
Pando,Madre de Dios,Puerto Gonzalo Moreno,C3,acces_2035,2035,SERVICES,LIGHTING_R_C,0.022717567424608082
Pando,Madre de Dios,Puerto Gonzalo Moreno,C3,acces_2035,2050,SERVICES,LIGHTING_R_C,0.02875750107347793
Pando,Madre de Dios,Puerto Gonzalo Moreno,C3,acces_2050,2024,SERVICES,LIGHTING_R_C,0.012405105105105103
Pando,Madre de Dios,Puerto Gonzalo Moreno,C3,acces_2050,2035,SERVICES,LIGHTING_R_C,0.020099019114572646
Pando,Madre de Dios,Puerto Gonzalo Moreno,C3,acces_2050,2050,SERVICES,LIGHTING_R_C,0.02875750107347793
Pando,Madre de Dios,San Lorenzo,C4,acces_2035,2024,SERVICES,LIGHTING_R_C,0.015387687687687683
Pando,Madre de Dios,San Lorenzo,C4,acces_2035,2035,SERVICES,LIGHTING_R_C,0.028132484196459265
Pando,Madre de Dios,San Lorenzo,C4,acces_2035,2050,SERVICES,LIGHTING_R_C,0.03564856755839175
Pando,Madre de Dios,San Lorenzo,C4,acces_2050,2024,SERVICES,LIGHTING_R_C,0.015387687687687683
Pando,Madre de Dios,San Lorenzo,C4,acces_2050,2035,SERVICES,LIGHTING_R_C,0.025375613850009377
Pando,Madre de Dios,San Lorenzo,C4,acces_2050,2050,SERVICES,LIGHTING_R_C,0.03564856755839175
Pando,Madre de Dios,Sena,C4,acces_2035,2024,SERVICES,LIGHTING_R_C,0.03221921921921922
Pando,Madre de Dios,Sena,C4,acces_2035,2035,SERVICES,LIGHTING_R_C,0.10576537534217177
Pando,Madre de Dios,Sena,C4,acces_2035,2050,SERVICES,LIGHTING_R_C,0.13324060459785772
Pando,Madre de Dios,Sena,C4,acces_2050,2024,SERVICES,LIGHTING_R_C,0.03221921921921922
Pando,Madre de Dios,Sena,C4,acces_2050,2035,SERVICES,LIGHTING_R_C,0.08256991704473918
Pando,Madre de Dios,Sena,C4,acces_2050,2050,SERVICES,LIGHTING_R_C,0.13324060459785772
Pando,Manuripi,Filadelfia,C4,acces_2035,2024,SERVICES,LIGHTING_R_C,0.047136336336336335
Pando,Manuripi,Filadelfia,C4,acces_2035,2035,SERVICES,LIGHTING_R_C,0.11567646864338083
Pando,Manuripi,Filadelfia,C4,acces_2035,2050,SERVICES,LIGHTING_R_C,0.14609873576065488
Pando,Manuripi,Filadelfia,C4,acces_2050,2024,SERVICES,LIGHTING_R_C,0.047136336336336335
Pando,Manuripi,Filadelfia,C4,acces_2050,2035,SERVICES,LIGHTING_R_C,0.09336209295749032
Pando,Manuripi,Filadelfia,C4,acces_2050,2050,SERVICES,LIGHTING_R_C,0.14609873576065488
Pando,Manuripi,Puerto Rico,C4,acces_2035,2024,SERVICES,LIGHTING_R_C,0.04828588588588588
Pando,Manuripi,Puerto Rico,C4,acces_2035,2035,SERVICES,LIGHTING_R_C,0.0882682176109821
Pando,Manuripi,Puerto Rico,C4,acces_2035,2050,SERVICES,LIGHTING_R_C,0.10964004731900008
Pando,Manuripi,Puerto Rico,C4,acces_2050,2024,SERVICES,LIGHTING_R_C,0.04828588588588588
Pando,Manuripi,Puerto Rico,C4,acces_2050,2035,SERVICES,LIGHTING_R_C,0.07756143705007196
Pando,Manuripi,Puerto Rico,C4,acces_2050,2050,SERVICES,LIGHTING_R_C,0.10964004731900008
Pando,Manuripi,San Pedro,C4,acces_2035,2024,SERVICES,LIGHTING_R_C,1.5315315315315313e-05
Pando,Manuripi,San Pedro,C4,acces_2035,2035,SERVICES,LIGHTING_R_C,0.005999845602293846
Pando,Manuripi,San Pedro,C4,acces_2035,2050,SERVICES,LIGHTING_R_C,0.007517037173914031
Pando,Manuripi,San Pedro,C4,acces_2050,2024,SERVICES,LIGHTING_R_C,1.5315315315315313e-05
Pando,Manuripi,San Pedro,C4,acces_2050,2035,SERVICES,LIGHTING_R_C,0.002821554394584733
Pando,Manuripi,San Pedro,C4,acces_2050,2050,SERVICES,LIGHTING_R_C,0.007517037173914031
Pando,Nicolás Suárez,Bella Flor,C4,acces_2035,2024,SERVICES,LIGHTING_R_C,0.009093693693693693
Pando,Nicolás Suárez,Bella Flor,C4,acces_2035,2035,SERVICES,LIGHTING_R_C,0.02132198577493118
Pando,Nicolás Suárez,Bella Flor,C4,acces_2035,2050,SERVICES,LIGHTING_R_C,0.022607935660174057
Pando,Nicolás Suárez,Bella Flor,C4,acces_2050,2024,SERVICES,LIGHTING_R_C,0.009093693693693693
Pando,Nicolás Suárez,Bella Flor,C4,acces_2050,2035,SERVICES,LIGHTING_R_C,0.016147769512149215
Pando,Nicolás Suárez,Bella Flor,C4,acces_2050,2050,SERVICES,LIGHTING_R_C,0.022607935660174057
Pando,Nicolás Suárez,Bolpebra,C2,acces_2035,2024,SERVICES,LIGHTING_R_C,0.0024930930930930927
Pando,Nicolás Suárez,Bolpebra,C2,acces_2035,2035,SERVICES,LIGHTING_R_C,0.01594711263018604
Pando,Nicolás Suárez,Bolpebra,C2,acces_2035,2050,SERVICES,LIGHTING_R_C,0.019241941635053595
Pando,Nicolás Suárez,Bolpebra,C2,acces_2050,2024,SERVICES,LIGHTING_R_C,0.0024930930930930927
Pando,Nicolás Suárez,Bolpebra,C2,acces_2050,2035,SERVICES,LIGHTING_R_C,0.010473181202583219
Pando,Nicolás Suárez,Bolpebra,C2,acces_2050,2050,SERVICES,LIGHTING_R_C,0.019241941635053595
Pando,Nicolás Suárez,Cobija,C5,acces_2035,2024,SERVICES,LIGHTING_R_C,0.5663516516516516
Pando,Nicolás Suárez,Cobija,C5,acces_2035,2035,SERVICES,LIGHTING_R_C,0.7243560730365842
Pando,Nicolás Suárez,Cobija,C5,acces_2035,2050,SERVICES,LIGHTING_R_C,0.8727712765598946
Pando,Nicolás Suárez,Cobija,C5,acces_2050,2024,SERVICES,LIGHTING_R_C,0.5663516516516516
Pando,Nicolás Suárez,Cobija,C5,acces_2050,2035,SERVICES,LIGHTING_R_C,0.7158843808373485
Pando,Nicolás Suárez,Cobija,C5,acces_2050,2050,SERVICES,LIGHTING_R_C,0.8727712765598946
Pando,Nicolás Suárez,Porvenir,C4,acces_2035,2024,SERVICES,LIGHTING_R_C,0.05146906906906906
Pando,Nicolás Suárez,Porvenir,C4,acces_2035,2035,SERVICES,LIGHTING_R_C,0.08102244214843321
Pando,Nicolás Suárez,Porvenir,C4,acces_2035,2050,SERVICES,LIGHTING_R_C,0.1005347389744399
Pando,Nicolás Suárez,Porvenir,C4,acces_2050,2024,SERVICES,LIGHTING_R_C,0.05146906906906906
Pando,Nicolás Suárez,Porvenir,C4,acces_2050,2035,SERVICES,LIGHTING_R_C,0.07564273651350727
Pando,Nicolás Suárez,Porvenir,C4,acces_2050,2050,SERVICES,LIGHTING_R_C,0.1005347389744399
Beni,General José Ballivián,Reyes,C1,acces_2035,2024,SERVICES,HEAT_LOW_T_HW,0.02061481481481481
Beni,General José Ballivián,Reyes,C1,acces_2035,2035,SERVICES,HEAT_LOW_T_HW,0.0319775245970181
Beni,General José Ballivián,Reyes,C1,acces_2035,2050,SERVICES,HEAT_LOW_T_HW,0.03317892522170235
Beni,General José Ballivián,Reyes,C1,acces_2050,2024,SERVICES,HEAT_LOW_T_HW,0.02061481481481481
Beni,General José Ballivián,Reyes,C1,acces_2050,2035,SERVICES,HEAT_LOW_T_HW,0.027439787046556616
Beni,General José Ballivián,Reyes,C1,acces_2050,2050,SERVICES,HEAT_LOW_T_HW,0.03317892522170235
Beni,General José Ballivián,Santa Rosa,C1,acces_2035,2024,SERVICES,HEAT_LOW_T_HW,0.01851545545545545
Beni,General José Ballivián,Santa Rosa,C1,acces_2035,2035,SERVICES,HEAT_LOW_T_HW,0.03629859839316349
Beni,General José Ballivián,Santa Rosa,C1,acces_2035,2050,SERVICES,HEAT_LOW_T_HW,0.04325783717483617
Beni,General José Ballivián,Santa Rosa,C1,acces_2050,2024,SERVICES,HEAT_LOW_T_HW,0.01851545545545545
Beni,General José Ballivián,Santa Rosa,C1,acces_2050,2035,SERVICES,HEAT_LOW_T_HW,0.02875312109682831
Beni,General José Ballivián,Santa Rosa,C1,acces_2050,2050,SERVICES,HEAT_LOW_T_HW,0.04325783717483617
Beni,Vaca Diez,Guayaramerín,C3,acces_2035,2024,SERVICES,HEAT_LOW_T_HW,0.18823917917917915
Beni,Vaca Diez,Guayaramerín,C3,acces_2035,2035,SERVICES,HEAT_LOW_T_HW,0.24600618573262986
Beni,Vaca Diez,Guayaramerín,C3,acces_2035,2050,SERVICES,HEAT_LOW_T_HW,0.2691814746276254
Beni,Vaca Diez,Guayaramerín,C3,acces_2050,2024,SERVICES,HEAT_LOW_T_HW,0.18823917917917915
Beni,Vaca Diez,Guayaramerín,C3,acces_2050,2035,SERVICES,HEAT_LOW_T_HW,0.23014135519362214
Beni,Vaca Diez,Guayaramerín,C3,acces_2050,2050,SERVICES,HEAT_LOW_T_HW,0.2691814746276254
Beni,Vaca Diez,Riberalta,C3,acces_2035,2024,SERVICES,HEAT_LOW_T_HW,0.38081053053053043
Beni,Vaca Diez,Riberalta,C3,acces_2035,2035,SERVICES,HEAT_LOW_T_HW,0.5440072971172416
Beni,Vaca Diez,Riberalta,C3,acces_2035,2050,SERVICES,HEAT_LOW_T_HW,0.640191262943456
Beni,Vaca Diez,Riberalta,C3,acces_2050,2024,SERVICES,HEAT_LOW_T_HW,0.38081053053053043
Beni,Vaca Diez,Riberalta,C3,acces_2050,2035,SERVICES,HEAT_LOW_T_HW,0.49940521330420007
Beni,Vaca Diez,Riberalta,C3,acces_2050,2050,SERVICES,HEAT_LOW_T_HW,0.640191262943456
Beni,Yacuma,Exaltación,C1,acces_2035,2024,SERVICES,HEAT_LOW_T_HW,0.0016435035035035031
Beni,Yacuma,Exaltación,C1,acces_2035,2035,SERVICES,HEAT_LOW_T_HW,0.009897904024103538
Beni,Yacuma,Exaltación,C1,acces_2035,2050,SERVICES,HEAT_LOW_T_HW,0.012016215979510428
Beni,Yacuma,Exaltación,C1,acces_2050,2024,SERVICES,HEAT_LOW_T_HW,0.0016435035035035031
Beni,Yacuma,Exaltación,C1,acces_2050,2035,SERVICES,HEAT_LOW_T_HW,0.006273281870389507
Beni,Yacuma,Exaltación,C1,acces_2050,2050,SERVICES,HEAT_LOW_T_HW,0.012016215979510428
La Paz,Abel Iturralde,Ixiamas,C1,acces_2035,2024,SERVICES,HEAT_LOW_T_HW,0.012878698698698695
La Paz,Abel Iturralde,Ixiamas,C1,acces_2035,2035,SERVICES,HEAT_LOW_T_HW,0.03524049090445033
La Paz,Abel Iturralde,Ixiamas,C1,acces_2035,2050,SERVICES,HEAT_LOW_T_HW,0.041770829826804565
La Paz,Abel Iturralde,Ixiamas,C1,acces_2050,2024,SERVICES,HEAT_LOW_T_HW,0.012878698698698695
La Paz,Abel Iturralde,Ixiamas,C1,acces_2050,2035,SERVICES,HEAT_LOW_T_HW,0.02568804890970061
La Paz,Abel Iturralde,Ixiamas,C1,acces_2050,2050,SERVICES,HEAT_LOW_T_HW,0.041770829826804565
Pando,Abuná,Ingavi,C4,acces_2035,2024,SERVICES,HEAT_LOW_T_HW,0.0006359959959959958
Pando,Abuná,Ingavi,C4,acces_2035,2035,SERVICES,HEAT_LOW_T_HW,0.0045244438913886785
Pando,Abuná,Ingavi,C4,acces_2035,2050,SERVICES,HEAT_LOW_T_HW,0.005835182777578339
Pando,Abuná,Ingavi,C4,acces_2050,2024,SERVICES,HEAT_LOW_T_HW,0.0006359959959959958
Pando,Abuná,Ingavi,C4,acces_2050,2035,SERVICES,HEAT_LOW_T_HW,0.0023870209506037846
Pando,Abuná,Ingavi,C4,acces_2050,2050,SERVICES,HEAT_LOW_T_HW,0.005835182777578339
Pando,Abuná,Santa Rosa,C4,acces_2035,2024,SERVICES,HEAT_LOW_T_HW,0.003196936936936936
Pando,Abuná,Santa Rosa,C4,acces_2035,2035,SERVICES,HEAT_LOW_T_HW,0.006081981252005269
Pando,Abuná,Santa Rosa,C4,acces_2035,2050,SERVICES,HEAT_LOW_T_HW,0.007451005749482728
Pando,Abuná,Santa Rosa,C4,acces_2050,2024,SERVICES,HEAT_LOW_T_HW,0.003196936936936936
Pando,Abuná,Santa Rosa,C4,acces_2050,2035,SERVICES,HEAT_LOW_T_HW,0.0052545808529811805
Pando,Abuná,Santa Rosa,C4,acces_2050,2050,SERVICES,HEAT_LOW_T_HW,0.007451005749482728
Pando,Federico Román,Nueva Esperanza,C4,acces_2035,2024,SERVICES,HEAT_LOW_T_HW,0.0003996996996996996
Pando,Federico Román,Nueva Esperanza,C4,acces_2035,2035,SERVICES,HEAT_LOW_T_HW,0.003009407638367577
Pando,Federico Román,Nueva Esperanza,C4,acces_2035,2050,SERVICES,HEAT_LOW_T_HW,0.003166799770075493
Pando,Federico Román,Nueva Esperanza,C4,acces_2050,2024,SERVICES,HEAT_LOW_T_HW,0.0003996996996996996
Pando,Federico Román,Nueva Esperanza,C4,acces_2050,2035,SERVICES,HEAT_LOW_T_HW,0.0018771396456403815
Pando,Federico Román,Nueva Esperanza,C4,acces_2050,2050,SERVICES,HEAT_LOW_T_HW,0.003166799770075493
Pando,Federico Román,Santos Mercado,C4,acces_2035,2024,SERVICES,HEAT_LOW_T_HW,0.0010581581581581578
Pando,Federico Román,Santos Mercado,C4,acces_2035,2035,SERVICES,HEAT_LOW_T_HW,0.003996034740652758
Pando,Federico Román,Santos Mercado,C4,acces_2035,2050,SERVICES,HEAT_LOW_T_HW,0.004916840998475332
Pando,Federico Román,Santos Mercado,C4,acces_2050,2024,SERVICES,HEAT_LOW_T_HW,0.0010581581581581578
Pando,Federico Román,Santos Mercado,C4,acces_2050,2035,SERVICES,HEAT_LOW_T_HW,0.0027220402467495017
Pando,Federico Román,Santos Mercado,C4,acces_2050,2050,SERVICES,HEAT_LOW_T_HW,0.004916840998475332
Pando,Federico Román,Villa Nueva,C4,acces_2035,2024,SERVICES,HEAT_LOW_T_HW,0.004064824824824825
Pando,Federico Román,Villa Nueva,C4,acces_2035,2035,SERVICES,HEAT_LOW_T_HW,0.011657794013857154
Pando,Federico Román,Villa Nueva,C4,acces_2035,2050,SERVICES,HEAT_LOW_T_HW,0.0124218680146029
Pando,Federico Román,Villa Nueva,C4,acces_2050,2024,SERVICES,HEAT_LOW_T_HW,0.004064824824824825
Pando,Federico Román,Villa Nueva,C4,acces_2050,2035,SERVICES,HEAT_LOW_T_HW,0.008242686624441529
Pando,Federico Román,Villa Nueva,C4,acces_2050,2050,SERVICES,HEAT_LOW_T_HW,0.0124218680146029
Pando,Madre de Dios,Puerto Gonzalo Moreno,C3,acces_2035,2024,SERVICES,HEAT_LOW_T_HW,0.009097077077077074
Pando,Madre de Dios,Puerto Gonzalo Moreno,C3,acces_2035,2035,SERVICES,HEAT_LOW_T_HW,0.016659549444712592
Pando,Madre de Dios,Puerto Gonzalo Moreno,C3,acces_2035,2050,SERVICES,HEAT_LOW_T_HW,0.02108883412055048
Pando,Madre de Dios,Puerto Gonzalo Moreno,C3,acces_2050,2024,SERVICES,HEAT_LOW_T_HW,0.009097077077077074
Pando,Madre de Dios,Puerto Gonzalo Moreno,C3,acces_2050,2035,SERVICES,HEAT_LOW_T_HW,0.01473928068401994
Pando,Madre de Dios,Puerto Gonzalo Moreno,C3,acces_2050,2050,SERVICES,HEAT_LOW_T_HW,0.02108883412055048
Pando,Madre de Dios,San Lorenzo,C4,acces_2035,2024,SERVICES,HEAT_LOW_T_HW,0.0112843043043043
Pando,Madre de Dios,San Lorenzo,C4,acces_2035,2035,SERVICES,HEAT_LOW_T_HW,0.020630488410736794
Pando,Madre de Dios,San Lorenzo,C4,acces_2035,2050,SERVICES,HEAT_LOW_T_HW,0.02614228287615395
Pando,Madre de Dios,San Lorenzo,C4,acces_2050,2024,SERVICES,HEAT_LOW_T_HW,0.0112843043043043
Pando,Madre de Dios,San Lorenzo,C4,acces_2050,2035,SERVICES,HEAT_LOW_T_HW,0.018608783490006876
Pando,Madre de Dios,San Lorenzo,C4,acces_2050,2050,SERVICES,HEAT_LOW_T_HW,0.02614228287615395
Pando,Madre de Dios,Sena,C4,acces_2035,2024,SERVICES,HEAT_LOW_T_HW,0.023627427427427423
Pando,Madre de Dios,Sena,C4,acces_2035,2035,SERVICES,HEAT_LOW_T_HW,0.07756127525092596
Pando,Madre de Dios,Sena,C4,acces_2035,2050,SERVICES,HEAT_LOW_T_HW,0.09770977670509566
Pando,Madre de Dios,Sena,C4,acces_2050,2024,SERVICES,HEAT_LOW_T_HW,0.023627427427427423
Pando,Madre de Dios,Sena,C4,acces_2050,2035,SERVICES,HEAT_LOW_T_HW,0.06055127249947539
Pando,Madre de Dios,Sena,C4,acces_2050,2050,SERVICES,HEAT_LOW_T_HW,0.09770977670509566
Pando,Manuripi,Filadelfia,C4,acces_2035,2024,SERVICES,HEAT_LOW_T_HW,0.034566646646646645
Pando,Manuripi,Filadelfia,C4,acces_2035,2035,SERVICES,HEAT_LOW_T_HW,0.08482941033847928
Pando,Manuripi,Filadelfia,C4,acces_2035,2050,SERVICES,HEAT_LOW_T_HW,0.10713907289114691
Pando,Manuripi,Filadelfia,C4,acces_2050,2024,SERVICES,HEAT_LOW_T_HW,0.034566646646646645
Pando,Manuripi,Filadelfia,C4,acces_2050,2035,SERVICES,HEAT_LOW_T_HW,0.06846553483549289
Pando,Manuripi,Filadelfia,C4,acces_2050,2050,SERVICES,HEAT_LOW_T_HW,0.10713907289114691
Pando,Manuripi,Puerto Rico,C4,acces_2035,2024,SERVICES,HEAT_LOW_T_HW,0.03540964964964964
Pando,Manuripi,Puerto Rico,C4,acces_2035,2035,SERVICES,HEAT_LOW_T_HW,0.06473002624805353
Pando,Manuripi,Puerto Rico,C4,acces_2035,2050,SERVICES,HEAT_LOW_T_HW,0.08040270136726671
Pando,Manuripi,Puerto Rico,C4,acces_2050,2024,SERVICES,HEAT_LOW_T_HW,0.03540964964964964
Pando,Manuripi,Puerto Rico,C4,acces_2050,2035,SERVICES,HEAT_LOW_T_HW,0.056878387170052766
Pando,Manuripi,Puerto Rico,C4,acces_2050,2050,SERVICES,HEAT_LOW_T_HW,0.08040270136726671
Pando,Manuripi,San Pedro,C4,acces_2035,2024,SERVICES,HEAT_LOW_T_HW,1.123123123123123e-05
Pando,Manuripi,San Pedro,C4,acces_2035,2035,SERVICES,HEAT_LOW_T_HW,0.004399886775015488
Pando,Manuripi,San Pedro,C4,acces_2035,2050,SERVICES,HEAT_LOW_T_HW,0.0055124939275369555
Pando,Manuripi,San Pedro,C4,acces_2050,2024,SERVICES,HEAT_LOW_T_HW,1.123123123123123e-05
Pando,Manuripi,San Pedro,C4,acces_2050,2035,SERVICES,HEAT_LOW_T_HW,0.0020691398893621375
Pando,Manuripi,San Pedro,C4,acces_2050,2050,SERVICES,HEAT_LOW_T_HW,0.0055124939275369555
Pando,Nicolás Suárez,Bella Flor,C4,acces_2035,2024,SERVICES,HEAT_LOW_T_HW,0.006668708708708707
Pando,Nicolás Suárez,Bella Flor,C4,acces_2035,2035,SERVICES,HEAT_LOW_T_HW,0.015636122901616197
Pando,Nicolás Suárez,Bella Flor,C4,acces_2035,2050,SERVICES,HEAT_LOW_T_HW,0.016579152817460977
Pando,Nicolás Suárez,Bella Flor,C4,acces_2050,2024,SERVICES,HEAT_LOW_T_HW,0.006668708708708707
Pando,Nicolás Suárez,Bella Flor,C4,acces_2050,2035,SERVICES,HEAT_LOW_T_HW,0.011841697642242757
Pando,Nicolás Suárez,Bella Flor,C4,acces_2050,2050,SERVICES,HEAT_LOW_T_HW,0.016579152817460977
Pando,Nicolás Suárez,Bolpebra,C2,acces_2035,2024,SERVICES,HEAT_LOW_T_HW,0.001828268268268268
Pando,Nicolás Suárez,Bolpebra,C2,acces_2035,2035,SERVICES,HEAT_LOW_T_HW,0.011694549262136431
Pando,Nicolás Suárez,Bolpebra,C2,acces_2035,2050,SERVICES,HEAT_LOW_T_HW,0.014110757199039304
Pando,Nicolás Suárez,Bolpebra,C2,acces_2050,2024,SERVICES,HEAT_LOW_T_HW,0.001828268268268268
Pando,Nicolás Suárez,Bolpebra,C2,acces_2050,2035,SERVICES,HEAT_LOW_T_HW,0.007680332881894361
Pando,Nicolás Suárez,Bolpebra,C2,acces_2050,2050,SERVICES,HEAT_LOW_T_HW,0.014110757199039304
Pando,Nicolás Suárez,Cobija,C5,acces_2035,2024,SERVICES,HEAT_LOW_T_HW,0.4153245445445444
Pando,Nicolás Suárez,Cobija,C5,acces_2035,2035,SERVICES,HEAT_LOW_T_HW,0.5311944535601617
Pando,Nicolás Suárez,Cobija,C5,acces_2035,2050,SERVICES,HEAT_LOW_T_HW,0.640032269477256
Pando,Nicolás Suárez,Cobija,C5,acces_2050,2024,SERVICES,HEAT_LOW_T_HW,0.4153245445445444
Pando,Nicolás Suárez,Cobija,C5,acces_2050,2035,SERVICES,HEAT_LOW_T_HW,0.5249818792807222
Pando,Nicolás Suárez,Cobija,C5,acces_2050,2050,SERVICES,HEAT_LOW_T_HW,0.640032269477256
Pando,Nicolás Suárez,Porvenir,C4,acces_2035,2024,SERVICES,HEAT_LOW_T_HW,0.03774398398398398
Pando,Nicolás Suárez,Porvenir,C4,acces_2035,2035,SERVICES,HEAT_LOW_T_HW,0.05941645757551768
Pando,Nicolás Suárez,Porvenir,C4,acces_2035,2050,SERVICES,HEAT_LOW_T_HW,0.07372547524792258
Pando,Nicolás Suárez,Porvenir,C4,acces_2050,2024,SERVICES,HEAT_LOW_T_HW,0.03774398398398398
Pando,Nicolás Suárez,Porvenir,C4,acces_2050,2035,SERVICES,HEAT_LOW_T_HW,0.055471340109905336
Pando,Nicolás Suárez,Porvenir,C4,acces_2050,2050,SERVICES,HEAT_LOW_T_HW,0.07372547524792258
Beni,General José Ballivián,Reyes,C1,acces_2035,2024,INDUSTRY,MECHANICAL_ENERGY_IND,0.225074
Beni,General José Ballivián,Reyes,C1,acces_2035,2035,INDUSTRY,MECHANICAL_ENERGY_IND,0.225074
Beni,General José Ballivián,Reyes,C1,acces_2035,2050,INDUSTRY,MECHANICAL_ENERGY_IND,0.225074
Beni,General José Ballivián,Reyes,C1,acces_2050,2024,INDUSTRY,MECHANICAL_ENERGY_IND,0.225074
Beni,General José Ballivián,Reyes,C1,acces_2050,2035,INDUSTRY,MECHANICAL_ENERGY_IND,0.225074
Beni,General José Ballivián,Reyes,C1,acces_2050,2050,INDUSTRY,MECHANICAL_ENERGY_IND,0.225074
Beni,General José Ballivián,Santa Rosa,C1,acces_2035,2024,INDUSTRY,MECHANICAL_ENERGY_IND,0.34826999999999997
Beni,General José Ballivián,Santa Rosa,C1,acces_2035,2035,INDUSTRY,MECHANICAL_ENERGY_IND,0.34826999999999997
Beni,General José Ballivián,Santa Rosa,C1,acces_2035,2050,INDUSTRY,MECHANICAL_ENERGY_IND,0.34826999999999997
Beni,General José Ballivián,Santa Rosa,C1,acces_2050,2024,INDUSTRY,MECHANICAL_ENERGY_IND,0.34826999999999997
Beni,General José Ballivián,Santa Rosa,C1,acces_2050,2035,INDUSTRY,MECHANICAL_ENERGY_IND,0.34826999999999997
Beni,General José Ballivián,Santa Rosa,C1,acces_2050,2050,INDUSTRY,MECHANICAL_ENERGY_IND,0.34826999999999997
Beni,Vaca Diez,Guayaramerín,C3,acces_2035,2024,INDUSTRY,MECHANICAL_ENERGY_IND,2.1175024999999996
Beni,Vaca Diez,Guayaramerín,C3,acces_2035,2035,INDUSTRY,MECHANICAL_ENERGY_IND,2.1175024999999996
Beni,Vaca Diez,Guayaramerín,C3,acces_2035,2050,INDUSTRY,MECHANICAL_ENERGY_IND,2.1175024999999996
Beni,Vaca Diez,Guayaramerín,C3,acces_2050,2024,INDUSTRY,MECHANICAL_ENERGY_IND,2.1175024999999996
Beni,Vaca Diez,Guayaramerín,C3,acces_2050,2035,INDUSTRY,MECHANICAL_ENERGY_IND,2.1175024999999996
Beni,Vaca Diez,Guayaramerín,C3,acces_2050,2050,INDUSTRY,MECHANICAL_ENERGY_IND,2.1175024999999996
Beni,Vaca Diez,Riberalta,C3,acces_2035,2024,INDUSTRY,MECHANICAL_ENERGY_IND,4.9354495
Beni,Vaca Diez,Riberalta,C3,acces_2035,2035,INDUSTRY,MECHANICAL_ENERGY_IND,4.9354495
Beni,Vaca Diez,Riberalta,C3,acces_2035,2050,INDUSTRY,MECHANICAL_ENERGY_IND,4.9354495
Beni,Vaca Diez,Riberalta,C3,acces_2050,2024,INDUSTRY,MECHANICAL_ENERGY_IND,4.9354495
Beni,Vaca Diez,Riberalta,C3,acces_2050,2035,INDUSTRY,MECHANICAL_ENERGY_IND,4.9354495
Beni,Vaca Diez,Riberalta,C3,acces_2050,2050,INDUSTRY,MECHANICAL_ENERGY_IND,4.9354495
Beni,Yacuma,Exaltación,C1,acces_2035,2024,INDUSTRY,MECHANICAL_ENERGY_IND,0.0001425
Beni,Yacuma,Exaltación,C1,acces_2035,2035,INDUSTRY,MECHANICAL_ENERGY_IND,0.0001425
Beni,Yacuma,Exaltación,C1,acces_2035,2050,INDUSTRY,MECHANICAL_ENERGY_IND,0.0001425
Beni,Yacuma,Exaltación,C1,acces_2050,2024,INDUSTRY,MECHANICAL_ENERGY_IND,0.0001425
Beni,Yacuma,Exaltación,C1,acces_2050,2035,INDUSTRY,MECHANICAL_ENERGY_IND,0.0001425
Beni,Yacuma,Exaltación,C1,acces_2050,2050,INDUSTRY,MECHANICAL_ENERGY_IND,0.0001425
La Paz,Abel Iturralde,Ixiamas,C1,acces_2035,2024,INDUSTRY,MECHANICAL_ENERGY_IND,0.1406095
La Paz,Abel Iturralde,Ixiamas,C1,acces_2035,2035,INDUSTRY,MECHANICAL_ENERGY_IND,0.1406095
La Paz,Abel Iturralde,Ixiamas,C1,acces_2035,2050,INDUSTRY,MECHANICAL_ENERGY_IND,0.1406095
La Paz,Abel Iturralde,Ixiamas,C1,acces_2050,2024,INDUSTRY,MECHANICAL_ENERGY_IND,0.1406095
La Paz,Abel Iturralde,Ixiamas,C1,acces_2050,2035,INDUSTRY,MECHANICAL_ENERGY_IND,0.1406095
La Paz,Abel Iturralde,Ixiamas,C1,acces_2050,2050,INDUSTRY,MECHANICAL_ENERGY_IND,0.1406095
Pando,Abuná,Ingavi,C4,acces_2035,2024,INDUSTRY,MECHANICAL_ENERGY_IND,5.6999999999999996e-05
Pando,Abuná,Ingavi,C4,acces_2035,2035,INDUSTRY,MECHANICAL_ENERGY_IND,5.6999999999999996e-05
Pando,Abuná,Ingavi,C4,acces_2035,2050,INDUSTRY,MECHANICAL_ENERGY_IND,5.6999999999999996e-05
Pando,Abuná,Ingavi,C4,acces_2050,2024,INDUSTRY,MECHANICAL_ENERGY_IND,5.6999999999999996e-05
Pando,Abuná,Ingavi,C4,acces_2050,2035,INDUSTRY,MECHANICAL_ENERGY_IND,5.6999999999999996e-05
Pando,Abuná,Ingavi,C4,acces_2050,2050,INDUSTRY,MECHANICAL_ENERGY_IND,5.6999999999999996e-05
Pando,Abuná,Santa Rosa,C4,acces_2035,2024,INDUSTRY,MECHANICAL_ENERGY_IND,0.0002755
Pando,Abuná,Santa Rosa,C4,acces_2035,2035,INDUSTRY,MECHANICAL_ENERGY_IND,0.0002755
Pando,Abuná,Santa Rosa,C4,acces_2035,2050,INDUSTRY,MECHANICAL_ENERGY_IND,0.0002755
Pando,Abuná,Santa Rosa,C4,acces_2050,2024,INDUSTRY,MECHANICAL_ENERGY_IND,0.0002755
Pando,Abuná,Santa Rosa,C4,acces_2050,2035,INDUSTRY,MECHANICAL_ENERGY_IND,0.0002755
Pando,Abuná,Santa Rosa,C4,acces_2050,2050,INDUSTRY,MECHANICAL_ENERGY_IND,0.0002755
Pando,Federico Román,Nueva Esperanza,C4,acces_2035,2024,INDUSTRY,MECHANICAL_ENERGY_IND,3.8e-05
Pando,Federico Román,Nueva Esperanza,C4,acces_2035,2035,INDUSTRY,MECHANICAL_ENERGY_IND,3.8e-05
Pando,Federico Román,Nueva Esperanza,C4,acces_2035,2050,INDUSTRY,MECHANICAL_ENERGY_IND,3.8e-05
Pando,Federico Román,Nueva Esperanza,C4,acces_2050,2024,INDUSTRY,MECHANICAL_ENERGY_IND,3.8e-05
Pando,Federico Román,Nueva Esperanza,C4,acces_2050,2035,INDUSTRY,MECHANICAL_ENERGY_IND,3.8e-05
Pando,Federico Román,Nueva Esperanza,C4,acces_2050,2050,INDUSTRY,MECHANICAL_ENERGY_IND,3.8e-05
Pando,Federico Román,Santos Mercado,C4,acces_2035,2024,INDUSTRY,MECHANICAL_ENERGY_IND,9.5e-05
Pando,Federico Román,Santos Mercado,C4,acces_2035,2035,INDUSTRY,MECHANICAL_ENERGY_IND,9.5e-05
Pando,Federico Román,Santos Mercado,C4,acces_2035,2050,INDUSTRY,MECHANICAL_ENERGY_IND,9.5e-05
Pando,Federico Román,Santos Mercado,C4,acces_2050,2024,INDUSTRY,MECHANICAL_ENERGY_IND,9.5e-05
Pando,Federico Román,Santos Mercado,C4,acces_2050,2035,INDUSTRY,MECHANICAL_ENERGY_IND,9.5e-05
Pando,Federico Román,Santos Mercado,C4,acces_2050,2050,INDUSTRY,MECHANICAL_ENERGY_IND,9.5e-05
Pando,Federico Román,Villa Nueva,C4,acces_2035,2024,INDUSTRY,MECHANICAL_ENERGY_IND,0.037696
Pando,Federico Román,Villa Nueva,C4,acces_2035,2035,INDUSTRY,MECHANICAL_ENERGY_IND,0.037696
Pando,Federico Román,Villa Nueva,C4,acces_2035,2050,INDUSTRY,MECHANICAL_ENERGY_IND,0.037696
Pando,Federico Román,Villa Nueva,C4,acces_2050,2024,INDUSTRY,MECHANICAL_ENERGY_IND,0.037696
Pando,Federico Román,Villa Nueva,C4,acces_2050,2035,INDUSTRY,MECHANICAL_ENERGY_IND,0.037696
Pando,Federico Román,Villa Nueva,C4,acces_2050,2050,INDUSTRY,MECHANICAL_ENERGY_IND,0.037696
Pando,Madre de Dios,Puerto Gonzalo Moreno,C3,acces_2035,2024,INDUSTRY,MECHANICAL_ENERGY_IND,0.0
Pando,Madre de Dios,Puerto Gonzalo Moreno,C3,acces_2035,2035,INDUSTRY,MECHANICAL_ENERGY_IND,0.0
Pando,Madre de Dios,Puerto Gonzalo Moreno,C3,acces_2035,2050,INDUSTRY,MECHANICAL_ENERGY_IND,0.0
Pando,Madre de Dios,Puerto Gonzalo Moreno,C3,acces_2050,2024,INDUSTRY,MECHANICAL_ENERGY_IND,0.0
Pando,Madre de Dios,Puerto Gonzalo Moreno,C3,acces_2050,2035,INDUSTRY,MECHANICAL_ENERGY_IND,0.0
Pando,Madre de Dios,Puerto Gonzalo Moreno,C3,acces_2050,2050,INDUSTRY,MECHANICAL_ENERGY_IND,0.0
Pando,Madre de Dios,San Lorenzo,C4,acces_2035,2024,INDUSTRY,MECHANICAL_ENERGY_IND,0.12320549999999998
Pando,Madre de Dios,San Lorenzo,C4,acces_2035,2035,INDUSTRY,MECHANICAL_ENERGY_IND,0.12320549999999998
Pando,Madre de Dios,San Lorenzo,C4,acces_2035,2050,INDUSTRY,MECHANICAL_ENERGY_IND,0.12320549999999998
Pando,Madre de Dios,San Lorenzo,C4,acces_2050,2024,INDUSTRY,MECHANICAL_ENERGY_IND,0.12320549999999998
Pando,Madre de Dios,San Lorenzo,C4,acces_2050,2035,INDUSTRY,MECHANICAL_ENERGY_IND,0.12320549999999998
Pando,Madre de Dios,San Lorenzo,C4,acces_2050,2050,INDUSTRY,MECHANICAL_ENERGY_IND,0.12320549999999998
Pando,Madre de Dios,Sena,C4,acces_2035,2024,INDUSTRY,MECHANICAL_ENERGY_IND,0.3399195
Pando,Madre de Dios,Sena,C4,acces_2035,2035,INDUSTRY,MECHANICAL_ENERGY_IND,0.3399195
Pando,Madre de Dios,Sena,C4,acces_2035,2050,INDUSTRY,MECHANICAL_ENERGY_IND,0.3399195
Pando,Madre de Dios,Sena,C4,acces_2050,2024,INDUSTRY,MECHANICAL_ENERGY_IND,0.3399195
Pando,Madre de Dios,Sena,C4,acces_2050,2035,INDUSTRY,MECHANICAL_ENERGY_IND,0.3399195
Pando,Madre de Dios,Sena,C4,acces_2050,2050,INDUSTRY,MECHANICAL_ENERGY_IND,0.3399195
Pando,Manuripi,Filadelfia,C4,acces_2035,2024,INDUSTRY,MECHANICAL_ENERGY_IND,0.30529199999999995
Pando,Manuripi,Filadelfia,C4,acces_2035,2035,INDUSTRY,MECHANICAL_ENERGY_IND,0.30529199999999995
Pando,Manuripi,Filadelfia,C4,acces_2035,2050,INDUSTRY,MECHANICAL_ENERGY_IND,0.30529199999999995
Pando,Manuripi,Filadelfia,C4,acces_2050,2024,INDUSTRY,MECHANICAL_ENERGY_IND,0.30529199999999995
Pando,Manuripi,Filadelfia,C4,acces_2050,2035,INDUSTRY,MECHANICAL_ENERGY_IND,0.30529199999999995
Pando,Manuripi,Filadelfia,C4,acces_2050,2050,INDUSTRY,MECHANICAL_ENERGY_IND,0.30529199999999995
Pando,Manuripi,Puerto Rico,C4,acces_2035,2024,INDUSTRY,MECHANICAL_ENERGY_IND,0.3127305
Pando,Manuripi,Puerto Rico,C4,acces_2035,2035,INDUSTRY,MECHANICAL_ENERGY_IND,0.3127305
Pando,Manuripi,Puerto Rico,C4,acces_2035,2050,INDUSTRY,MECHANICAL_ENERGY_IND,0.3127305
Pando,Manuripi,Puerto Rico,C4,acces_2050,2024,INDUSTRY,MECHANICAL_ENERGY_IND,0.3127305
Pando,Manuripi,Puerto Rico,C4,acces_2050,2035,INDUSTRY,MECHANICAL_ENERGY_IND,0.3127305
Pando,Manuripi,Puerto Rico,C4,acces_2050,2050,INDUSTRY,MECHANICAL_ENERGY_IND,0.3127305
Pando,Manuripi,San Pedro,C4,acces_2035,2024,INDUSTRY,MECHANICAL_ENERGY_IND,0.0
Pando,Manuripi,San Pedro,C4,acces_2035,2035,INDUSTRY,MECHANICAL_ENERGY_IND,0.0
Pando,Manuripi,San Pedro,C4,acces_2035,2050,INDUSTRY,MECHANICAL_ENERGY_IND,0.0
Pando,Manuripi,San Pedro,C4,acces_2050,2024,INDUSTRY,MECHANICAL_ENERGY_IND,0.0
Pando,Manuripi,San Pedro,C4,acces_2050,2035,INDUSTRY,MECHANICAL_ENERGY_IND,0.0
Pando,Manuripi,San Pedro,C4,acces_2050,2050,INDUSTRY,MECHANICAL_ENERGY_IND,0.0
Pando,Nicolás Suárez,Bella Flor,C4,acces_2035,2024,INDUSTRY,MECHANICAL_ENERGY_IND,0.0589
Pando,Nicolás Suárez,Bella Flor,C4,acces_2035,2035,INDUSTRY,MECHANICAL_ENERGY_IND,0.0589
Pando,Nicolás Suárez,Bella Flor,C4,acces_2035,2050,INDUSTRY,MECHANICAL_ENERGY_IND,0.0589
Pando,Nicolás Suárez,Bella Flor,C4,acces_2050,2024,INDUSTRY,MECHANICAL_ENERGY_IND,0.0589
Pando,Nicolás Suárez,Bella Flor,C4,acces_2050,2035,INDUSTRY,MECHANICAL_ENERGY_IND,0.0589
Pando,Nicolás Suárez,Bella Flor,C4,acces_2050,2050,INDUSTRY,MECHANICAL_ENERGY_IND,0.0589
Pando,Nicolás Suárez,Bolpebra,C2,acces_2035,2024,INDUSTRY,MECHANICAL_ENERGY_IND,0.016149999999999998
Pando,Nicolás Suárez,Bolpebra,C2,acces_2035,2035,INDUSTRY,MECHANICAL_ENERGY_IND,0.016149999999999998
Pando,Nicolás Suárez,Bolpebra,C2,acces_2035,2050,INDUSTRY,MECHANICAL_ENERGY_IND,0.016149999999999998
Pando,Nicolás Suárez,Bolpebra,C2,acces_2050,2024,INDUSTRY,MECHANICAL_ENERGY_IND,0.016149999999999998
Pando,Nicolás Suárez,Bolpebra,C2,acces_2050,2035,INDUSTRY,MECHANICAL_ENERGY_IND,0.016149999999999998
Pando,Nicolás Suárez,Bolpebra,C2,acces_2050,2050,INDUSTRY,MECHANICAL_ENERGY_IND,0.016149999999999998
Pando,Nicolás Suárez,Cobija,C5,acces_2035,2024,INDUSTRY,MECHANICAL_ENERGY_IND,3.6681115
Pando,Nicolás Suárez,Cobija,C5,acces_2035,2035,INDUSTRY,MECHANICAL_ENERGY_IND,3.6681115
Pando,Nicolás Suárez,Cobija,C5,acces_2035,2050,INDUSTRY,MECHANICAL_ENERGY_IND,3.6681115
Pando,Nicolás Suárez,Cobija,C5,acces_2050,2024,INDUSTRY,MECHANICAL_ENERGY_IND,3.6681115
Pando,Nicolás Suárez,Cobija,C5,acces_2050,2035,INDUSTRY,MECHANICAL_ENERGY_IND,3.6681115
Pando,Nicolás Suárez,Cobija,C5,acces_2050,2050,INDUSTRY,MECHANICAL_ENERGY_IND,3.6681115
Pando,Nicolás Suárez,Porvenir,C4,acces_2035,2024,INDUSTRY,MECHANICAL_ENERGY_IND,0.33335499999999996
Pando,Nicolás Suárez,Porvenir,C4,acces_2035,2035,INDUSTRY,MECHANICAL_ENERGY_IND,0.33335499999999996
Pando,Nicolás Suárez,Porvenir,C4,acces_2035,2050,INDUSTRY,MECHANICAL_ENERGY_IND,0.33335499999999996
Pando,Nicolás Suárez,Porvenir,C4,acces_2050,2024,INDUSTRY,MECHANICAL_ENERGY_IND,0.33335499999999996
Pando,Nicolás Suárez,Porvenir,C4,acces_2050,2035,INDUSTRY,MECHANICAL_ENERGY_IND,0.33335499999999996
Pando,Nicolás Suárez,Porvenir,C4,acces_2050,2050,INDUSTRY,MECHANICAL_ENERGY_IND,0.33335499999999996
Beni,General José Ballivián,Reyes,C1,acces_2035,2024,INDUSTRY,LIGHTING_R_C,0.011846
Beni,General José Ballivián,Reyes,C1,acces_2035,2035,INDUSTRY,LIGHTING_R_C,0.011846
Beni,General José Ballivián,Reyes,C1,acces_2035,2050,INDUSTRY,LIGHTING_R_C,0.011846
Beni,General José Ballivián,Reyes,C1,acces_2050,2024,INDUSTRY,LIGHTING_R_C,0.011846
Beni,General José Ballivián,Reyes,C1,acces_2050,2035,INDUSTRY,LIGHTING_R_C,0.011846
Beni,General José Ballivián,Reyes,C1,acces_2050,2050,INDUSTRY,LIGHTING_R_C,0.011846
Beni,General José Ballivián,Santa Rosa,C1,acces_2035,2024,INDUSTRY,LIGHTING_R_C,0.018330000000000003
Beni,General José Ballivián,Santa Rosa,C1,acces_2035,2035,INDUSTRY,LIGHTING_R_C,0.018330000000000003
Beni,General José Ballivián,Santa Rosa,C1,acces_2035,2050,INDUSTRY,LIGHTING_R_C,0.018330000000000003
Beni,General José Ballivián,Santa Rosa,C1,acces_2050,2024,INDUSTRY,LIGHTING_R_C,0.018330000000000003
Beni,General José Ballivián,Santa Rosa,C1,acces_2050,2035,INDUSTRY,LIGHTING_R_C,0.018330000000000003
Beni,General José Ballivián,Santa Rosa,C1,acces_2050,2050,INDUSTRY,LIGHTING_R_C,0.018330000000000003
Beni,Vaca Diez,Guayaramerín,C3,acces_2035,2024,INDUSTRY,LIGHTING_R_C,0.11144749999999999
Beni,Vaca Diez,Guayaramerín,C3,acces_2035,2035,INDUSTRY,LIGHTING_R_C,0.11144749999999999
Beni,Vaca Diez,Guayaramerín,C3,acces_2035,2050,INDUSTRY,LIGHTING_R_C,0.11144749999999999
Beni,Vaca Diez,Guayaramerín,C3,acces_2050,2024,INDUSTRY,LIGHTING_R_C,0.11144749999999999
Beni,Vaca Diez,Guayaramerín,C3,acces_2050,2035,INDUSTRY,LIGHTING_R_C,0.11144749999999999
Beni,Vaca Diez,Guayaramerín,C3,acces_2050,2050,INDUSTRY,LIGHTING_R_C,0.11144749999999999
Beni,Vaca Diez,Riberalta,C3,acces_2035,2024,INDUSTRY,LIGHTING_R_C,0.25976050000000006
Beni,Vaca Diez,Riberalta,C3,acces_2035,2035,INDUSTRY,LIGHTING_R_C,0.25976050000000006
Beni,Vaca Diez,Riberalta,C3,acces_2035,2050,INDUSTRY,LIGHTING_R_C,0.25976050000000006
Beni,Vaca Diez,Riberalta,C3,acces_2050,2024,INDUSTRY,LIGHTING_R_C,0.25976050000000006
Beni,Vaca Diez,Riberalta,C3,acces_2050,2035,INDUSTRY,LIGHTING_R_C,0.25976050000000006
Beni,Vaca Diez,Riberalta,C3,acces_2050,2050,INDUSTRY,LIGHTING_R_C,0.25976050000000006
Beni,Yacuma,Exaltación,C1,acces_2035,2024,INDUSTRY,LIGHTING_R_C,7.499999999999999e-06
Beni,Yacuma,Exaltación,C1,acces_2035,2035,INDUSTRY,LIGHTING_R_C,7.499999999999999e-06
Beni,Yacuma,Exaltación,C1,acces_2035,2050,INDUSTRY,LIGHTING_R_C,7.499999999999999e-06
Beni,Yacuma,Exaltación,C1,acces_2050,2024,INDUSTRY,LIGHTING_R_C,7.499999999999999e-06
Beni,Yacuma,Exaltación,C1,acces_2050,2035,INDUSTRY,LIGHTING_R_C,7.499999999999999e-06
Beni,Yacuma,Exaltación,C1,acces_2050,2050,INDUSTRY,LIGHTING_R_C,7.499999999999999e-06
La Paz,Abel Iturralde,Ixiamas,C1,acces_2035,2024,INDUSTRY,LIGHTING_R_C,0.0074005
La Paz,Abel Iturralde,Ixiamas,C1,acces_2035,2035,INDUSTRY,LIGHTING_R_C,0.0074005
La Paz,Abel Iturralde,Ixiamas,C1,acces_2035,2050,INDUSTRY,LIGHTING_R_C,0.0074005
La Paz,Abel Iturralde,Ixiamas,C1,acces_2050,2024,INDUSTRY,LIGHTING_R_C,0.0074005
La Paz,Abel Iturralde,Ixiamas,C1,acces_2050,2035,INDUSTRY,LIGHTING_R_C,0.0074005
La Paz,Abel Iturralde,Ixiamas,C1,acces_2050,2050,INDUSTRY,LIGHTING_R_C,0.0074005
Pando,Abuná,Ingavi,C4,acces_2035,2024,INDUSTRY,LIGHTING_R_C,3e-06
Pando,Abuná,Ingavi,C4,acces_2035,2035,INDUSTRY,LIGHTING_R_C,3e-06
Pando,Abuná,Ingavi,C4,acces_2035,2050,INDUSTRY,LIGHTING_R_C,3e-06
Pando,Abuná,Ingavi,C4,acces_2050,2024,INDUSTRY,LIGHTING_R_C,3e-06
Pando,Abuná,Ingavi,C4,acces_2050,2035,INDUSTRY,LIGHTING_R_C,3e-06
Pando,Abuná,Ingavi,C4,acces_2050,2050,INDUSTRY,LIGHTING_R_C,3e-06
Pando,Abuná,Santa Rosa,C4,acces_2035,2024,INDUSTRY,LIGHTING_R_C,1.4499999999999998e-05
Pando,Abuná,Santa Rosa,C4,acces_2035,2035,INDUSTRY,LIGHTING_R_C,1.4499999999999998e-05
Pando,Abuná,Santa Rosa,C4,acces_2035,2050,INDUSTRY,LIGHTING_R_C,1.4499999999999998e-05
Pando,Abuná,Santa Rosa,C4,acces_2050,2024,INDUSTRY,LIGHTING_R_C,1.4499999999999998e-05
Pando,Abuná,Santa Rosa,C4,acces_2050,2035,INDUSTRY,LIGHTING_R_C,1.4499999999999998e-05
Pando,Abuná,Santa Rosa,C4,acces_2050,2050,INDUSTRY,LIGHTING_R_C,1.4499999999999998e-05
Pando,Federico Román,Nueva Esperanza,C4,acces_2035,2024,INDUSTRY,LIGHTING_R_C,2e-06
Pando,Federico Román,Nueva Esperanza,C4,acces_2035,2035,INDUSTRY,LIGHTING_R_C,2e-06
Pando,Federico Román,Nueva Esperanza,C4,acces_2035,2050,INDUSTRY,LIGHTING_R_C,2e-06
Pando,Federico Román,Nueva Esperanza,C4,acces_2050,2024,INDUSTRY,LIGHTING_R_C,2e-06
Pando,Federico Román,Nueva Esperanza,C4,acces_2050,2035,INDUSTRY,LIGHTING_R_C,2e-06
Pando,Federico Román,Nueva Esperanza,C4,acces_2050,2050,INDUSTRY,LIGHTING_R_C,2e-06
Pando,Federico Román,Santos Mercado,C4,acces_2035,2024,INDUSTRY,LIGHTING_R_C,5.000000000000001e-06
Pando,Federico Román,Santos Mercado,C4,acces_2035,2035,INDUSTRY,LIGHTING_R_C,5.000000000000001e-06
Pando,Federico Román,Santos Mercado,C4,acces_2035,2050,INDUSTRY,LIGHTING_R_C,5.000000000000001e-06
Pando,Federico Román,Santos Mercado,C4,acces_2050,2024,INDUSTRY,LIGHTING_R_C,5.000000000000001e-06
Pando,Federico Román,Santos Mercado,C4,acces_2050,2035,INDUSTRY,LIGHTING_R_C,5.000000000000001e-06
Pando,Federico Román,Santos Mercado,C4,acces_2050,2050,INDUSTRY,LIGHTING_R_C,5.000000000000001e-06
Pando,Federico Román,Villa Nueva,C4,acces_2035,2024,INDUSTRY,LIGHTING_R_C,0.001984
Pando,Federico Román,Villa Nueva,C4,acces_2035,2035,INDUSTRY,LIGHTING_R_C,0.001984
Pando,Federico Román,Villa Nueva,C4,acces_2035,2050,INDUSTRY,LIGHTING_R_C,0.001984
Pando,Federico Román,Villa Nueva,C4,acces_2050,2024,INDUSTRY,LIGHTING_R_C,0.001984
Pando,Federico Román,Villa Nueva,C4,acces_2050,2035,INDUSTRY,LIGHTING_R_C,0.001984
Pando,Federico Román,Villa Nueva,C4,acces_2050,2050,INDUSTRY,LIGHTING_R_C,0.001984
Pando,Madre de Dios,Puerto Gonzalo Moreno,C3,acces_2035,2024,INDUSTRY,LIGHTING_R_C,0.0
Pando,Madre de Dios,Puerto Gonzalo Moreno,C3,acces_2035,2035,INDUSTRY,LIGHTING_R_C,0.0
Pando,Madre de Dios,Puerto Gonzalo Moreno,C3,acces_2035,2050,INDUSTRY,LIGHTING_R_C,0.0
Pando,Madre de Dios,Puerto Gonzalo Moreno,C3,acces_2050,2024,INDUSTRY,LIGHTING_R_C,0.0
Pando,Madre de Dios,Puerto Gonzalo Moreno,C3,acces_2050,2035,INDUSTRY,LIGHTING_R_C,0.0
Pando,Madre de Dios,Puerto Gonzalo Moreno,C3,acces_2050,2050,INDUSTRY,LIGHTING_R_C,0.0
Pando,Madre de Dios,San Lorenzo,C4,acces_2035,2024,INDUSTRY,LIGHTING_R_C,0.006484500000000001
Pando,Madre de Dios,San Lorenzo,C4,acces_2035,2035,INDUSTRY,LIGHTING_R_C,0.006484500000000001
Pando,Madre de Dios,San Lorenzo,C4,acces_2035,2050,INDUSTRY,LIGHTING_R_C,0.006484500000000001
Pando,Madre de Dios,San Lorenzo,C4,acces_2050,2024,INDUSTRY,LIGHTING_R_C,0.006484500000000001
Pando,Madre de Dios,San Lorenzo,C4,acces_2050,2035,INDUSTRY,LIGHTING_R_C,0.006484500000000001
Pando,Madre de Dios,San Lorenzo,C4,acces_2050,2050,INDUSTRY,LIGHTING_R_C,0.006484500000000001
Pando,Madre de Dios,Sena,C4,acces_2035,2024,INDUSTRY,LIGHTING_R_C,0.0178905
Pando,Madre de Dios,Sena,C4,acces_2035,2035,INDUSTRY,LIGHTING_R_C,0.0178905
Pando,Madre de Dios,Sena,C4,acces_2035,2050,INDUSTRY,LIGHTING_R_C,0.0178905
Pando,Madre de Dios,Sena,C4,acces_2050,2024,INDUSTRY,LIGHTING_R_C,0.0178905
Pando,Madre de Dios,Sena,C4,acces_2050,2035,INDUSTRY,LIGHTING_R_C,0.0178905
Pando,Madre de Dios,Sena,C4,acces_2050,2050,INDUSTRY,LIGHTING_R_C,0.0178905
Pando,Manuripi,Filadelfia,C4,acces_2035,2024,INDUSTRY,LIGHTING_R_C,0.016068000000000002
Pando,Manuripi,Filadelfia,C4,acces_2035,2035,INDUSTRY,LIGHTING_R_C,0.016068000000000002
Pando,Manuripi,Filadelfia,C4,acces_2035,2050,INDUSTRY,LIGHTING_R_C,0.016068000000000002
Pando,Manuripi,Filadelfia,C4,acces_2050,2024,INDUSTRY,LIGHTING_R_C,0.016068000000000002
Pando,Manuripi,Filadelfia,C4,acces_2050,2035,INDUSTRY,LIGHTING_R_C,0.016068000000000002
Pando,Manuripi,Filadelfia,C4,acces_2050,2050,INDUSTRY,LIGHTING_R_C,0.016068000000000002
Pando,Manuripi,Puerto Rico,C4,acces_2035,2024,INDUSTRY,LIGHTING_R_C,0.016459500000000002
Pando,Manuripi,Puerto Rico,C4,acces_2035,2035,INDUSTRY,LIGHTING_R_C,0.016459500000000002
Pando,Manuripi,Puerto Rico,C4,acces_2035,2050,INDUSTRY,LIGHTING_R_C,0.016459500000000002
Pando,Manuripi,Puerto Rico,C4,acces_2050,2024,INDUSTRY,LIGHTING_R_C,0.016459500000000002
Pando,Manuripi,Puerto Rico,C4,acces_2050,2035,INDUSTRY,LIGHTING_R_C,0.016459500000000002
Pando,Manuripi,Puerto Rico,C4,acces_2050,2050,INDUSTRY,LIGHTING_R_C,0.016459500000000002
Pando,Manuripi,San Pedro,C4,acces_2035,2024,INDUSTRY,LIGHTING_R_C,0.0
Pando,Manuripi,San Pedro,C4,acces_2035,2035,INDUSTRY,LIGHTING_R_C,0.0
Pando,Manuripi,San Pedro,C4,acces_2035,2050,INDUSTRY,LIGHTING_R_C,0.0
Pando,Manuripi,San Pedro,C4,acces_2050,2024,INDUSTRY,LIGHTING_R_C,0.0
Pando,Manuripi,San Pedro,C4,acces_2050,2035,INDUSTRY,LIGHTING_R_C,0.0
Pando,Manuripi,San Pedro,C4,acces_2050,2050,INDUSTRY,LIGHTING_R_C,0.0
Pando,Nicolás Suárez,Bella Flor,C4,acces_2035,2024,INDUSTRY,LIGHTING_R_C,0.0031
Pando,Nicolás Suárez,Bella Flor,C4,acces_2035,2035,INDUSTRY,LIGHTING_R_C,0.0031
Pando,Nicolás Suárez,Bella Flor,C4,acces_2035,2050,INDUSTRY,LIGHTING_R_C,0.0031
Pando,Nicolás Suárez,Bella Flor,C4,acces_2050,2024,INDUSTRY,LIGHTING_R_C,0.0031
Pando,Nicolás Suárez,Bella Flor,C4,acces_2050,2035,INDUSTRY,LIGHTING_R_C,0.0031
Pando,Nicolás Suárez,Bella Flor,C4,acces_2050,2050,INDUSTRY,LIGHTING_R_C,0.0031
Pando,Nicolás Suárez,Bolpebra,C2,acces_2035,2024,INDUSTRY,LIGHTING_R_C,0.0008500000000000001
Pando,Nicolás Suárez,Bolpebra,C2,acces_2035,2035,INDUSTRY,LIGHTING_R_C,0.0008500000000000001
Pando,Nicolás Suárez,Bolpebra,C2,acces_2035,2050,INDUSTRY,LIGHTING_R_C,0.0008500000000000001
Pando,Nicolás Suárez,Bolpebra,C2,acces_2050,2024,INDUSTRY,LIGHTING_R_C,0.0008500000000000001
Pando,Nicolás Suárez,Bolpebra,C2,acces_2050,2035,INDUSTRY,LIGHTING_R_C,0.0008500000000000001
Pando,Nicolás Suárez,Bolpebra,C2,acces_2050,2050,INDUSTRY,LIGHTING_R_C,0.0008500000000000001
Pando,Nicolás Suárez,Cobija,C5,acces_2035,2024,INDUSTRY,LIGHTING_R_C,0.19305850000000002
Pando,Nicolás Suárez,Cobija,C5,acces_2035,2035,INDUSTRY,LIGHTING_R_C,0.19305850000000002
Pando,Nicolás Suárez,Cobija,C5,acces_2035,2050,INDUSTRY,LIGHTING_R_C,0.19305850000000002
Pando,Nicolás Suárez,Cobija,C5,acces_2050,2024,INDUSTRY,LIGHTING_R_C,0.19305850000000002
Pando,Nicolás Suárez,Cobija,C5,acces_2050,2035,INDUSTRY,LIGHTING_R_C,0.19305850000000002
Pando,Nicolás Suárez,Cobija,C5,acces_2050,2050,INDUSTRY,LIGHTING_R_C,0.19305850000000002
Pando,Nicolás Suárez,Porvenir,C4,acces_2035,2024,INDUSTRY,LIGHTING_R_C,0.017544999999999998
Pando,Nicolás Suárez,Porvenir,C4,acces_2035,2035,INDUSTRY,LIGHTING_R_C,0.017544999999999998
Pando,Nicolás Suárez,Porvenir,C4,acces_2035,2050,INDUSTRY,LIGHTING_R_C,0.017544999999999998
Pando,Nicolás Suárez,Porvenir,C4,acces_2050,2024,INDUSTRY,LIGHTING_R_C,0.017544999999999998
Pando,Nicolás Suárez,Porvenir,C4,acces_2050,2035,INDUSTRY,LIGHTING_R_C,0.017544999999999998
Pando,Nicolás Suárez,Porvenir,C4,acces_2050,2050,INDUSTRY,LIGHTING_R_C,0.017544999999999998
Beni,General José Ballivián,Reyes,C1,acces_2035,2024,PUBLIC_LIGHTING,LIGHTING_P,0.47405
Beni,General José Ballivián,Reyes,C1,acces_2035,2035,PUBLIC_LIGHTING,LIGHTING_P,0.7353423094697157
Beni,General José Ballivián,Reyes,C1,acces_2035,2050,PUBLIC_LIGHTING,LIGHTING_P,0.7629692356025801
Beni,General José Ballivián,Reyes,C1,acces_2050,2024,PUBLIC_LIGHTING,LIGHTING_P,0.47405
Beni,General José Ballivián,Reyes,C1,acces_2050,2035,PUBLIC_LIGHTING,LIGHTING_P,0.6309943196808201
Beni,General José Ballivián,Reyes,C1,acces_2050,2050,PUBLIC_LIGHTING,LIGHTING_P,0.7629692356025801
Beni,General José Ballivián,Santa Rosa,C1,acces_2035,2024,PUBLIC_LIGHTING,LIGHTING_P,0.22477
Beni,General José Ballivián,Santa Rosa,C1,acces_2035,2035,PUBLIC_LIGHTING,LIGHTING_P,0.4406500277813805
Beni,General José Ballivián,Santa Rosa,C1,acces_2035,2050,PUBLIC_LIGHTING,LIGHTING_P,0.5251323190606738
Beni,General José Ballivián,Santa Rosa,C1,acces_2050,2024,PUBLIC_LIGHTING,LIGHTING_P,0.22477
Beni,General José Ballivián,Santa Rosa,C1,acces_2050,2035,PUBLIC_LIGHTING,LIGHTING_P,0.34905104249163194
Beni,General José Ballivián,Santa Rosa,C1,acces_2050,2050,PUBLIC_LIGHTING,LIGHTING_P,0.5251323190606738
Beni,Vaca Diez,Guayaramerín,C3,acces_2035,2024,PUBLIC_LIGHTING,LIGHTING_P,1.24308
Beni,Vaca Diez,Guayaramerín,C3,acces_2035,2035,PUBLIC_LIGHTING,LIGHTING_P,1.6245574948530277
Beni,Vaca Diez,Guayaramerín,C3,acces_2035,2050,PUBLIC_LIGHTING,LIGHTING_P,1.7776007573938661
Beni,Vaca Diez,Guayaramerín,C3,acces_2050,2024,PUBLIC_LIGHTING,LIGHTING_P,1.24308
Beni,Vaca Diez,Guayaramerín,C3,acces_2050,2035,PUBLIC_LIGHTING,LIGHTING_P,1.5197904977144687
Beni,Vaca Diez,Guayaramerín,C3,acces_2050,2050,PUBLIC_LIGHTING,LIGHTING_P,1.7776007573938661
Beni,Vaca Diez,Riberalta,C3,acces_2035,2024,PUBLIC_LIGHTING,LIGHTING_P,3.9871999999999996
Beni,Vaca Diez,Riberalta,C3,acces_2035,2035,PUBLIC_LIGHTING,LIGHTING_P,5.695918891854191
Beni,Vaca Diez,Riberalta,C3,acces_2035,2050,PUBLIC_LIGHTING,LIGHTING_P,6.702993743508105
Beni,Vaca Diez,Riberalta,C3,acces_2050,2024,PUBLIC_LIGHTING,LIGHTING_P,3.9871999999999996
Beni,Vaca Diez,Riberalta,C3,acces_2050,2035,PUBLIC_LIGHTING,LIGHTING_P,5.228921752012488
Beni,Vaca Diez,Riberalta,C3,acces_2050,2050,PUBLIC_LIGHTING,LIGHTING_P,6.702993743508105
Beni,Yacuma,Exaltación,C1,acces_2035,2024,PUBLIC_LIGHTING,LIGHTING_P,0.02002
Beni,Yacuma,Exaltación,C1,acces_2035,2035,PUBLIC_LIGHTING,LIGHTING_P,0.12056928271837447
Beni,Yacuma,Exaltación,C1,acces_2035,2050,PUBLIC_LIGHTING,LIGHTING_P,0.1463730642477976
Beni,Yacuma,Exaltación,C1,acces_2050,2024,PUBLIC_LIGHTING,LIGHTING_P,0.02002
Beni,Yacuma,Exaltación,C1,acces_2050,2035,PUBLIC_LIGHTING,LIGHTING_P,0.07641669322728659
Beni,Yacuma,Exaltación,C1,acces_2050,2050,PUBLIC_LIGHTING,LIGHTING_P,0.1463730642477976
La Paz,Abel Iturralde,Ixiamas,C1,acces_2035,2024,PUBLIC_LIGHTING,LIGHTING_P,0.29616000000000003
La Paz,Abel Iturralde,Ixiamas,C1,acces_2035,2035,PUBLIC_LIGHTING,LIGHTING_P,0.810394282095953
La Paz,Abel Iturralde,Ixiamas,C1,acces_2035,2050,PUBLIC_LIGHTING,LIGHTING_P,0.9605666885239291
La Paz,Abel Iturralde,Ixiamas,C1,acces_2050,2024,PUBLIC_LIGHTING,LIGHTING_P,0.29616000000000003
La Paz,Abel Iturralde,Ixiamas,C1,acces_2050,2035,PUBLIC_LIGHTING,LIGHTING_P,0.590725254397453
La Paz,Abel Iturralde,Ixiamas,C1,acces_2050,2050,PUBLIC_LIGHTING,LIGHTING_P,0.9605666885239291
Pando,Abuná,Ingavi,C4,acces_2035,2024,PUBLIC_LIGHTING,LIGHTING_P,0.00775
Pando,Abuná,Ingavi,C4,acces_2035,2035,PUBLIC_LIGHTING,LIGHTING_P,0.055133114640682455
Pando,Abuná,Ingavi,C4,acces_2035,2050,PUBLIC_LIGHTING,LIGHTING_P,0.07110526923272775
Pando,Abuná,Ingavi,C4,acces_2050,2024,PUBLIC_LIGHTING,LIGHTING_P,0.00775
Pando,Abuná,Ingavi,C4,acces_2050,2035,PUBLIC_LIGHTING,LIGHTING_P,0.029087309485665062
Pando,Abuná,Ingavi,C4,acces_2050,2050,PUBLIC_LIGHTING,LIGHTING_P,0.07110526923272775
Pando,Abuná,Santa Rosa,C4,acces_2035,2024,PUBLIC_LIGHTING,LIGHTING_P,0.038939999999999995
Pando,Abuná,Santa Rosa,C4,acces_2035,2035,PUBLIC_LIGHTING,LIGHTING_P,0.07408102024683666
Pando,Abuná,Santa Rosa,C4,acces_2035,2050,PUBLIC_LIGHTING,LIGHTING_P,0.0907562987973262
Pando,Abuná,Santa Rosa,C4,acces_2050,2024,PUBLIC_LIGHTING,LIGHTING_P,0.038939999999999995
Pando,Abuná,Santa Rosa,C4,acces_2050,2035,PUBLIC_LIGHTING,LIGHTING_P,0.0640029448347931
Pando,Abuná,Santa Rosa,C4,acces_2050,2050,PUBLIC_LIGHTING,LIGHTING_P,0.0907562987973262
Pando,Federico Román,Nueva Esperanza,C4,acces_2035,2024,PUBLIC_LIGHTING,LIGHTING_P,0.00487
Pando,Federico Román,Nueva Esperanza,C4,acces_2035,2035,PUBLIC_LIGHTING,LIGHTING_P,0.036667065824320694
Pando,Federico Román,Nueva Esperanza,C4,acces_2035,2050,PUBLIC_LIGHTING,LIGHTING_P,0.03858475473425341
Pando,Federico Román,Nueva Esperanza,C4,acces_2050,2024,PUBLIC_LIGHTING,LIGHTING_P,0.00487
Pando,Federico Román,Nueva Esperanza,C4,acces_2050,2035,PUBLIC_LIGHTING,LIGHTING_P,0.02287134586575104
Pando,Federico Román,Nueva Esperanza,C4,acces_2050,2050,PUBLIC_LIGHTING,LIGHTING_P,0.03858475473425341
Pando,Federico Román,Santos Mercado,C4,acces_2035,2024,PUBLIC_LIGHTING,LIGHTING_P,0.01289
Pando,Federico Román,Santos Mercado,C4,acces_2035,2035,PUBLIC_LIGHTING,LIGHTING_P,0.04867787240488793
Pando,Federico Román,Santos Mercado,C4,acces_2035,2050,PUBLIC_LIGHTING,LIGHTING_P,0.05989471420856749
Pando,Federico Román,Santos Mercado,C4,acces_2050,2024,PUBLIC_LIGHTING,LIGHTING_P,0.01289
Pando,Federico Román,Santos Mercado,C4,acces_2050,2035,PUBLIC_LIGHTING,LIGHTING_P,0.03315865261736873
Pando,Federico Román,Santos Mercado,C4,acces_2050,2050,PUBLIC_LIGHTING,LIGHTING_P,0.05989471420856749
Pando,Federico Román,Villa Nueva,C4,acces_2035,2024,PUBLIC_LIGHTING,LIGHTING_P,0.03713
Pando,Federico Román,Villa Nueva,C4,acces_2035,2035,PUBLIC_LIGHTING,LIGHTING_P,0.10648771112865121
Pando,Federico Román,Villa Nueva,C4,acces_2035,2050,PUBLIC_LIGHTING,LIGHTING_P,0.113467118328299
Pando,Federico Román,Villa Nueva,C4,acces_2050,2024,PUBLIC_LIGHTING,LIGHTING_P,0.03713
Pando,Federico Román,Villa Nueva,C4,acces_2050,2035,PUBLIC_LIGHTING,LIGHTING_P,0.0752925322873424
Pando,Federico Román,Villa Nueva,C4,acces_2050,2050,PUBLIC_LIGHTING,LIGHTING_P,0.113467118328299
Pando,Madre de Dios,Puerto Gonzalo Moreno,C3,acces_2035,2024,PUBLIC_LIGHTING,LIGHTING_P,0.12458
Pando,Madre de Dios,Puerto Gonzalo Moreno,C3,acces_2035,2035,PUBLIC_LIGHTING,LIGHTING_P,0.22814434265397515
Pando,Madre de Dios,Puerto Gonzalo Moreno,C3,acces_2035,2050,PUBLIC_LIGHTING,LIGHTING_P,0.28880121960913663
Pando,Madre de Dios,Puerto Gonzalo Moreno,C3,acces_2050,2024,PUBLIC_LIGHTING,LIGHTING_P,0.12458
Pando,Madre de Dios,Puerto Gonzalo Moreno,C3,acces_2050,2035,PUBLIC_LIGHTING,LIGHTING_P,0.20184720565269612
Pando,Madre de Dios,Puerto Gonzalo Moreno,C3,acces_2050,2050,PUBLIC_LIGHTING,LIGHTING_P,0.28880121960913663
Pando,Madre de Dios,San Lorenzo,C4,acces_2035,2024,PUBLIC_LIGHTING,LIGHTING_P,0.25949
Pando,Madre de Dios,San Lorenzo,C4,acces_2035,2035,PUBLIC_LIGHTING,LIGHTING_P,0.4744116512047695
Pando,Madre de Dios,San Lorenzo,C4,acces_2035,2050,PUBLIC_LIGHTING,LIGHTING_P,0.601158990452395
Pando,Madre de Dios,San Lorenzo,C4,acces_2050,2024,PUBLIC_LIGHTING,LIGHTING_P,0.25949
Pando,Madre de Dios,San Lorenzo,C4,acces_2050,2035,PUBLIC_LIGHTING,LIGHTING_P,0.4279212167275551
Pando,Madre de Dios,San Lorenzo,C4,acces_2050,2050,PUBLIC_LIGHTING,LIGHTING_P,0.601158990452395
Pando,Madre de Dios,Sena,C4,acces_2035,2024,PUBLIC_LIGHTING,LIGHTING_P,0.15300999999999998
Pando,Madre de Dios,Sena,C4,acces_2035,2035,PUBLIC_LIGHTING,LIGHTING_P,0.5022828135901014
Pando,Madre de Dios,Sena,C4,acces_2035,2050,PUBLIC_LIGHTING,LIGHTING_P,0.6327634686242486
Pando,Madre de Dios,Sena,C4,acces_2050,2024,PUBLIC_LIGHTING,LIGHTING_P,0.15300999999999998
Pando,Madre de Dios,Sena,C4,acces_2050,2035,PUBLIC_LIGHTING,LIGHTING_P,0.3921269140960178
Pando,Madre de Dios,Sena,C4,acces_2050,2050,PUBLIC_LIGHTING,LIGHTING_P,0.6327634686242486
Pando,Manuripi,Filadelfia,C4,acces_2035,2024,PUBLIC_LIGHTING,LIGHTING_P,0.18374000000000001
Pando,Manuripi,Filadelfia,C4,acces_2035,2035,PUBLIC_LIGHTING,LIGHTING_P,0.45091315958194794
Pando,Manuripi,Filadelfia,C4,acces_2035,2050,PUBLIC_LIGHTING,LIGHTING_P,0.5695008096751286
Pando,Manuripi,Filadelfia,C4,acces_2050,2024,PUBLIC_LIGHTING,LIGHTING_P,0.18374000000000001
Pando,Manuripi,Filadelfia,C4,acces_2050,2035,PUBLIC_LIGHTING,LIGHTING_P,0.363930510797577
Pando,Manuripi,Filadelfia,C4,acces_2050,2050,PUBLIC_LIGHTING,LIGHTING_P,0.5695008096751286
Pando,Manuripi,Puerto Rico,C4,acces_2035,2024,PUBLIC_LIGHTING,LIGHTING_P,0.18822
Pando,Manuripi,Puerto Rico,C4,acces_2035,2035,PUBLIC_LIGHTING,LIGHTING_P,0.34407246784293394
Pando,Manuripi,Puerto Rico,C4,acces_2035,2050,PUBLIC_LIGHTING,LIGHTING_P,0.42738057566454
Pando,Manuripi,Puerto Rico,C4,acces_2050,2024,PUBLIC_LIGHTING,LIGHTING_P,0.18822
Pando,Manuripi,Puerto Rico,C4,acces_2050,2035,PUBLIC_LIGHTING,LIGHTING_P,0.3023370787079577
Pando,Manuripi,Puerto Rico,C4,acces_2050,2050,PUBLIC_LIGHTING,LIGHTING_P,0.42738057566454
Pando,Manuripi,San Pedro,C4,acces_2035,2024,PUBLIC_LIGHTING,LIGHTING_P,0.00014000000000000001
Pando,Manuripi,San Pedro,C4,acces_2035,2035,PUBLIC_LIGHTING,LIGHTING_P,0.05484564744685082
Pando,Manuripi,San Pedro,C4,acces_2035,2050,PUBLIC_LIGHTING,LIGHTING_P,0.06871456334272004
Pando,Manuripi,San Pedro,C4,acces_2050,2024,PUBLIC_LIGHTING,LIGHTING_P,0.00014000000000000001
Pando,Manuripi,San Pedro,C4,acces_2050,2035,PUBLIC_LIGHTING,LIGHTING_P,0.025792326642262796
Pando,Manuripi,San Pedro,C4,acces_2050,2050,PUBLIC_LIGHTING,LIGHTING_P,0.06871456334272004
Pando,Nicolás Suárez,Bella Flor,C4,acces_2035,2024,PUBLIC_LIGHTING,LIGHTING_P,0.03545
Pando,Nicolás Suárez,Bella Flor,C4,acces_2035,2035,PUBLIC_LIGHTING,LIGHTING_P,0.08311962346449915
Pando,Nicolás Suárez,Bella Flor,C4,acces_2035,2050,PUBLIC_LIGHTING,LIGHTING_P,0.08813264952050914
Pando,Nicolás Suárez,Bella Flor,C4,acces_2050,2024,PUBLIC_LIGHTING,LIGHTING_P,0.03545
Pando,Nicolás Suárez,Bella Flor,C4,acces_2050,2035,PUBLIC_LIGHTING,LIGHTING_P,0.06294894555362746
Pando,Nicolás Suárez,Bella Flor,C4,acces_2050,2050,PUBLIC_LIGHTING,LIGHTING_P,0.08813264952050914
Pando,Nicolás Suárez,Bolpebra,C2,acces_2035,2024,PUBLIC_LIGHTING,LIGHTING_P,0.009720000000000001
Pando,Nicolás Suárez,Bolpebra,C2,acces_2035,2035,PUBLIC_LIGHTING,LIGHTING_P,0.06217414632242951
Pando,Nicolás Suárez,Bolpebra,C2,acces_2035,2050,PUBLIC_LIGHTING,LIGHTING_P,0.0750199313498869
Pando,Nicolás Suárez,Bolpebra,C2,acces_2050,2024,PUBLIC_LIGHTING,LIGHTING_P,0.009720000000000001
Pando,Nicolás Suárez,Bolpebra,C2,acces_2050,2035,PUBLIC_LIGHTING,LIGHTING_P,0.040832539134272795
Pando,Nicolás Suárez,Bolpebra,C2,acces_2050,2050,PUBLIC_LIGHTING,LIGHTING_P,0.0750199313498869
Pando,Nicolás Suárez,Cobija,C5,acces_2035,2024,PUBLIC_LIGHTING,LIGHTING_P,2.2076599999999997
Pando,Nicolás Suárez,Cobija,C5,acces_2035,2035,PUBLIC_LIGHTING,LIGHTING_P,2.8235671663292523
Pando,Nicolás Suárez,Cobija,C5,acces_2035,2050,PUBLIC_LIGHTING,LIGHTING_P,3.4020952014373775
Pando,Nicolás Suárez,Cobija,C5,acces_2050,2024,PUBLIC_LIGHTING,LIGHTING_P,2.2076599999999997
Pando,Nicolás Suárez,Cobija,C5,acces_2050,2035,PUBLIC_LIGHTING,LIGHTING_P,2.7905441920940355
Pando,Nicolás Suárez,Cobija,C5,acces_2050,2050,PUBLIC_LIGHTING,LIGHTING_P,3.4020952014373775
Pando,Nicolás Suárez,Porvenir,C4,acces_2035,2024,PUBLIC_LIGHTING,LIGHTING_P,0.20063
Pando,Nicolás Suárez,Porvenir,C4,acces_2035,2035,PUBLIC_LIGHTING,LIGHTING_P,0.315831097438852
Pando,Nicolás Suárez,Porvenir,C4,acces_2035,2050,PUBLIC_LIGHTING,LIGHTING_P,0.39189138341271157
Pando,Nicolás Suárez,Porvenir,C4,acces_2050,2024,PUBLIC_LIGHTING,LIGHTING_P,0.20063
Pando,Nicolás Suárez,Porvenir,C4,acces_2050,2035,PUBLIC_LIGHTING,LIGHTING_P,0.2948606318552064
Pando,Nicolás Suárez,Porvenir,C4,acces_2050,2050,PUBLIC_LIGHTING,LIGHTING_P,0.39189138341271157
Beni,General José Ballivián,Reyes,C1,acces_2035,2024,SERVICES_OTHER,ELECTRICITY,0.03178
Beni,General José Ballivián,Reyes,C1,acces_2035,2035,SERVICES_OTHER,ELECTRICITY,0.03178
Beni,General José Ballivián,Reyes,C1,acces_2035,2050,SERVICES_OTHER,ELECTRICITY,0.03178
Beni,General José Ballivián,Reyes,C1,acces_2050,2024,SERVICES_OTHER,ELECTRICITY,0.03178
Beni,General José Ballivián,Reyes,C1,acces_2050,2035,SERVICES_OTHER,ELECTRICITY,0.03178
Beni,General José Ballivián,Reyes,C1,acces_2050,2050,SERVICES_OTHER,ELECTRICITY,0.03178
Beni,General José Ballivián,Santa Rosa,C1,acces_2035,2024,SERVICES_OTHER,ELECTRICITY,0.11589
Beni,General José Ballivián,Santa Rosa,C1,acces_2035,2035,SERVICES_OTHER,ELECTRICITY,0.11589
Beni,General José Ballivián,Santa Rosa,C1,acces_2035,2050,SERVICES_OTHER,ELECTRICITY,0.11589
Beni,General José Ballivián,Santa Rosa,C1,acces_2050,2024,SERVICES_OTHER,ELECTRICITY,0.11589
Beni,General José Ballivián,Santa Rosa,C1,acces_2050,2035,SERVICES_OTHER,ELECTRICITY,0.11589
Beni,General José Ballivián,Santa Rosa,C1,acces_2050,2050,SERVICES_OTHER,ELECTRICITY,0.11589
Beni,Vaca Diez,Guayaramerín,C3,acces_2035,2024,SERVICES_OTHER,ELECTRICITY,0.06193
Beni,Vaca Diez,Guayaramerín,C3,acces_2035,2035,SERVICES_OTHER,ELECTRICITY,0.06193
Beni,Vaca Diez,Guayaramerín,C3,acces_2035,2050,SERVICES_OTHER,ELECTRICITY,0.06193
Beni,Vaca Diez,Guayaramerín,C3,acces_2050,2024,SERVICES_OTHER,ELECTRICITY,0.06193
Beni,Vaca Diez,Guayaramerín,C3,acces_2050,2035,SERVICES_OTHER,ELECTRICITY,0.06193
Beni,Vaca Diez,Guayaramerín,C3,acces_2050,2050,SERVICES_OTHER,ELECTRICITY,0.06193
Beni,Vaca Diez,Riberalta,C3,acces_2035,2024,SERVICES_OTHER,ELECTRICITY,0.9893200000000001
Beni,Vaca Diez,Riberalta,C3,acces_2035,2035,SERVICES_OTHER,ELECTRICITY,0.9893200000000001
Beni,Vaca Diez,Riberalta,C3,acces_2035,2050,SERVICES_OTHER,ELECTRICITY,0.9893200000000001
Beni,Vaca Diez,Riberalta,C3,acces_2050,2024,SERVICES_OTHER,ELECTRICITY,0.9893200000000001
Beni,Vaca Diez,Riberalta,C3,acces_2050,2035,SERVICES_OTHER,ELECTRICITY,0.9893200000000001
Beni,Vaca Diez,Riberalta,C3,acces_2050,2050,SERVICES_OTHER,ELECTRICITY,0.9893200000000001
Beni,Yacuma,Exaltación,C1,acces_2035,2024,SERVICES_OTHER,ELECTRICITY,0.022260000000000002
Beni,Yacuma,Exaltación,C1,acces_2035,2035,SERVICES_OTHER,ELECTRICITY,0.022260000000000002
Beni,Yacuma,Exaltación,C1,acces_2035,2050,SERVICES_OTHER,ELECTRICITY,0.022260000000000002
Beni,Yacuma,Exaltación,C1,acces_2050,2024,SERVICES_OTHER,ELECTRICITY,0.022260000000000002
Beni,Yacuma,Exaltación,C1,acces_2050,2035,SERVICES_OTHER,ELECTRICITY,0.022260000000000002
Beni,Yacuma,Exaltación,C1,acces_2050,2050,SERVICES_OTHER,ELECTRICITY,0.022260000000000002
La Paz,Abel Iturralde,Ixiamas,C1,acces_2035,2024,SERVICES_OTHER,ELECTRICITY,0.019850000000000003
La Paz,Abel Iturralde,Ixiamas,C1,acces_2035,2035,SERVICES_OTHER,ELECTRICITY,0.019850000000000003
La Paz,Abel Iturralde,Ixiamas,C1,acces_2035,2050,SERVICES_OTHER,ELECTRICITY,0.019850000000000003
La Paz,Abel Iturralde,Ixiamas,C1,acces_2050,2024,SERVICES_OTHER,ELECTRICITY,0.019850000000000003
La Paz,Abel Iturralde,Ixiamas,C1,acces_2050,2035,SERVICES_OTHER,ELECTRICITY,0.019850000000000003
La Paz,Abel Iturralde,Ixiamas,C1,acces_2050,2050,SERVICES_OTHER,ELECTRICITY,0.019850000000000003
Pando,Abuná,Ingavi,C4,acces_2035,2024,SERVICES_OTHER,ELECTRICITY,0.00861
Pando,Abuná,Ingavi,C4,acces_2035,2035,SERVICES_OTHER,ELECTRICITY,0.00861
Pando,Abuná,Ingavi,C4,acces_2035,2050,SERVICES_OTHER,ELECTRICITY,0.00861
Pando,Abuná,Ingavi,C4,acces_2050,2024,SERVICES_OTHER,ELECTRICITY,0.00861
Pando,Abuná,Ingavi,C4,acces_2050,2035,SERVICES_OTHER,ELECTRICITY,0.00861
Pando,Abuná,Ingavi,C4,acces_2050,2050,SERVICES_OTHER,ELECTRICITY,0.00861
Pando,Abuná,Santa Rosa,C4,acces_2035,2024,SERVICES_OTHER,ELECTRICITY,0.0433
Pando,Abuná,Santa Rosa,C4,acces_2035,2035,SERVICES_OTHER,ELECTRICITY,0.0433
Pando,Abuná,Santa Rosa,C4,acces_2035,2050,SERVICES_OTHER,ELECTRICITY,0.0433
Pando,Abuná,Santa Rosa,C4,acces_2050,2024,SERVICES_OTHER,ELECTRICITY,0.0433
Pando,Abuná,Santa Rosa,C4,acces_2050,2035,SERVICES_OTHER,ELECTRICITY,0.0433
Pando,Abuná,Santa Rosa,C4,acces_2050,2050,SERVICES_OTHER,ELECTRICITY,0.0433
Pando,Federico Román,Nueva Esperanza,C4,acces_2035,2024,SERVICES_OTHER,ELECTRICITY,0.00541
Pando,Federico Román,Nueva Esperanza,C4,acces_2035,2035,SERVICES_OTHER,ELECTRICITY,0.00541
Pando,Federico Román,Nueva Esperanza,C4,acces_2035,2050,SERVICES_OTHER,ELECTRICITY,0.00541
Pando,Federico Román,Nueva Esperanza,C4,acces_2050,2024,SERVICES_OTHER,ELECTRICITY,0.00541
Pando,Federico Román,Nueva Esperanza,C4,acces_2050,2035,SERVICES_OTHER,ELECTRICITY,0.00541
Pando,Federico Román,Nueva Esperanza,C4,acces_2050,2050,SERVICES_OTHER,ELECTRICITY,0.00541
Pando,Federico Román,Santos Mercado,C4,acces_2035,2024,SERVICES_OTHER,ELECTRICITY,0.01433
Pando,Federico Román,Santos Mercado,C4,acces_2035,2035,SERVICES_OTHER,ELECTRICITY,0.01433
Pando,Federico Román,Santos Mercado,C4,acces_2035,2050,SERVICES_OTHER,ELECTRICITY,0.01433
Pando,Federico Román,Santos Mercado,C4,acces_2050,2024,SERVICES_OTHER,ELECTRICITY,0.01433
Pando,Federico Román,Santos Mercado,C4,acces_2050,2035,SERVICES_OTHER,ELECTRICITY,0.01433
Pando,Federico Román,Santos Mercado,C4,acces_2050,2050,SERVICES_OTHER,ELECTRICITY,0.01433
Pando,Federico Román,Villa Nueva,C4,acces_2035,2024,SERVICES_OTHER,ELECTRICITY,0.0014
Pando,Federico Román,Villa Nueva,C4,acces_2035,2035,SERVICES_OTHER,ELECTRICITY,0.0014
Pando,Federico Román,Villa Nueva,C4,acces_2035,2050,SERVICES_OTHER,ELECTRICITY,0.0014
Pando,Federico Román,Villa Nueva,C4,acces_2050,2024,SERVICES_OTHER,ELECTRICITY,0.0014
Pando,Federico Román,Villa Nueva,C4,acces_2050,2035,SERVICES_OTHER,ELECTRICITY,0.0014
Pando,Federico Román,Villa Nueva,C4,acces_2050,2050,SERVICES_OTHER,ELECTRICITY,0.0014
Pando,Madre de Dios,Puerto Gonzalo Moreno,C3,acces_2035,2024,SERVICES_OTHER,ELECTRICITY,0.0
Pando,Madre de Dios,Puerto Gonzalo Moreno,C3,acces_2035,2035,SERVICES_OTHER,ELECTRICITY,0.0
Pando,Madre de Dios,Puerto Gonzalo Moreno,C3,acces_2035,2050,SERVICES_OTHER,ELECTRICITY,0.0
Pando,Madre de Dios,Puerto Gonzalo Moreno,C3,acces_2050,2024,SERVICES_OTHER,ELECTRICITY,0.0
Pando,Madre de Dios,Puerto Gonzalo Moreno,C3,acces_2050,2035,SERVICES_OTHER,ELECTRICITY,0.0
Pando,Madre de Dios,Puerto Gonzalo Moreno,C3,acces_2050,2050,SERVICES_OTHER,ELECTRICITY,0.0
Pando,Madre de Dios,San Lorenzo,C4,acces_2035,2024,SERVICES_OTHER,ELECTRICITY,0.0174
Pando,Madre de Dios,San Lorenzo,C4,acces_2035,2035,SERVICES_OTHER,ELECTRICITY,0.0174
Pando,Madre de Dios,San Lorenzo,C4,acces_2035,2050,SERVICES_OTHER,ELECTRICITY,0.0174
Pando,Madre de Dios,San Lorenzo,C4,acces_2050,2024,SERVICES_OTHER,ELECTRICITY,0.0174
Pando,Madre de Dios,San Lorenzo,C4,acces_2050,2035,SERVICES_OTHER,ELECTRICITY,0.0174
Pando,Madre de Dios,San Lorenzo,C4,acces_2050,2050,SERVICES_OTHER,ELECTRICITY,0.0174
Pando,Madre de Dios,Sena,C4,acces_2035,2024,SERVICES_OTHER,ELECTRICITY,0.03025
Pando,Madre de Dios,Sena,C4,acces_2035,2035,SERVICES_OTHER,ELECTRICITY,0.03025
Pando,Madre de Dios,Sena,C4,acces_2035,2050,SERVICES_OTHER,ELECTRICITY,0.03025
Pando,Madre de Dios,Sena,C4,acces_2050,2024,SERVICES_OTHER,ELECTRICITY,0.03025
Pando,Madre de Dios,Sena,C4,acces_2050,2035,SERVICES_OTHER,ELECTRICITY,0.03025
Pando,Madre de Dios,Sena,C4,acces_2050,2050,SERVICES_OTHER,ELECTRICITY,0.03025
Pando,Manuripi,Filadelfia,C4,acces_2035,2024,SERVICES_OTHER,ELECTRICITY,0.02576
Pando,Manuripi,Filadelfia,C4,acces_2035,2035,SERVICES_OTHER,ELECTRICITY,0.02576
Pando,Manuripi,Filadelfia,C4,acces_2035,2050,SERVICES_OTHER,ELECTRICITY,0.02576
Pando,Manuripi,Filadelfia,C4,acces_2050,2024,SERVICES_OTHER,ELECTRICITY,0.02576
Pando,Manuripi,Filadelfia,C4,acces_2050,2035,SERVICES_OTHER,ELECTRICITY,0.02576
Pando,Manuripi,Filadelfia,C4,acces_2050,2050,SERVICES_OTHER,ELECTRICITY,0.02576
Pando,Manuripi,Puerto Rico,C4,acces_2035,2024,SERVICES_OTHER,ELECTRICITY,0.02639
Pando,Manuripi,Puerto Rico,C4,acces_2035,2035,SERVICES_OTHER,ELECTRICITY,0.02639
Pando,Manuripi,Puerto Rico,C4,acces_2035,2050,SERVICES_OTHER,ELECTRICITY,0.02639
Pando,Manuripi,Puerto Rico,C4,acces_2050,2024,SERVICES_OTHER,ELECTRICITY,0.02639
Pando,Manuripi,Puerto Rico,C4,acces_2050,2035,SERVICES_OTHER,ELECTRICITY,0.02639
Pando,Manuripi,Puerto Rico,C4,acces_2050,2050,SERVICES_OTHER,ELECTRICITY,0.02639
Pando,Manuripi,San Pedro,C4,acces_2035,2024,SERVICES_OTHER,ELECTRICITY,0.00015
Pando,Manuripi,San Pedro,C4,acces_2035,2035,SERVICES_OTHER,ELECTRICITY,0.00015
Pando,Manuripi,San Pedro,C4,acces_2035,2050,SERVICES_OTHER,ELECTRICITY,0.00015
Pando,Manuripi,San Pedro,C4,acces_2050,2024,SERVICES_OTHER,ELECTRICITY,0.00015
Pando,Manuripi,San Pedro,C4,acces_2050,2035,SERVICES_OTHER,ELECTRICITY,0.00015
Pando,Manuripi,San Pedro,C4,acces_2050,2050,SERVICES_OTHER,ELECTRICITY,0.00015
Pando,Nicolás Suárez,Bella Flor,C4,acces_2035,2024,SERVICES_OTHER,ELECTRICITY,0.00497
Pando,Nicolás Suárez,Bella Flor,C4,acces_2035,2035,SERVICES_OTHER,ELECTRICITY,0.00497
Pando,Nicolás Suárez,Bella Flor,C4,acces_2035,2050,SERVICES_OTHER,ELECTRICITY,0.00497
Pando,Nicolás Suárez,Bella Flor,C4,acces_2050,2024,SERVICES_OTHER,ELECTRICITY,0.00497
Pando,Nicolás Suárez,Bella Flor,C4,acces_2050,2035,SERVICES_OTHER,ELECTRICITY,0.00497
Pando,Nicolás Suárez,Bella Flor,C4,acces_2050,2050,SERVICES_OTHER,ELECTRICITY,0.00497
Pando,Nicolás Suárez,Bolpebra,C2,acces_2035,2024,SERVICES_OTHER,ELECTRICITY,0.00136
Pando,Nicolás Suárez,Bolpebra,C2,acces_2035,2035,SERVICES_OTHER,ELECTRICITY,0.00136
Pando,Nicolás Suárez,Bolpebra,C2,acces_2035,2050,SERVICES_OTHER,ELECTRICITY,0.00136
Pando,Nicolás Suárez,Bolpebra,C2,acces_2050,2024,SERVICES_OTHER,ELECTRICITY,0.00136
Pando,Nicolás Suárez,Bolpebra,C2,acces_2050,2035,SERVICES_OTHER,ELECTRICITY,0.00136
Pando,Nicolás Suárez,Bolpebra,C2,acces_2050,2050,SERVICES_OTHER,ELECTRICITY,0.00136
Pando,Nicolás Suárez,Cobija,C5,acces_2035,2024,SERVICES_OTHER,ELECTRICITY,0.30956
Pando,Nicolás Suárez,Cobija,C5,acces_2035,2035,SERVICES_OTHER,ELECTRICITY,0.30956
Pando,Nicolás Suárez,Cobija,C5,acces_2035,2050,SERVICES_OTHER,ELECTRICITY,0.30956
Pando,Nicolás Suárez,Cobija,C5,acces_2050,2024,SERVICES_OTHER,ELECTRICITY,0.30956
Pando,Nicolás Suárez,Cobija,C5,acces_2050,2035,SERVICES_OTHER,ELECTRICITY,0.30956
Pando,Nicolás Suárez,Cobija,C5,acces_2050,2050,SERVICES_OTHER,ELECTRICITY,0.30956
Pando,Nicolás Suárez,Porvenir,C4,acces_2035,2024,SERVICES_OTHER,ELECTRICITY,0.02813
Pando,Nicolás Suárez,Porvenir,C4,acces_2035,2035,SERVICES_OTHER,ELECTRICITY,0.02813
Pando,Nicolás Suárez,Porvenir,C4,acces_2035,2050,SERVICES_OTHER,ELECTRICITY,0.02813
Pando,Nicolás Suárez,Porvenir,C4,acces_2050,2024,SERVICES_OTHER,ELECTRICITY,0.02813
Pando,Nicolás Suárez,Porvenir,C4,acces_2050,2035,SERVICES_OTHER,ELECTRICITY,0.02813
Pando,Nicolás Suárez,Porvenir,C4,acces_2050,2050,SERVICES_OTHER,ELECTRICITY,0.02813
Beni,General José Ballivián,Reyes,C1,acces_2035,2024,HOUSEHOLDS,FOOD_PRESERVATION,1.2605104653008785
Beni,General José Ballivián,Reyes,C1,acces_2035,2035,HOUSEHOLDS,FOOD_PRESERVATION,2.7197353933461863
Beni,General José Ballivián,Reyes,C1,acces_2035,2050,HOUSEHOLDS,FOOD_PRESERVATION,2.82191627950667
Beni,General José Ballivián,Reyes,C1,acces_2050,2024,HOUSEHOLDS,FOOD_PRESERVATION,1.2605104653008785
Beni,General José Ballivián,Reyes,C1,acces_2050,2035,HOUSEHOLDS,FOOD_PRESERVATION,1.8674068708696978
Beni,General José Ballivián,Reyes,C1,acces_2050,2050,HOUSEHOLDS,FOOD_PRESERVATION,2.82191627950667
Beni,General José Ballivián,Santa Rosa,C1,acces_2035,2024,HOUSEHOLDS,FOOD_PRESERVATION,1.0813833445366594
Beni,General José Ballivián,Santa Rosa,C1,acces_2035,2035,HOUSEHOLDS,FOOD_PRESERVATION,2.9302691024642975
Beni,General José Ballivián,Santa Rosa,C1,acces_2035,2050,HOUSEHOLDS,FOOD_PRESERVATION,3.492066066570974
Beni,General José Ballivián,Santa Rosa,C1,acces_2050,2024,HOUSEHOLDS,FOOD_PRESERVATION,1.0813833445366594
Beni,General José Ballivián,Santa Rosa,C1,acces_2050,2035,HOUSEHOLDS,FOOD_PRESERVATION,1.9207613943787707
Beni,General José Ballivián,Santa Rosa,C1,acces_2050,2050,HOUSEHOLDS,FOOD_PRESERVATION,3.492066066570974
Beni,Vaca Diez,Guayaramerín,C3,acces_2035,2024,HOUSEHOLDS,FOOD_PRESERVATION,7.994574702522783
Beni,Vaca Diez,Guayaramerín,C3,acces_2035,2035,HOUSEHOLDS,FOOD_PRESERVATION,11.353869268603146
Beni,Vaca Diez,Guayaramerín,C3,acces_2035,2050,HOUSEHOLDS,FOOD_PRESERVATION,12.42347326897519
Beni,Vaca Diez,Guayaramerín,C3,acces_2050,2024,HOUSEHOLDS,FOOD_PRESERVATION,7.994574702522783
Beni,Vaca Diez,Guayaramerín,C3,acces_2050,2035,HOUSEHOLDS,FOOD_PRESERVATION,9.794704055246996
Beni,Vaca Diez,Guayaramerín,C3,acces_2050,2050,HOUSEHOLDS,FOOD_PRESERVATION,12.42347326897519
Beni,Vaca Diez,Riberalta,C3,acces_2035,2024,HOUSEHOLDS,FOOD_PRESERVATION,13.583137035470957
Beni,Vaca Diez,Riberalta,C3,acces_2035,2035,HOUSEHOLDS,FOOD_PRESERVATION,22.930991772849573
Beni,Vaca Diez,Riberalta,C3,acces_2035,2050,HOUSEHOLDS,FOOD_PRESERVATION,26.985337625797996
Beni,Vaca Diez,Riberalta,C3,acces_2050,2024,HOUSEHOLDS,FOOD_PRESERVATION,13.583137035470957
Beni,Vaca Diez,Riberalta,C3,acces_2050,2035,HOUSEHOLDS,FOOD_PRESERVATION,18.607430912138355
Beni,Vaca Diez,Riberalta,C3,acces_2050,2050,HOUSEHOLDS,FOOD_PRESERVATION,26.985337625797996
Beni,Yacuma,Exaltación,C1,acces_2035,2024,HOUSEHOLDS,FOOD_PRESERVATION,0.03352597158534211
Beni,Yacuma,Exaltación,C1,acces_2035,2035,HOUSEHOLDS,FOOD_PRESERVATION,1.204522248532618
Beni,Yacuma,Exaltación,C1,acces_2035,2050,HOUSEHOLDS,FOOD_PRESERVATION,1.4623095410146065
Beni,Yacuma,Exaltación,C1,acces_2050,2024,HOUSEHOLDS,FOOD_PRESERVATION,0.03352597158534211
Beni,Yacuma,Exaltación,C1,acces_2050,2035,HOUSEHOLDS,FOOD_PRESERVATION,0.6254439800509639
Beni,Yacuma,Exaltación,C1,acces_2050,2050,HOUSEHOLDS,FOOD_PRESERVATION,1.4623095410146065
La Paz,Abel Iturralde,Ixiamas,C1,acces_2035,2024,HOUSEHOLDS,FOOD_PRESERVATION,0.6841738763882679
La Paz,Abel Iturralde,Ixiamas,C1,acces_2035,2035,HOUSEHOLDS,FOOD_PRESERVATION,4.08528593280389
La Paz,Abel Iturralde,Ixiamas,C1,acces_2035,2050,HOUSEHOLDS,FOOD_PRESERVATION,4.842321406806506
La Paz,Abel Iturralde,Ixiamas,C1,acces_2050,2024,HOUSEHOLDS,FOOD_PRESERVATION,0.6841738763882679
La Paz,Abel Iturralde,Ixiamas,C1,acces_2050,2035,HOUSEHOLDS,FOOD_PRESERVATION,2.0149352320949454
La Paz,Abel Iturralde,Ixiamas,C1,acces_2050,2050,HOUSEHOLDS,FOOD_PRESERVATION,4.842321406806506
Pando,Abuná,Ingavi,C4,acces_2035,2024,HOUSEHOLDS,FOOD_PRESERVATION,0.0064578888905493575
Pando,Abuná,Ingavi,C4,acces_2035,2035,HOUSEHOLDS,FOOD_PRESERVATION,0.6349265090995605
Pando,Abuná,Ingavi,C4,acces_2035,2050,HOUSEHOLDS,FOOD_PRESERVATION,0.8188657699960005
Pando,Abuná,Ingavi,C4,acces_2050,2024,HOUSEHOLDS,FOOD_PRESERVATION,0.0064578888905493575
Pando,Abuná,Ingavi,C4,acces_2050,2035,HOUSEHOLDS,FOOD_PRESERVATION,0.17296544287871865
Pando,Abuná,Ingavi,C4,acces_2050,2050,HOUSEHOLDS,FOOD_PRESERVATION,0.8188657699960005
Pando,Abuná,Santa Rosa,C4,acces_2035,2024,HOUSEHOLDS,FOOD_PRESERVATION,0.16374233727871546
Pando,Abuná,Santa Rosa,C4,acces_2035,2035,HOUSEHOLDS,FOOD_PRESERVATION,0.46570545277547065
Pando,Abuná,Santa Rosa,C4,acces_2035,2050,HOUSEHOLDS,FOOD_PRESERVATION,0.5705334926922728
Pando,Abuná,Santa Rosa,C4,acces_2050,2024,HOUSEHOLDS,FOOD_PRESERVATION,0.16374233727871546
Pando,Abuná,Santa Rosa,C4,acces_2050,2035,HOUSEHOLDS,FOOD_PRESERVATION,0.34395939725537356
Pando,Abuná,Santa Rosa,C4,acces_2050,2050,HOUSEHOLDS,FOOD_PRESERVATION,0.5705334926922728
Pando,Federico Román,Nueva Esperanza,C4,acces_2035,2024,HOUSEHOLDS,FOOD_PRESERVATION,0.003896427475891298
Pando,Federico Román,Nueva Esperanza,C4,acces_2035,2035,HOUSEHOLDS,FOOD_PRESERVATION,0.4476229790648811
Pando,Federico Román,Nueva Esperanza,C4,acces_2035,2050,HOUSEHOLDS,FOOD_PRESERVATION,0.4710336775619068
Pando,Federico Román,Nueva Esperanza,C4,acces_2050,2024,HOUSEHOLDS,FOOD_PRESERVATION,0.003896427475891298
Pando,Federico Román,Nueva Esperanza,C4,acces_2050,2035,HOUSEHOLDS,FOOD_PRESERVATION,0.20010129736331939
Pando,Federico Román,Nueva Esperanza,C4,acces_2050,2050,HOUSEHOLDS,FOOD_PRESERVATION,0.4710336775619068
Pando,Federico Román,Santos Mercado,C4,acces_2035,2024,HOUSEHOLDS,FOOD_PRESERVATION,0.02551070102194697
Pando,Federico Román,Santos Mercado,C4,acces_2035,2035,HOUSEHOLDS,FOOD_PRESERVATION,0.4879831597769213
Pando,Federico Román,Santos Mercado,C4,acces_2035,2050,HOUSEHOLDS,FOOD_PRESERVATION,0.6004291159302512
Pando,Federico Román,Santos Mercado,C4,acces_2050,2024,HOUSEHOLDS,FOOD_PRESERVATION,0.02551070102194697
Pando,Federico Román,Santos Mercado,C4,acces_2050,2035,HOUSEHOLDS,FOOD_PRESERVATION,0.21755383176006013
Pando,Federico Román,Santos Mercado,C4,acces_2050,2050,HOUSEHOLDS,FOOD_PRESERVATION,0.6004291159302512
Pando,Federico Román,Villa Nueva,C4,acces_2035,2024,HOUSEHOLDS,FOOD_PRESERVATION,0.07664135989625895
Pando,Federico Román,Villa Nueva,C4,acces_2035,2035,HOUSEHOLDS,FOOD_PRESERVATION,0.7540649295092875
Pando,Federico Román,Villa Nueva,C4,acces_2035,2050,HOUSEHOLDS,FOOD_PRESERVATION,0.8034877797352701
Pando,Federico Román,Villa Nueva,C4,acces_2050,2024,HOUSEHOLDS,FOOD_PRESERVATION,0.07664135989625895
Pando,Federico Román,Villa Nueva,C4,acces_2050,2035,HOUSEHOLDS,FOOD_PRESERVATION,0.37337214497677296
Pando,Federico Román,Villa Nueva,C4,acces_2050,2050,HOUSEHOLDS,FOOD_PRESERVATION,0.8034877797352701
Pando,Madre de Dios,Puerto Gonzalo Moreno,C3,acces_2035,2024,HOUSEHOLDS,FOOD_PRESERVATION,0.1941115075085341
Pando,Madre de Dios,Puerto Gonzalo Moreno,C3,acces_2035,2035,HOUSEHOLDS,FOOD_PRESERVATION,0.7528578037490453
Pando,Madre de Dios,Puerto Gonzalo Moreno,C3,acces_2035,2050,HOUSEHOLDS,FOOD_PRESERVATION,0.9530205719137603
Pando,Madre de Dios,Puerto Gonzalo Moreno,C3,acces_2050,2024,HOUSEHOLDS,FOOD_PRESERVATION,0.1941115075085341
Pando,Madre de Dios,Puerto Gonzalo Moreno,C3,acces_2050,2035,HOUSEHOLDS,FOOD_PRESERVATION,0.5700525209841305
Pando,Madre de Dios,Puerto Gonzalo Moreno,C3,acces_2050,2050,HOUSEHOLDS,FOOD_PRESERVATION,0.9530205719137603
Pando,Madre de Dios,San Lorenzo,C4,acces_2035,2024,HOUSEHOLDS,FOOD_PRESERVATION,0.5696526892192008
Pando,Madre de Dios,San Lorenzo,C4,acces_2035,2035,HOUSEHOLDS,FOOD_PRESERVATION,2.16238884191242
Pando,Madre de Dios,San Lorenzo,C4,acces_2035,2050,HOUSEHOLDS,FOOD_PRESERVATION,2.7401087006788187
Pando,Madre de Dios,San Lorenzo,C4,acces_2050,2024,HOUSEHOLDS,FOOD_PRESERVATION,0.5696526892192008
Pando,Madre de Dios,San Lorenzo,C4,acces_2050,2035,HOUSEHOLDS,FOOD_PRESERVATION,1.7316439276180167
Pando,Madre de Dios,San Lorenzo,C4,acces_2050,2050,HOUSEHOLDS,FOOD_PRESERVATION,2.7401087006788187
Pando,Madre de Dios,Sena,C4,acces_2035,2024,HOUSEHOLDS,FOOD_PRESERVATION,0.6220972666916031
Pando,Madre de Dios,Sena,C4,acces_2035,2035,HOUSEHOLDS,FOOD_PRESERVATION,5.610153071041569
Pando,Madre de Dios,Sena,C4,acces_2035,2050,HOUSEHOLDS,FOOD_PRESERVATION,7.067532116761245
Pando,Madre de Dios,Sena,C4,acces_2050,2024,HOUSEHOLDS,FOOD_PRESERVATION,0.6220972666916031
Pando,Madre de Dios,Sena,C4,acces_2050,2035,HOUSEHOLDS,FOOD_PRESERVATION,3.151302004002444
Pando,Madre de Dios,Sena,C4,acces_2050,2050,HOUSEHOLDS,FOOD_PRESERVATION,7.067532116761245
Pando,Manuripi,Filadelfia,C4,acces_2035,2024,HOUSEHOLDS,FOOD_PRESERVATION,0.9250964470355058
Pando,Manuripi,Filadelfia,C4,acces_2035,2035,HOUSEHOLDS,FOOD_PRESERVATION,4.67593553064507
Pando,Manuripi,Filadelfia,C4,acces_2035,2050,HOUSEHOLDS,FOOD_PRESERVATION,5.905680537600526
Pando,Manuripi,Filadelfia,C4,acces_2050,2024,HOUSEHOLDS,FOOD_PRESERVATION,0.9250964470355058
Pando,Manuripi,Filadelfia,C4,acces_2050,2035,HOUSEHOLDS,FOOD_PRESERVATION,3.019031670685309
Pando,Manuripi,Filadelfia,C4,acces_2050,2050,HOUSEHOLDS,FOOD_PRESERVATION,5.905680537600526
Pando,Manuripi,Puerto Rico,C4,acces_2035,2024,HOUSEHOLDS,FOOD_PRESERVATION,1.0940126637484642
Pando,Manuripi,Puerto Rico,C4,acces_2035,2035,HOUSEHOLDS,FOOD_PRESERVATION,2.865625655228951
Pando,Manuripi,Puerto Rico,C4,acces_2035,2050,HOUSEHOLDS,FOOD_PRESERVATION,3.5594616153068497
Pando,Manuripi,Puerto Rico,C4,acces_2050,2024,HOUSEHOLDS,FOOD_PRESERVATION,1.0940126637484642
Pando,Manuripi,Puerto Rico,C4,acces_2050,2035,HOUSEHOLDS,FOOD_PRESERVATION,2.18178393098158
Pando,Manuripi,Puerto Rico,C4,acces_2050,2050,HOUSEHOLDS,FOOD_PRESERVATION,3.5594616153068497
Pando,Manuripi,San Pedro,C4,acces_2035,2024,HOUSEHOLDS,FOOD_PRESERVATION,0.0
Pando,Manuripi,San Pedro,C4,acces_2035,2035,HOUSEHOLDS,FOOD_PRESERVATION,0.7183805243971798
Pando,Manuripi,San Pedro,C4,acces_2035,2050,HOUSEHOLDS,FOOD_PRESERVATION,0.9000386784694768
Pando,Manuripi,San Pedro,C4,acces_2050,2024,HOUSEHOLDS,FOOD_PRESERVATION,0.0
Pando,Manuripi,San Pedro,C4,acces_2050,2035,HOUSEHOLDS,FOOD_PRESERVATION,0.11216574529242868
Pando,Manuripi,San Pedro,C4,acces_2050,2050,HOUSEHOLDS,FOOD_PRESERVATION,0.9000386784694768
Pando,Nicolás Suárez,Bella Flor,C4,acces_2035,2024,HOUSEHOLDS,FOOD_PRESERVATION,0.18111335396747047
Pando,Nicolás Suárez,Bella Flor,C4,acces_2035,2035,HOUSEHOLDS,FOOD_PRESERVATION,0.7935358304416535
Pando,Nicolás Suárez,Bella Flor,C4,acces_2035,2050,HOUSEHOLDS,FOOD_PRESERVATION,0.8413947550682859
Pando,Nicolás Suárez,Bella Flor,C4,acces_2050,2024,HOUSEHOLDS,FOOD_PRESERVATION,0.18111335396747047
Pando,Nicolás Suárez,Bella Flor,C4,acces_2050,2035,HOUSEHOLDS,FOOD_PRESERVATION,0.43775902729631555
Pando,Nicolás Suárez,Bella Flor,C4,acces_2050,2050,HOUSEHOLDS,FOOD_PRESERVATION,0.8413947550682859
Pando,Nicolás Suárez,Bolpebra,C2,acces_2035,2024,HOUSEHOLDS,FOOD_PRESERVATION,0.028088658156265038
Pando,Nicolás Suárez,Bolpebra,C2,acces_2035,2035,HOUSEHOLDS,FOOD_PRESERVATION,0.7615812718343498
Pando,Nicolás Suárez,Bolpebra,C2,acces_2035,2050,HOUSEHOLDS,FOOD_PRESERVATION,0.9189313904541906
Pando,Nicolás Suárez,Bolpebra,C2,acces_2050,2024,HOUSEHOLDS,FOOD_PRESERVATION,0.028088658156265038
Pando,Nicolás Suárez,Bolpebra,C2,acces_2050,2035,HOUSEHOLDS,FOOD_PRESERVATION,0.360000966266563
Pando,Nicolás Suárez,Bolpebra,C2,acces_2050,2050,HOUSEHOLDS,FOOD_PRESERVATION,0.9189313904541906
Pando,Nicolás Suárez,Cobija,C5,acces_2035,2024,HOUSEHOLDS,FOOD_PRESERVATION,14.130893533529381
Pando,Nicolás Suárez,Cobija,C5,acces_2035,2035,HOUSEHOLDS,FOOD_PRESERVATION,14.05650723011643
Pando,Nicolás Suárez,Cobija,C5,acces_2035,2050,HOUSEHOLDS,FOOD_PRESERVATION,16.9365816286633
Pando,Nicolás Suárez,Cobija,C5,acces_2050,2024,HOUSEHOLDS,FOOD_PRESERVATION,14.130893533529381
Pando,Nicolás Suárez,Cobija,C5,acces_2050,2035,HOUSEHOLDS,FOOD_PRESERVATION,13.684049367888145
Pando,Nicolás Suárez,Cobija,C5,acces_2050,2050,HOUSEHOLDS,FOOD_PRESERVATION,16.9365816286633
Pando,Nicolás Suárez,Porvenir,C4,acces_2035,2024,HOUSEHOLDS,FOOD_PRESERVATION,1.1798261569152833
Pando,Nicolás Suárez,Porvenir,C4,acces_2035,2035,HOUSEHOLDS,FOOD_PRESERVATION,2.1357469366038146
Pando,Nicolás Suárez,Porvenir,C4,acces_2035,2050,HOUSEHOLDS,FOOD_PRESERVATION,2.6500899638838673
Pando,Nicolás Suárez,Porvenir,C4,acces_2050,2024,HOUSEHOLDS,FOOD_PRESERVATION,1.1798261569152833
Pando,Nicolás Suárez,Porvenir,C4,acces_2050,2035,HOUSEHOLDS,FOOD_PRESERVATION,1.857230568355613
Pando,Nicolás Suárez,Porvenir,C4,acces_2050,2050,HOUSEHOLDS,FOOD_PRESERVATION,2.6500899638838673
Beni,General José Ballivián,Reyes,C1,acces_2035,2024,HOUSEHOLDS,SPACE_COOLING,0.7062033121140792
Beni,General José Ballivián,Reyes,C1,acces_2035,2035,HOUSEHOLDS,SPACE_COOLING,1.260673198920796
Beni,General José Ballivián,Reyes,C1,acces_2035,2050,HOUSEHOLDS,SPACE_COOLING,1.3080368891311185
Beni,General José Ballivián,Reyes,C1,acces_2050,2024,HOUSEHOLDS,SPACE_COOLING,0.7062033121140792
Beni,General José Ballivián,Reyes,C1,acces_2050,2035,HOUSEHOLDS,SPACE_COOLING,0.9932053938735154
Beni,General José Ballivián,Reyes,C1,acces_2050,2050,HOUSEHOLDS,SPACE_COOLING,1.3080368891311185
Beni,General José Ballivián,Santa Rosa,C1,acces_2035,2024,HOUSEHOLDS,SPACE_COOLING,0.7556179671629771
Beni,General José Ballivián,Santa Rosa,C1,acces_2035,2035,HOUSEHOLDS,SPACE_COOLING,1.6114015035593012
Beni,General José Ballivián,Santa Rosa,C1,acces_2035,2050,HOUSEHOLDS,SPACE_COOLING,1.9203425738163733
Beni,General José Ballivián,Santa Rosa,C1,acces_2050,2024,HOUSEHOLDS,SPACE_COOLING,0.7556179671629771
Beni,General José Ballivián,Santa Rosa,C1,acces_2050,2035,HOUSEHOLDS,SPACE_COOLING,1.2003969205818856
Beni,General José Ballivián,Santa Rosa,C1,acces_2050,2050,HOUSEHOLDS,SPACE_COOLING,1.9203425738163733
Beni,Vaca Diez,Guayaramerín,C3,acces_2035,2024,HOUSEHOLDS,SPACE_COOLING,5.051727194681483
Beni,Vaca Diez,Guayaramerín,C3,acces_2035,2035,HOUSEHOLDS,SPACE_COOLING,6.128280277018781
Beni,Vaca Diez,Guayaramerín,C3,acces_2035,2050,HOUSEHOLDS,SPACE_COOLING,6.705601800160366
Beni,Vaca Diez,Guayaramerín,C3,acces_2050,2024,HOUSEHOLDS,SPACE_COOLING,5.051727194681483
Beni,Vaca Diez,Guayaramerín,C3,acces_2050,2035,HOUSEHOLDS,SPACE_COOLING,5.5760194024447225
Beni,Vaca Diez,Guayaramerín,C3,acces_2050,2050,HOUSEHOLDS,SPACE_COOLING,6.705601800160366
Beni,Vaca Diez,Riberalta,C3,acces_2035,2024,HOUSEHOLDS,SPACE_COOLING,8.127293590298509
Beni,Vaca Diez,Riberalta,C3,acces_2035,2035,HOUSEHOLDS,SPACE_COOLING,12.377062064879924
Beni,Vaca Diez,Riberalta,C3,acces_2035,2050,HOUSEHOLDS,SPACE_COOLING,14.565405715757057
Beni,Vaca Diez,Riberalta,C3,acces_2050,2024,HOUSEHOLDS,SPACE_COOLING,8.127293590298509
Beni,Vaca Diez,Riberalta,C3,acces_2050,2035,HOUSEHOLDS,SPACE_COOLING,10.898238473777674
Beni,Vaca Diez,Riberalta,C3,acces_2050,2050,HOUSEHOLDS,SPACE_COOLING,14.565405715757057
Beni,Yacuma,Exaltación,C1,acces_2035,2024,HOUSEHOLDS,SPACE_COOLING,0.07899392075694965
Beni,Yacuma,Exaltación,C1,acces_2035,2035,HOUSEHOLDS,SPACE_COOLING,0.6440230399568869
Beni,Yacuma,Exaltación,C1,acces_2035,2050,HOUSEHOLDS,SPACE_COOLING,0.7818544133240096
Beni,Yacuma,Exaltación,C1,acces_2050,2024,HOUSEHOLDS,SPACE_COOLING,0.07899392075694965
Beni,Yacuma,Exaltación,C1,acces_2050,2035,HOUSEHOLDS,SPACE_COOLING,0.38197669821378205
Beni,Yacuma,Exaltación,C1,acces_2050,2050,HOUSEHOLDS,SPACE_COOLING,0.7818544133240096
La Paz,Abel Iturralde,Ixiamas,C1,acces_2035,2024,HOUSEHOLDS,SPACE_COOLING,0.3544025617076779
La Paz,Abel Iturralde,Ixiamas,C1,acces_2035,2035,HOUSEHOLDS,SPACE_COOLING,1.4784443752284309
La Paz,Abel Iturralde,Ixiamas,C1,acces_2035,2050,HOUSEHOLDS,SPACE_COOLING,1.7524116952146187
La Paz,Abel Iturralde,Ixiamas,C1,acces_2050,2024,HOUSEHOLDS,SPACE_COOLING,0.3544025617076779
La Paz,Abel Iturralde,Ixiamas,C1,acces_2050,2035,HOUSEHOLDS,SPACE_COOLING,0.8948086959232269
La Paz,Abel Iturralde,Ixiamas,C1,acces_2050,2050,HOUSEHOLDS,SPACE_COOLING,1.7524116952146187
Pando,Abuná,Ingavi,C4,acces_2035,2024,HOUSEHOLDS,SPACE_COOLING,0.03401561665039466
Pando,Abuná,Ingavi,C4,acces_2035,2035,HOUSEHOLDS,SPACE_COOLING,0.3362502798407178
Pando,Abuná,Ingavi,C4,acces_2035,2050,HOUSEHOLDS,SPACE_COOLING,0.43366254262029
Pando,Abuná,Ingavi,C4,acces_2050,2024,HOUSEHOLDS,SPACE_COOLING,0.03401561665039466
Pando,Abuná,Ingavi,C4,acces_2050,2035,HOUSEHOLDS,SPACE_COOLING,0.14663190489660274
Pando,Abuná,Ingavi,C4,acces_2050,2050,HOUSEHOLDS,SPACE_COOLING,0.43366254262029
Pando,Abuná,Santa Rosa,C4,acces_2035,2024,HOUSEHOLDS,SPACE_COOLING,0.09607112581037568
Pando,Abuná,Santa Rosa,C4,acces_2035,2035,HOUSEHOLDS,SPACE_COOLING,0.2442660701023186
Pando,Abuná,Santa Rosa,C4,acces_2035,2050,HOUSEHOLDS,SPACE_COOLING,0.2992491784047924
Pando,Abuná,Santa Rosa,C4,acces_2050,2024,HOUSEHOLDS,SPACE_COOLING,0.09607112581037568
Pando,Abuná,Santa Rosa,C4,acces_2050,2035,HOUSEHOLDS,SPACE_COOLING,0.19994658135081442
Pando,Abuná,Santa Rosa,C4,acces_2050,2050,HOUSEHOLDS,SPACE_COOLING,0.2992491784047924
Pando,Federico Román,Nueva Esperanza,C4,acces_2035,2024,HOUSEHOLDS,SPACE_COOLING,0.021450033535124067
Pando,Federico Román,Nueva Esperanza,C4,acces_2035,2035,HOUSEHOLDS,SPACE_COOLING,0.22795768917325704
Pando,Federico Román,Nueva Esperanza,C4,acces_2035,2050,HOUSEHOLDS,SPACE_COOLING,0.2398798848175971
Pando,Federico Román,Nueva Esperanza,C4,acces_2050,2024,HOUSEHOLDS,SPACE_COOLING,0.021450033535124067
Pando,Federico Román,Nueva Esperanza,C4,acces_2050,2035,HOUSEHOLDS,SPACE_COOLING,0.12716680045392176
Pando,Federico Román,Nueva Esperanza,C4,acces_2050,2050,HOUSEHOLDS,SPACE_COOLING,0.2398798848175971
Pando,Federico Román,Santos Mercado,C4,acces_2035,2024,HOUSEHOLDS,SPACE_COOLING,0.0533419451041732
Pando,Federico Román,Santos Mercado,C4,acces_2035,2035,HOUSEHOLDS,SPACE_COOLING,0.27082944522459057
Pando,Federico Román,Santos Mercado,C4,acces_2035,2050,HOUSEHOLDS,SPACE_COOLING,0.33323667242619465
Pando,Federico Román,Santos Mercado,C4,acces_2050,2024,HOUSEHOLDS,SPACE_COOLING,0.0533419451041732
Pando,Federico Román,Santos Mercado,C4,acces_2050,2035,HOUSEHOLDS,SPACE_COOLING,0.16267287458914295
Pando,Federico Román,Santos Mercado,C4,acces_2050,2050,HOUSEHOLDS,SPACE_COOLING,0.33323667242619465
Pando,Federico Román,Villa Nueva,C4,acces_2035,2024,HOUSEHOLDS,SPACE_COOLING,0.10828551510330438
Pando,Federico Román,Villa Nueva,C4,acces_2035,2035,HOUSEHOLDS,SPACE_COOLING,0.41850416849564986
Pando,Federico Román,Villa Nueva,C4,acces_2035,2050,HOUSEHOLDS,SPACE_COOLING,0.44593372797930075
Pando,Federico Román,Villa Nueva,C4,acces_2050,2024,HOUSEHOLDS,SPACE_COOLING,0.10828551510330438
Pando,Federico Román,Villa Nueva,C4,acces_2050,2035,HOUSEHOLDS,SPACE_COOLING,0.26555820743473585
Pando,Federico Román,Villa Nueva,C4,acces_2050,2050,HOUSEHOLDS,SPACE_COOLING,0.44593372797930075
Pando,Madre de Dios,Puerto Gonzalo Moreno,C3,acces_2035,2024,HOUSEHOLDS,SPACE_COOLING,0.1652177726443129
Pando,Madre de Dios,Puerto Gonzalo Moreno,C3,acces_2035,2035,HOUSEHOLDS,SPACE_COOLING,0.40253118779366054
Pando,Madre de Dios,Puerto Gonzalo Moreno,C3,acces_2035,2050,HOUSEHOLDS,SPACE_COOLING,0.5095524027165617
Pando,Madre de Dios,Puerto Gonzalo Moreno,C3,acces_2050,2024,HOUSEHOLDS,SPACE_COOLING,0.1652177726443129
Pando,Madre de Dios,Puerto Gonzalo Moreno,C3,acces_2050,2035,HOUSEHOLDS,SPACE_COOLING,0.33789648453105303
Pando,Madre de Dios,Puerto Gonzalo Moreno,C3,acces_2050,2050,HOUSEHOLDS,SPACE_COOLING,0.5095524027165617
Pando,Madre de Dios,San Lorenzo,C4,acces_2035,2024,HOUSEHOLDS,SPACE_COOLING,0.4678723299608096
Pando,Madre de Dios,San Lorenzo,C4,acces_2035,2035,HOUSEHOLDS,SPACE_COOLING,1.1451779738235541
Pando,Madre de Dios,San Lorenzo,C4,acces_2035,2050,HOUSEHOLDS,SPACE_COOLING,1.451132224269381
Pando,Madre de Dios,San Lorenzo,C4,acces_2050,2024,HOUSEHOLDS,SPACE_COOLING,0.4678723299608096
Pando,Madre de Dios,San Lorenzo,C4,acces_2050,2035,HOUSEHOLDS,SPACE_COOLING,0.9913945433797089
Pando,Madre de Dios,San Lorenzo,C4,acces_2050,2050,HOUSEHOLDS,SPACE_COOLING,1.451132224269381
Pando,Madre de Dios,Sena,C4,acces_2035,2024,HOUSEHOLDS,SPACE_COOLING,0.7411787403257729
Pando,Madre de Dios,Sena,C4,acces_2035,2035,HOUSEHOLDS,SPACE_COOLING,3.113621061328845
Pando,Madre de Dios,Sena,C4,acces_2035,2050,HOUSEHOLDS,SPACE_COOLING,3.9224628226196208
Pando,Madre de Dios,Sena,C4,acces_2050,2024,HOUSEHOLDS,SPACE_COOLING,0.7411787403257729
Pando,Madre de Dios,Sena,C4,acces_2050,2035,HOUSEHOLDS,SPACE_COOLING,2.1974651547759048
Pando,Madre de Dios,Sena,C4,acces_2050,2050,HOUSEHOLDS,SPACE_COOLING,3.9224628226196208
Pando,Manuripi,Filadelfia,C4,acces_2035,2024,HOUSEHOLDS,SPACE_COOLING,0.6835250738902029
Pando,Manuripi,Filadelfia,C4,acces_2035,2035,HOUSEHOLDS,SPACE_COOLING,2.3099952228285074
Pando,Manuripi,Filadelfia,C4,acces_2035,2050,HOUSEHOLDS,SPACE_COOLING,2.917511103393358
Pando,Manuripi,Filadelfia,C4,acces_2050,2024,HOUSEHOLDS,SPACE_COOLING,0.6835250738902029
Pando,Manuripi,Filadelfia,C4,acces_2050,2035,HOUSEHOLDS,SPACE_COOLING,1.7210236328656883
Pando,Manuripi,Filadelfia,C4,acces_2050,2050,HOUSEHOLDS,SPACE_COOLING,2.917511103393358
Pando,Manuripi,Puerto Rico,C4,acces_2035,2024,HOUSEHOLDS,SPACE_COOLING,0.6547732434662922
Pando,Manuripi,Puerto Rico,C4,acces_2035,2035,HOUSEHOLDS,SPACE_COOLING,1.4884804660840676
Pando,Manuripi,Puerto Rico,C4,acces_2035,2050,HOUSEHOLDS,SPACE_COOLING,1.848876902149658
Pando,Manuripi,Puerto Rico,C4,acces_2050,2024,HOUSEHOLDS,SPACE_COOLING,0.6547732434662922
Pando,Manuripi,Puerto Rico,C4,acces_2050,2035,HOUSEHOLDS,SPACE_COOLING,1.2440726404331919
Pando,Manuripi,Puerto Rico,C4,acces_2050,2050,HOUSEHOLDS,SPACE_COOLING,1.848876902149658
Pando,Manuripi,San Pedro,C4,acces_2035,2024,HOUSEHOLDS,SPACE_COOLING,0.0006616117616071171
Pando,Manuripi,San Pedro,C4,acces_2035,2035,HOUSEHOLDS,SPACE_COOLING,0.3658444091292225
Pando,Manuripi,San Pedro,C4,acces_2035,2050,HOUSEHOLDS,SPACE_COOLING,0.4583561320713955
Pando,Manuripi,San Pedro,C4,acces_2050,2024,HOUSEHOLDS,SPACE_COOLING,0.0006616117616071171
Pando,Manuripi,San Pedro,C4,acces_2050,2035,HOUSEHOLDS,SPACE_COOLING,0.12918867812452772
Pando,Manuripi,San Pedro,C4,acces_2050,2050,HOUSEHOLDS,SPACE_COOLING,0.4583561320713955
Pando,Nicolás Suárez,Bella Flor,C4,acces_2035,2024,HOUSEHOLDS,SPACE_COOLING,0.13389510750936795
Pando,Nicolás Suárez,Bella Flor,C4,acces_2035,2035,HOUSEHOLDS,SPACE_COOLING,0.4081506721619103
Pando,Nicolás Suárez,Bella Flor,C4,acces_2035,2050,HOUSEHOLDS,SPACE_COOLING,0.4327666397161851
Pando,Nicolás Suárez,Bella Flor,C4,acces_2050,2024,HOUSEHOLDS,SPACE_COOLING,0.13389510750936795
Pando,Nicolás Suárez,Bella Flor,C4,acces_2050,2035,HOUSEHOLDS,SPACE_COOLING,0.27810893471324993
Pando,Nicolás Suárez,Bella Flor,C4,acces_2050,2050,HOUSEHOLDS,SPACE_COOLING,0.4327666397161851
Pando,Nicolás Suárez,Bolpebra,C2,acces_2035,2024,HOUSEHOLDS,SPACE_COOLING,0.04313493445698369
Pando,Nicolás Suárez,Bolpebra,C2,acces_2035,2035,HOUSEHOLDS,SPACE_COOLING,0.38397485182576174
Pando,Nicolás Suárez,Bolpebra,C2,acces_2035,2050,HOUSEHOLDS,SPACE_COOLING,0.4633078011987092
Pando,Nicolás Suárez,Bolpebra,C2,acces_2050,2024,HOUSEHOLDS,SPACE_COOLING,0.04313493445698369
Pando,Nicolás Suárez,Bolpebra,C2,acces_2050,2035,HOUSEHOLDS,SPACE_COOLING,0.22555448981929524
Pando,Nicolás Suárez,Bolpebra,C2,acces_2050,2050,HOUSEHOLDS,SPACE_COOLING,0.4633078011987092
Pando,Nicolás Suárez,Cobija,C5,acces_2035,2024,HOUSEHOLDS,SPACE_COOLING,7.326727937658459
Pando,Nicolás Suárez,Cobija,C5,acces_2035,2035,HOUSEHOLDS,SPACE_COOLING,7.015594494401979
Pando,Nicolás Suárez,Cobija,C5,acces_2035,2050,HOUSEHOLDS,SPACE_COOLING,8.45303793345367
Pando,Nicolás Suárez,Cobija,C5,acces_2050,2024,HOUSEHOLDS,SPACE_COOLING,7.326727937658459
Pando,Nicolás Suárez,Cobija,C5,acces_2050,2035,HOUSEHOLDS,SPACE_COOLING,6.894030278544385
Pando,Nicolás Suárez,Cobija,C5,acces_2050,2050,HOUSEHOLDS,SPACE_COOLING,8.45303793345367
Pando,Nicolás Suárez,Porvenir,C4,acces_2035,2024,HOUSEHOLDS,SPACE_COOLING,0.6214886487049512
Pando,Nicolás Suárez,Porvenir,C4,acces_2035,2035,HOUSEHOLDS,SPACE_COOLING,1.0659500404034228
Pando,Nicolás Suárez,Porvenir,C4,acces_2035,2050,HOUSEHOLDS,SPACE_COOLING,1.3226583429246102
Pando,Nicolás Suárez,Porvenir,C4,acces_2050,2024,HOUSEHOLDS,SPACE_COOLING,0.6214886487049512
Pando,Nicolás Suárez,Porvenir,C4,acces_2050,2035,HOUSEHOLDS,SPACE_COOLING,0.9692107488867056
Pando,Nicolás Suárez,Porvenir,C4,acces_2050,2050,HOUSEHOLDS,SPACE_COOLING,1.3226583429246102
Beni,General José Ballivián,Reyes,C1,acces_2035,2024,HOUSEHOLDS,HEAT_LOW_T_HW,0.06125988059475963
Beni,General José Ballivián,Reyes,C1,acces_2035,2035,HOUSEHOLDS,HEAT_LOW_T_HW,0.09502580334224148
Beni,General José Ballivián,Reyes,C1,acces_2035,2050,HOUSEHOLDS,HEAT_LOW_T_HW,0.09859593770802463
Beni,General José Ballivián,Reyes,C1,acces_2050,2024,HOUSEHOLDS,HEAT_LOW_T_HW,0.06125988059475963
Beni,General José Ballivián,Reyes,C1,acces_2050,2035,HOUSEHOLDS,HEAT_LOW_T_HW,0.08154126501343449
Beni,General José Ballivián,Reyes,C1,acces_2050,2050,HOUSEHOLDS,HEAT_LOW_T_HW,0.09859593770802463
Beni,General José Ballivián,Santa Rosa,C1,acces_2035,2024,HOUSEHOLDS,HEAT_LOW_T_HW,0.11356400961552364
Beni,General José Ballivián,Santa Rosa,C1,acces_2035,2035,HOUSEHOLDS,HEAT_LOW_T_HW,0.22263640161963538
Beni,General José Ballivián,Santa Rosa,C1,acces_2035,2050,HOUSEHOLDS,HEAT_LOW_T_HW,0.2653206910674404
Beni,General José Ballivián,Santa Rosa,C1,acces_2050,2024,HOUSEHOLDS,HEAT_LOW_T_HW,0.11356400961552364
Beni,General José Ballivián,Santa Rosa,C1,acces_2050,2035,HOUSEHOLDS,HEAT_LOW_T_HW,0.17635643522635688
Beni,General José Ballivián,Santa Rosa,C1,acces_2050,2050,HOUSEHOLDS,HEAT_LOW_T_HW,0.2653206910674404
Beni,Vaca Diez,Guayaramerín,C3,acces_2035,2024,HOUSEHOLDS,HEAT_LOW_T_HW,0.646111451640595
Beni,Vaca Diez,Guayaramerín,C3,acces_2035,2035,HOUSEHOLDS,HEAT_LOW_T_HW,0.844390707977844
Beni,Vaca Diez,Guayaramerín,C3,acces_2035,2050,HOUSEHOLDS,HEAT_LOW_T_HW,0.9239374825410852
Beni,Vaca Diez,Guayaramerín,C3,acces_2050,2024,HOUSEHOLDS,HEAT_LOW_T_HW,0.646111451640595
Beni,Vaca Diez,Guayaramerín,C3,acces_2050,2035,HOUSEHOLDS,HEAT_LOW_T_HW,0.7899363232196462
Beni,Vaca Diez,Guayaramerín,C3,acces_2050,2050,HOUSEHOLDS,HEAT_LOW_T_HW,0.9239374825410852
Beni,Vaca Diez,Riberalta,C3,acces_2035,2024,HOUSEHOLDS,HEAT_LOW_T_HW,1.2524191046073998
Beni,Vaca Diez,Riberalta,C3,acces_2035,2035,HOUSEHOLDS,HEAT_LOW_T_HW,1.7891446725653088
Beni,Vaca Diez,Riberalta,C3,acces_2035,2050,HOUSEHOLDS,HEAT_LOW_T_HW,2.1054768816295706
Beni,Vaca Diez,Riberalta,C3,acces_2050,2024,HOUSEHOLDS,HEAT_LOW_T_HW,1.2524191046073998
Beni,Vaca Diez,Riberalta,C3,acces_2050,2035,HOUSEHOLDS,HEAT_LOW_T_HW,1.6424562346302258
Beni,Vaca Diez,Riberalta,C3,acces_2050,2050,HOUSEHOLDS,HEAT_LOW_T_HW,2.1054768816295706
Beni,Yacuma,Exaltación,C1,acces_2035,2024,HOUSEHOLDS,HEAT_LOW_T_HW,0.009808914188021435
Beni,Yacuma,Exaltación,C1,acces_2035,2035,HOUSEHOLDS,HEAT_LOW_T_HW,0.059073613781010524
Beni,Yacuma,Exaltación,C1,acces_2035,2050,HOUSEHOLDS,HEAT_LOW_T_HW,0.07171632500721252
Beni,Yacuma,Exaltación,C1,acces_2050,2024,HOUSEHOLDS,HEAT_LOW_T_HW,0.009808914188021435
Beni,Yacuma,Exaltación,C1,acces_2050,2035,HOUSEHOLDS,HEAT_LOW_T_HW,0.037440798521419225
Beni,Yacuma,Exaltación,C1,acces_2050,2050,HOUSEHOLDS,HEAT_LOW_T_HW,0.07171632500721252
La Paz,Abel Iturralde,Ixiamas,C1,acces_2035,2024,HOUSEHOLDS,HEAT_LOW_T_HW,0.1273561182441904
La Paz,Abel Iturralde,Ixiamas,C1,acces_2035,2035,HOUSEHOLDS,HEAT_LOW_T_HW,0.34848956650130997
La Paz,Abel Iturralde,Ixiamas,C1,acces_2035,2050,HOUSEHOLDS,HEAT_LOW_T_HW,0.4130674120917204
La Paz,Abel Iturralde,Ixiamas,C1,acces_2050,2024,HOUSEHOLDS,HEAT_LOW_T_HW,0.1273561182441904
La Paz,Abel Iturralde,Ixiamas,C1,acces_2050,2035,HOUSEHOLDS,HEAT_LOW_T_HW,0.25402645647241856
La Paz,Abel Iturralde,Ixiamas,C1,acces_2050,2050,HOUSEHOLDS,HEAT_LOW_T_HW,0.4130674120917204
Pando,Abuná,Ingavi,C4,acces_2035,2024,HOUSEHOLDS,HEAT_LOW_T_HW,0.003485567977606534
Pando,Abuná,Ingavi,C4,acces_2035,2035,HOUSEHOLDS,HEAT_LOW_T_HW,0.02479615727706746
Pando,Abuná,Ingavi,C4,acces_2035,2050,HOUSEHOLDS,HEAT_LOW_T_HW,0.031979645093766065
Pando,Abuná,Ingavi,C4,acces_2050,2024,HOUSEHOLDS,HEAT_LOW_T_HW,0.003485567977606534
Pando,Abuná,Ingavi,C4,acces_2050,2035,HOUSEHOLDS,HEAT_LOW_T_HW,0.013082037999737412
Pando,Abuná,Ingavi,C4,acces_2050,2050,HOUSEHOLDS,HEAT_LOW_T_HW,0.031979645093766065
Pando,Abuná,Santa Rosa,C4,acces_2035,2024,HOUSEHOLDS,HEAT_LOW_T_HW,0.015211471344224773
Pando,Abuná,Santa Rosa,C4,acces_2035,2035,HOUSEHOLDS,HEAT_LOW_T_HW,0.028938914140618662
Pando,Abuná,Santa Rosa,C4,acces_2035,2050,HOUSEHOLDS,HEAT_LOW_T_HW,0.035452923432548245
Pando,Abuná,Santa Rosa,C4,acces_2050,2024,HOUSEHOLDS,HEAT_LOW_T_HW,0.015211471344224773
Pando,Abuná,Santa Rosa,C4,acces_2050,2035,HOUSEHOLDS,HEAT_LOW_T_HW,0.025002027768373243
Pando,Abuná,Santa Rosa,C4,acces_2050,2050,HOUSEHOLDS,HEAT_LOW_T_HW,0.035452923432548245
Pando,Federico Román,Nueva Esperanza,C4,acces_2035,2024,HOUSEHOLDS,HEAT_LOW_T_HW,0.001141596582562739
Pando,Federico Román,Nueva Esperanza,C4,acces_2035,2035,HOUSEHOLDS,HEAT_LOW_T_HW,0.008595276599106264
Pando,Federico Román,Nueva Esperanza,C4,acces_2035,2050,HOUSEHOLDS,HEAT_LOW_T_HW,0.009044809885758759
Pando,Federico Román,Nueva Esperanza,C4,acces_2050,2024,HOUSEHOLDS,HEAT_LOW_T_HW,0.001141596582562739
Pando,Federico Román,Nueva Esperanza,C4,acces_2050,2035,HOUSEHOLDS,HEAT_LOW_T_HW,0.005361365560359717
Pando,Federico Román,Nueva Esperanza,C4,acces_2050,2050,HOUSEHOLDS,HEAT_LOW_T_HW,0.009044809885758759
Pando,Federico Román,Santos Mercado,C4,acces_2035,2024,HOUSEHOLDS,HEAT_LOW_T_HW,0.0014435341034675353
Pando,Federico Román,Santos Mercado,C4,acces_2035,2035,HOUSEHOLDS,HEAT_LOW_T_HW,0.005451370744817455
Pando,Federico Román,Santos Mercado,C4,acces_2035,2050,HOUSEHOLDS,HEAT_LOW_T_HW,0.0067075300680767055
Pando,Federico Román,Santos Mercado,C4,acces_2050,2024,HOUSEHOLDS,HEAT_LOW_T_HW,0.0014435341034675353
Pando,Federico Román,Santos Mercado,C4,acces_2050,2035,HOUSEHOLDS,HEAT_LOW_T_HW,0.003713393784189667
Pando,Federico Román,Santos Mercado,C4,acces_2050,2050,HOUSEHOLDS,HEAT_LOW_T_HW,0.0067075300680767055
Pando,Federico Román,Villa Nueva,C4,acces_2035,2024,HOUSEHOLDS,HEAT_LOW_T_HW,0.0024896356356401824
Pando,Federico Román,Villa Nueva,C4,acces_2035,2035,HOUSEHOLDS,HEAT_LOW_T_HW,0.007140199310090162
Pando,Federico Román,Villa Nueva,C4,acces_2035,2050,HOUSEHOLDS,HEAT_LOW_T_HW,0.007608181558403838
Pando,Federico Román,Villa Nueva,C4,acces_2050,2024,HOUSEHOLDS,HEAT_LOW_T_HW,0.0024896356356401824
Pando,Federico Román,Villa Nueva,C4,acces_2050,2035,HOUSEHOLDS,HEAT_LOW_T_HW,0.005048504483710118
Pando,Federico Román,Villa Nueva,C4,acces_2050,2050,HOUSEHOLDS,HEAT_LOW_T_HW,0.007608181558403838
Pando,Madre de Dios,Puerto Gonzalo Moreno,C3,acces_2035,2024,HOUSEHOLDS,HEAT_LOW_T_HW,0.018916689123284293
Pando,Madre de Dios,Puerto Gonzalo Moreno,C3,acces_2035,2035,HOUSEHOLDS,HEAT_LOW_T_HW,0.03464228291235588
Pando,Madre de Dios,Puerto Gonzalo Moreno,C3,acces_2035,2050,HOUSEHOLDS,HEAT_LOW_T_HW,0.04385264801550323
Pando,Madre de Dios,Puerto Gonzalo Moreno,C3,acces_2050,2024,HOUSEHOLDS,HEAT_LOW_T_HW,0.018916689123284293
Pando,Madre de Dios,Puerto Gonzalo Moreno,C3,acces_2050,2035,HOUSEHOLDS,HEAT_LOW_T_HW,0.03064922812438341
Pando,Madre de Dios,Puerto Gonzalo Moreno,C3,acces_2050,2050,HOUSEHOLDS,HEAT_LOW_T_HW,0.04385264801550323
Pando,Madre de Dios,San Lorenzo,C4,acces_2035,2024,HOUSEHOLDS,HEAT_LOW_T_HW,0.03450725127205224
Pando,Madre de Dios,San Lorenzo,C4,acces_2035,2035,HOUSEHOLDS,HEAT_LOW_T_HW,0.06308775696370643
Pando,Madre de Dios,San Lorenzo,C4,acces_2035,2050,HOUSEHOLDS,HEAT_LOW_T_HW,0.07994275054142372
Pando,Madre de Dios,San Lorenzo,C4,acces_2050,2024,HOUSEHOLDS,HEAT_LOW_T_HW,0.03450725127205224
Pando,Madre de Dios,San Lorenzo,C4,acces_2050,2035,HOUSEHOLDS,HEAT_LOW_T_HW,0.05690541042144231
Pando,Madre de Dios,San Lorenzo,C4,acces_2050,2050,HOUSEHOLDS,HEAT_LOW_T_HW,0.07994275054142372
Pando,Madre de Dios,Sena,C4,acces_2035,2024,HOUSEHOLDS,HEAT_LOW_T_HW,0.06761623907793794
Pando,Madre de Dios,Sena,C4,acces_2035,2035,HOUSEHOLDS,HEAT_LOW_T_HW,0.22196245218252167
Pando,Madre de Dios,Sena,C4,acces_2035,2050,HOUSEHOLDS,HEAT_LOW_T_HW,0.27962280879865686
Pando,Madre de Dios,Sena,C4,acces_2050,2024,HOUSEHOLDS,HEAT_LOW_T_HW,0.06761623907793794
Pando,Madre de Dios,Sena,C4,acces_2050,2035,HOUSEHOLDS,HEAT_LOW_T_HW,0.17328375382269376
Pando,Madre de Dios,Sena,C4,acces_2050,2050,HOUSEHOLDS,HEAT_LOW_T_HW,0.27962280879865686
Pando,Manuripi,Filadelfia,C4,acces_2035,2024,HOUSEHOLDS,HEAT_LOW_T_HW,0.11074191183551009
Pando,Manuripi,Filadelfia,C4,acces_2035,2035,HOUSEHOLDS,HEAT_LOW_T_HW,0.27176981258242827
Pando,Manuripi,Filadelfia,C4,acces_2035,2050,HOUSEHOLDS,HEAT_LOW_T_HW,0.34324375996132966
Pando,Manuripi,Filadelfia,C4,acces_2050,2024,HOUSEHOLDS,HEAT_LOW_T_HW,0.11074191183551009
Pando,Manuripi,Filadelfia,C4,acces_2050,2035,HOUSEHOLDS,HEAT_LOW_T_HW,0.2193445114890466
Pando,Manuripi,Filadelfia,C4,acces_2050,2050,HOUSEHOLDS,HEAT_LOW_T_HW,0.34324375996132966
Pando,Manuripi,Puerto Rico,C4,acces_2035,2024,HOUSEHOLDS,HEAT_LOW_T_HW,0.09356341845122235
Pando,Manuripi,Puerto Rico,C4,acces_2035,2035,HOUSEHOLDS,HEAT_LOW_T_HW,0.17103706453263823
Pando,Manuripi,Puerto Rico,C4,acces_2035,2050,HOUSEHOLDS,HEAT_LOW_T_HW,0.21244919582842234
Pando,Manuripi,Puerto Rico,C4,acces_2050,2024,HOUSEHOLDS,HEAT_LOW_T_HW,0.09356341845122235
Pando,Manuripi,Puerto Rico,C4,acces_2050,2035,HOUSEHOLDS,HEAT_LOW_T_HW,0.15029056746611835
Pando,Manuripi,Puerto Rico,C4,acces_2050,2050,HOUSEHOLDS,HEAT_LOW_T_HW,0.21244919582842234
Pando,Manuripi,San Pedro,C4,acces_2035,2024,HOUSEHOLDS,HEAT_LOW_T_HW,1.9430061018133216e-05
Pando,Manuripi,San Pedro,C4,acces_2035,2035,HOUSEHOLDS,HEAT_LOW_T_HW,0.007611816260509526
Pando,Manuripi,San Pedro,C4,acces_2035,2050,HOUSEHOLDS,HEAT_LOW_T_HW,0.00953662970416736
Pando,Manuripi,San Pedro,C4,acces_2050,2024,HOUSEHOLDS,HEAT_LOW_T_HW,1.9430061018133216e-05
Pando,Manuripi,San Pedro,C4,acces_2050,2035,HOUSEHOLDS,HEAT_LOW_T_HW,0.00357961771756278
Pando,Manuripi,San Pedro,C4,acces_2050,2050,HOUSEHOLDS,HEAT_LOW_T_HW,0.00953662970416736
Pando,Nicolás Suárez,Bella Flor,C4,acces_2035,2024,HOUSEHOLDS,HEAT_LOW_T_HW,0.014518535273846769
Pando,Nicolás Suárez,Bella Flor,C4,acces_2035,2035,HOUSEHOLDS,HEAT_LOW_T_HW,0.03404161312322122
Pando,Nicolás Suárez,Bella Flor,C4,acces_2035,2050,HOUSEHOLDS,HEAT_LOW_T_HW,0.03609469621554546
Pando,Nicolás Suárez,Bella Flor,C4,acces_2050,2024,HOUSEHOLDS,HEAT_LOW_T_HW,0.014518535273846769
Pando,Nicolás Suárez,Bella Flor,C4,acces_2050,2035,HOUSEHOLDS,HEAT_LOW_T_HW,0.02578071894137659
Pando,Nicolás Suárez,Bella Flor,C4,acces_2050,2050,HOUSEHOLDS,HEAT_LOW_T_HW,0.03609469621554546
Pando,Nicolás Suárez,Bolpebra,C2,acces_2035,2024,HOUSEHOLDS,HEAT_LOW_T_HW,0.01533929559962366
Pando,Nicolás Suárez,Bolpebra,C2,acces_2035,2035,HOUSEHOLDS,HEAT_LOW_T_HW,0.09811806677921821
Pando,Nicolás Suárez,Bolpebra,C2,acces_2035,2050,HOUSEHOLDS,HEAT_LOW_T_HW,0.11839021634150095
Pando,Nicolás Suárez,Bolpebra,C2,acces_2050,2024,HOUSEHOLDS,HEAT_LOW_T_HW,0.01533929559962366
Pando,Nicolás Suárez,Bolpebra,C2,acces_2050,2035,HOUSEHOLDS,HEAT_LOW_T_HW,0.06443851726993946
Pando,Nicolás Suárez,Bolpebra,C2,acces_2050,2050,HOUSEHOLDS,HEAT_LOW_T_HW,0.11839021634150095
Pando,Nicolás Suárez,Cobija,C5,acces_2035,2024,HOUSEHOLDS,HEAT_LOW_T_HW,1.1567235264273181
Pando,Nicolás Suárez,Cobija,C5,acces_2035,2035,HOUSEHOLDS,HEAT_LOW_T_HW,1.4794336853232666
Pando,Nicolás Suárez,Cobija,C5,acces_2035,2050,HOUSEHOLDS,HEAT_LOW_T_HW,1.7825587086091612
Pando,Nicolás Suárez,Cobija,C5,acces_2050,2024,HOUSEHOLDS,HEAT_LOW_T_HW,1.1567235264273181
Pando,Nicolás Suárez,Cobija,C5,acces_2050,2035,HOUSEHOLDS,HEAT_LOW_T_HW,1.462130997766995
Pando,Nicolás Suárez,Cobija,C5,acces_2050,2050,HOUSEHOLDS,HEAT_LOW_T_HW,1.7825587086091612
Pando,Nicolás Suárez,Porvenir,C4,acces_2035,2024,HOUSEHOLDS,HEAT_LOW_T_HW,0.147546833407214
Pando,Nicolás Suárez,Porvenir,C4,acces_2035,2035,HOUSEHOLDS,HEAT_LOW_T_HW,0.23226774818635232
Pando,Nicolás Suárez,Porvenir,C4,acces_2035,2050,HOUSEHOLDS,HEAT_LOW_T_HW,0.2882038212735782
Pando,Nicolás Suárez,Porvenir,C4,acces_2050,2024,HOUSEHOLDS,HEAT_LOW_T_HW,0.147546833407214
Pando,Nicolás Suárez,Porvenir,C4,acces_2050,2035,HOUSEHOLDS,HEAT_LOW_T_HW,0.21684569868257986
Pando,Nicolás Suárez,Porvenir,C4,acces_2050,2050,HOUSEHOLDS,HEAT_LOW_T_HW,0.2882038212735782
Beni,General José Ballivián,Reyes,C1,acces_2035,2024,HOUSEHOLDS,LIGHTING_R_C,0.3714377329222274
Beni,General José Ballivián,Reyes,C1,acces_2035,2035,HOUSEHOLDS,LIGHTING_R_C,0.5761710375513683
Beni,General José Ballivián,Reyes,C1,acces_2035,2050,HOUSEHOLDS,LIGHTING_R_C,0.5978178739829705
Beni,General José Ballivián,Reyes,C1,acces_2050,2024,HOUSEHOLDS,LIGHTING_R_C,0.3714377329222274
Beni,General José Ballivián,Reyes,C1,acces_2050,2035,HOUSEHOLDS,LIGHTING_R_C,0.49441008245764595
Beni,General José Ballivián,Reyes,C1,acces_2050,2050,HOUSEHOLDS,LIGHTING_R_C,0.5978178739829705
Beni,General José Ballivián,Santa Rosa,C1,acces_2035,2024,HOUSEHOLDS,LIGHTING_R_C,0.3166480517699564
Beni,General José Ballivián,Santa Rosa,C1,acces_2035,2035,HOUSEHOLDS,LIGHTING_R_C,0.6207722240928563
Beni,General José Ballivián,Santa Rosa,C1,acces_2035,2050,HOUSEHOLDS,LIGHTING_R_C,0.7397878976375919
Beni,General José Ballivián,Santa Rosa,C1,acces_2050,2024,HOUSEHOLDS,LIGHTING_R_C,0.3166480517699564
Beni,General José Ballivián,Santa Rosa,C1,acces_2050,2035,HOUSEHOLDS,LIGHTING_R_C,0.4917308029240891
Beni,General José Ballivián,Santa Rosa,C1,acces_2050,2050,HOUSEHOLDS,LIGHTING_R_C,0.7397878976375919
Beni,Vaca Diez,Guayaramerín,C3,acces_2035,2024,HOUSEHOLDS,LIGHTING_R_C,1.8404865715161582
Beni,Vaca Diez,Guayaramerín,C3,acces_2035,2035,HOUSEHOLDS,LIGHTING_R_C,2.405296725820485
Beni,Vaca Diez,Guayaramerín,C3,acces_2035,2050,HOUSEHOLDS,LIGHTING_R_C,2.631890404077262
Beni,Vaca Diez,Guayaramerín,C3,acces_2050,2024,HOUSEHOLDS,LIGHTING_R_C,1.8404865715161582
Beni,Vaca Diez,Guayaramerín,C3,acces_2050,2035,HOUSEHOLDS,LIGHTING_R_C,2.250180199634246
Beni,Vaca Diez,Guayaramerín,C3,acces_2050,2050,HOUSEHOLDS,LIGHTING_R_C,2.631890404077262
Beni,Vaca Diez,Riberalta,C3,acces_2035,2024,HOUSEHOLDS,LIGHTING_R_C,3.4005708952560982
Beni,Vaca Diez,Riberalta,C3,acces_2035,2035,HOUSEHOLDS,LIGHTING_R_C,4.857889246934874
Beni,Vaca Diez,Riberalta,C3,acces_2035,2050,HOUSEHOLDS,LIGHTING_R_C,5.716795103144407
Beni,Vaca Diez,Riberalta,C3,acces_2050,2024,HOUSEHOLDS,LIGHTING_R_C,3.4005708952560982
Beni,Vaca Diez,Riberalta,C3,acces_2050,2035,HOUSEHOLDS,LIGHTING_R_C,4.459600502474216
Beni,Vaca Diez,Riberalta,C3,acces_2050,2050,HOUSEHOLDS,LIGHTING_R_C,5.716795103144407
Beni,Yacuma,Exaltación,C1,acces_2035,2024,HOUSEHOLDS,LIGHTING_R_C,0.042370832087112766
Beni,Yacuma,Exaltación,C1,acces_2035,2035,HOUSEHOLDS,LIGHTING_R_C,0.2551758657804132
Beni,Yacuma,Exaltación,C1,acces_2035,2050,HOUSEHOLDS,LIGHTING_R_C,0.3097876387272528
Beni,Yacuma,Exaltación,C1,acces_2050,2024,HOUSEHOLDS,LIGHTING_R_C,0.042370832087112766
Beni,Yacuma,Exaltación,C1,acces_2050,2035,HOUSEHOLDS,LIGHTING_R_C,0.16173021365563275
Beni,Yacuma,Exaltación,C1,acces_2050,2050,HOUSEHOLDS,LIGHTING_R_C,0.3097876387272528
La Paz,Abel Iturralde,Ixiamas,C1,acces_2035,2024,HOUSEHOLDS,LIGHTING_R_C,0.31628402915318693
La Paz,Abel Iturralde,Ixiamas,C1,acces_2035,2035,HOUSEHOLDS,LIGHTING_R_C,0.8654604563209494
La Paz,Abel Iturralde,Ixiamas,C1,acces_2035,2050,HOUSEHOLDS,LIGHTING_R_C,1.025837056039582
La Paz,Abel Iturralde,Ixiamas,C1,acces_2050,2024,HOUSEHOLDS,LIGHTING_R_C,0.31628402915318693
La Paz,Abel Iturralde,Ixiamas,C1,acces_2050,2035,HOUSEHOLDS,LIGHTING_R_C,0.6308649499708527
La Paz,Abel Iturralde,Ixiamas,C1,acces_2050,2050,HOUSEHOLDS,LIGHTING_R_C,1.025837056039582
Pando,Abuná,Ingavi,C4,acces_2035,2024,HOUSEHOLDS,LIGHTING_R_C,0.018907643507004558
Pando,Abuná,Ingavi,C4,acces_2035,2035,HOUSEHOLDS,LIGHTING_R_C,0.13450803574926937
Pando,Abuná,Ingavi,C4,acces_2035,2050,HOUSEHOLDS,LIGHTING_R_C,0.17347523640283816
Pando,Abuná,Ingavi,C4,acces_2050,2024,HOUSEHOLDS,LIGHTING_R_C,0.018907643507004558
Pando,Abuná,Ingavi,C4,acces_2050,2035,HOUSEHOLDS,LIGHTING_R_C,0.07096419075262803
Pando,Abuná,Ingavi,C4,acces_2050,2050,HOUSEHOLDS,LIGHTING_R_C,0.17347523640283816
Pando,Abuná,Santa Rosa,C4,acces_2035,2024,HOUSEHOLDS,LIGHTING_R_C,0.0518591132100796
Pando,Abuná,Santa Rosa,C4,acces_2035,2035,HOUSEHOLDS,LIGHTING_R_C,0.0986588601874397
Pando,Abuná,Santa Rosa,C4,acces_2035,2050,HOUSEHOLDS,LIGHTING_R_C,0.12086649136770292
Pando,Abuná,Santa Rosa,C4,acces_2050,2024,HOUSEHOLDS,LIGHTING_R_C,0.0518591132100796
Pando,Abuná,Santa Rosa,C4,acces_2050,2035,HOUSEHOLDS,LIGHTING_R_C,0.08523718443672355
Pando,Abuná,Santa Rosa,C4,acces_2050,2050,HOUSEHOLDS,LIGHTING_R_C,0.12086649136770292
Pando,Federico Román,Nueva Esperanza,C4,acces_2035,2024,HOUSEHOLDS,LIGHTING_R_C,0.012594761474770816
Pando,Federico Román,Nueva Esperanza,C4,acces_2035,2035,HOUSEHOLDS,LIGHTING_R_C,0.09482812074682544
Pando,Federico Román,Nueva Esperanza,C4,acces_2035,2050,HOUSEHOLDS,LIGHTING_R_C,0.09978763499804018
Pando,Federico Román,Nueva Esperanza,C4,acces_2050,2024,HOUSEHOLDS,LIGHTING_R_C,0.012594761474770816
Pando,Federico Román,Nueva Esperanza,C4,acces_2050,2035,HOUSEHOLDS,LIGHTING_R_C,0.0591497219273347
Pando,Federico Román,Nueva Esperanza,C4,acces_2050,2050,HOUSEHOLDS,LIGHTING_R_C,0.09978763499804018
Pando,Federico Román,Santos Mercado,C4,acces_2035,2024,HOUSEHOLDS,LIGHTING_R_C,0.027374798742452286
Pando,Federico Román,Santos Mercado,C4,acces_2035,2035,HOUSEHOLDS,LIGHTING_R_C,0.1033783522338696
Pando,Federico Román,Santos Mercado,C4,acces_2035,2050,HOUSEHOLDS,LIGHTING_R_C,0.1271998252285673
Pando,Federico Román,Santos Mercado,C4,acces_2050,2024,HOUSEHOLDS,LIGHTING_R_C,0.027374798742452286
Pando,Federico Román,Santos Mercado,C4,acces_2050,2035,HOUSEHOLDS,LIGHTING_R_C,0.07041981706527212
Pando,Federico Román,Santos Mercado,C4,acces_2050,2050,HOUSEHOLDS,LIGHTING_R_C,0.1271998252285673
Pando,Federico Román,Villa Nueva,C4,acces_2035,2024,HOUSEHOLDS,LIGHTING_R_C,0.05570048420480812
Pando,Federico Román,Villa Nueva,C4,acces_2035,2035,HOUSEHOLDS,LIGHTING_R_C,0.15974729522562903
Pando,Federico Román,Villa Nueva,C4,acces_2035,2050,HOUSEHOLDS,LIGHTING_R_C,0.17021743690305716
Pando,Federico Román,Villa Nueva,C4,acces_2050,2024,HOUSEHOLDS,LIGHTING_R_C,0.05570048420480812
Pando,Federico Román,Villa Nueva,C4,acces_2050,2035,HOUSEHOLDS,LIGHTING_R_C,0.11294991934853543
Pando,Federico Román,Villa Nueva,C4,acces_2050,2050,HOUSEHOLDS,LIGHTING_R_C,0.17021743690305716
Pando,Madre de Dios,Puerto Gonzalo Moreno,C3,acces_2035,2024,HOUSEHOLDS,LIGHTING_R_C,0.0870916161527574
Pando,Madre de Dios,Puerto Gonzalo Moreno,C3,acces_2035,2035,HOUSEHOLDS,LIGHTING_R_C,0.15949156781058887
Pando,Madre de Dios,Puerto Gonzalo Moreno,C3,acces_2035,2050,HOUSEHOLDS,LIGHTING_R_C,0.20189568921694592
Pando,Madre de Dios,Puerto Gonzalo Moreno,C3,acces_2050,2024,HOUSEHOLDS,LIGHTING_R_C,0.0870916161527574
Pando,Madre de Dios,Puerto Gonzalo Moreno,C3,acces_2050,2035,HOUSEHOLDS,LIGHTING_R_C,0.1411077167780647
Pando,Madre de Dios,Puerto Gonzalo Moreno,C3,acces_2050,2050,HOUSEHOLDS,LIGHTING_R_C,0.20189568921694592
Pando,Madre de Dios,San Lorenzo,C4,acces_2035,2024,HOUSEHOLDS,LIGHTING_R_C,0.2505669819944864
Pando,Madre de Dios,San Lorenzo,C4,acces_2035,2035,HOUSEHOLDS,LIGHTING_R_C,0.4580981759042738
Pando,Madre de Dios,San Lorenzo,C4,acces_2035,2050,HOUSEHOLDS,LIGHTING_R_C,0.5804870859628845
Pando,Madre de Dios,San Lorenzo,C4,acces_2050,2024,HOUSEHOLDS,LIGHTING_R_C,0.2505669819944864
Pando,Madre de Dios,San Lorenzo,C4,acces_2050,2035,HOUSEHOLDS,LIGHTING_R_C,0.41320639641925316
Pando,Madre de Dios,San Lorenzo,C4,acces_2050,2050,HOUSEHOLDS,LIGHTING_R_C,0.5804870859628845
Pando,Madre de Dios,Sena,C4,acces_2035,2024,HOUSEHOLDS,LIGHTING_R_C,0.3620520230699544
Pando,Madre de Dios,Sena,C4,acces_2035,2035,HOUSEHOLDS,LIGHTING_R_C,1.188500809186099
Pando,Madre de Dios,Sena,C4,acces_2035,2050,HOUSEHOLDS,LIGHTING_R_C,1.4972439313781505
Pando,Madre de Dios,Sena,C4,acces_2050,2024,HOUSEHOLDS,LIGHTING_R_C,0.3620520230699544
Pando,Madre de Dios,Sena,C4,acces_2050,2035,HOUSEHOLDS,LIGHTING_R_C,0.9278500918151851
Pando,Madre de Dios,Sena,C4,acces_2050,2050,HOUSEHOLDS,LIGHTING_R_C,1.4972439313781505
Pando,Manuripi,Filadelfia,C4,acces_2035,2024,HOUSEHOLDS,LIGHTING_R_C,0.40364919196499205
Pando,Manuripi,Filadelfia,C4,acces_2035,2035,HOUSEHOLDS,LIGHTING_R_C,0.990588508281456
Pando,Manuripi,Filadelfia,C4,acces_2035,2050,HOUSEHOLDS,LIGHTING_R_C,1.2511077699399933
Pando,Manuripi,Filadelfia,C4,acces_2050,2024,HOUSEHOLDS,LIGHTING_R_C,0.40364919196499205
Pando,Manuripi,Filadelfia,C4,acces_2050,2035,HOUSEHOLDS,LIGHTING_R_C,0.7995006890979032
Pando,Manuripi,Filadelfia,C4,acces_2050,2050,HOUSEHOLDS,LIGHTING_R_C,1.2511077699399933
Pando,Manuripi,Puerto Rico,C4,acces_2035,2024,HOUSEHOLDS,LIGHTING_R_C,0.33209326964130853
Pando,Manuripi,Puerto Rico,C4,acces_2035,2035,HOUSEHOLDS,LIGHTING_R_C,0.6070776263920622
Pando,Manuripi,Puerto Rico,C4,acces_2035,2050,HOUSEHOLDS,LIGHTING_R_C,0.7540655230773659
Pando,Manuripi,Puerto Rico,C4,acces_2050,2024,HOUSEHOLDS,LIGHTING_R_C,0.33209326964130853
Pando,Manuripi,Puerto Rico,C4,acces_2050,2035,HOUSEHOLDS,LIGHTING_R_C,0.5334401710866399
Pando,Manuripi,Puerto Rico,C4,acces_2050,2050,HOUSEHOLDS,LIGHTING_R_C,0.7540655230773659
Pando,Manuripi,San Pedro,C4,acces_2035,2024,HOUSEHOLDS,LIGHTING_R_C,0.0003884768903833965
Pando,Manuripi,San Pedro,C4,acces_2035,2035,HOUSEHOLDS,LIGHTING_R_C,0.1521876183658334
Pando,Manuripi,San Pedro,C4,acces_2035,2050,HOUSEHOLDS,LIGHTING_R_C,0.19067157065309145
Pando,Manuripi,San Pedro,C4,acces_2050,2024,HOUSEHOLDS,LIGHTING_R_C,0.0003884768903833965
Pando,Manuripi,San Pedro,C4,acces_2050,2035,HOUSEHOLDS,LIGHTING_R_C,0.07156944892670772
Pando,Manuripi,San Pedro,C4,acces_2050,2050,HOUSEHOLDS,LIGHTING_R_C,0.19067157065309145
Pando,Nicolás Suárez,Bella Flor,C4,acces_2035,2024,HOUSEHOLDS,LIGHTING_R_C,0.07169749531961689
Pando,Nicolás Suárez,Bella Flor,C4,acces_2035,2035,HOUSEHOLDS,LIGHTING_R_C,0.16810913439532427
Pando,Nicolás Suárez,Bella Flor,C4,acces_2035,2050,HOUSEHOLDS,LIGHTING_R_C,0.17824796125534947
Pando,Nicolás Suárez,Bella Flor,C4,acces_2050,2024,HOUSEHOLDS,LIGHTING_R_C,0.07169749531961689
Pando,Nicolás Suárez,Bella Flor,C4,acces_2050,2035,HOUSEHOLDS,LIGHTING_R_C,0.12731401210736315
Pando,Nicolás Suárez,Bella Flor,C4,acces_2050,2050,HOUSEHOLDS,LIGHTING_R_C,0.17824796125534947
Pando,Nicolás Suárez,Bolpebra,C2,acces_2035,2024,HOUSEHOLDS,LIGHTING_R_C,0.025223041849378597
Pando,Nicolás Suárez,Bolpebra,C2,acces_2035,2035,HOUSEHOLDS,LIGHTING_R_C,0.16133961879012634
Pando,Nicolás Suárez,Bolpebra,C2,acces_2035,2050,HOUSEHOLDS,LIGHTING_R_C,0.19467395761066936
Pando,Nicolás Suárez,Bolpebra,C2,acces_2050,2024,HOUSEHOLDS,LIGHTING_R_C,0.025223041849378597
Pando,Nicolás Suárez,Bolpebra,C2,acces_2050,2035,HOUSEHOLDS,LIGHTING_R_C,0.10595893450618846
Pando,Nicolás Suárez,Bolpebra,C2,acces_2050,2050,HOUSEHOLDS,LIGHTING_R_C,0.19467395761066936
Pando,Nicolás Suárez,Cobija,C5,acces_2035,2024,HOUSEHOLDS,LIGHTING_R_C,2.3282856252509716
Pando,Nicolás Suárez,Cobija,C5,acces_2035,2035,HOUSEHOLDS,LIGHTING_R_C,2.977845703276328
Pando,Nicolás Suárez,Cobija,C5,acces_2035,2050,HOUSEHOLDS,LIGHTING_R_C,3.5879842698794002
Pando,Nicolás Suárez,Cobija,C5,acces_2050,2024,HOUSEHOLDS,LIGHTING_R_C,2.3282856252509716
Pando,Nicolás Suárez,Cobija,C5,acces_2050,2035,HOUSEHOLDS,LIGHTING_R_C,2.943018367447945
Pando,Nicolás Suárez,Cobija,C5,acces_2050,2050,HOUSEHOLDS,LIGHTING_R_C,3.5879842698794002
Pando,Nicolás Suárez,Porvenir,C4,acces_2035,2024,HOUSEHOLDS,LIGHTING_R_C,0.28741904804694707
Pando,Nicolás Suárez,Porvenir,C4,acces_2035,2035,HOUSEHOLDS,LIGHTING_R_C,0.4524541363180851
Pando,Nicolás Suárez,Porvenir,C4,acces_2035,2050,HOUSEHOLDS,LIGHTING_R_C,0.5614167789377595
Pando,Nicolás Suárez,Porvenir,C4,acces_2050,2024,HOUSEHOLDS,LIGHTING_R_C,0.28741904804694707
Pando,Nicolás Suárez,Porvenir,C4,acces_2050,2035,HOUSEHOLDS,LIGHTING_R_C,0.42241221210359736
Pando,Nicolás Suárez,Porvenir,C4,acces_2050,2050,HOUSEHOLDS,LIGHTING_R_C,0.5614167789377595
Beni,General José Ballivián,Reyes,C1,acces_2035,2024,HOUSEHOLDS,ELECTRICITY,0.41129860906805443
Beni,General José Ballivián,Reyes,C1,acces_2035,2035,HOUSEHOLDS,ELECTRICITY,0.833748637361614
Beni,General José Ballivián,Reyes,C1,acces_2035,2050,HOUSEHOLDS,ELECTRICITY,0.8650727046988742
Beni,General José Ballivián,Reyes,C1,acces_2050,2024,HOUSEHOLDS,ELECTRICITY,0.41129860906805443
Beni,General José Ballivián,Reyes,C1,acces_2050,2035,HOUSEHOLDS,ELECTRICITY,0.6292014038249263
Beni,General José Ballivián,Reyes,C1,acces_2050,2050,HOUSEHOLDS,ELECTRICITY,0.8650727046988742
Beni,General José Ballivián,Santa Rosa,C1,acces_2035,2024,HOUSEHOLDS,ELECTRICITY,0.32734662691488275
Beni,General José Ballivián,Santa Rosa,C1,acces_2035,2035,HOUSEHOLDS,ELECTRICITY,0.8644739018303813
Beni,General José Ballivián,Santa Rosa,C1,acces_2035,2050,HOUSEHOLDS,ELECTRICITY,1.0302125410527423
Beni,General José Ballivián,Santa Rosa,C1,acces_2050,2024,HOUSEHOLDS,ELECTRICITY,0.32734662691488275
Beni,General José Ballivián,Santa Rosa,C1,acces_2050,2035,HOUSEHOLDS,ELECTRICITY,0.6107423395732755
Beni,General José Ballivián,Santa Rosa,C1,acces_2050,2050,HOUSEHOLDS,ELECTRICITY,1.0302125410527423
Beni,Vaca Diez,Guayaramerín,C3,acces_2035,2024,HOUSEHOLDS,ELECTRICITY,2.834710079638982
Beni,Vaca Diez,Guayaramerín,C3,acces_2035,2035,HOUSEHOLDS,ELECTRICITY,3.7138713113537496
Beni,Vaca Diez,Guayaramerín,C3,acces_2035,2050,HOUSEHOLDS,ELECTRICITY,4.063740727454545
Beni,Vaca Diez,Guayaramerín,C3,acces_2050,2024,HOUSEHOLDS,ELECTRICITY,2.834710079638982
Beni,Vaca Diez,Guayaramerín,C3,acces_2050,2035,HOUSEHOLDS,ELECTRICITY,3.3214606568281564
Beni,Vaca Diez,Guayaramerín,C3,acces_2050,2050,HOUSEHOLDS,ELECTRICITY,4.063740727454545
Beni,Vaca Diez,Riberalta,C3,acces_2035,2024,HOUSEHOLDS,ELECTRICITY,4.732659374367027
Beni,Vaca Diez,Riberalta,C3,acces_2035,2035,HOUSEHOLDS,ELECTRICITY,7.657053512522285
Beni,Vaca Diez,Riberalta,C3,acces_2035,2050,HOUSEHOLDS,ELECTRICITY,9.010869494919326
Beni,Vaca Diez,Riberalta,C3,acces_2050,2024,HOUSEHOLDS,ELECTRICITY,4.732659374367027
Beni,Vaca Diez,Riberalta,C3,acces_2050,2035,HOUSEHOLDS,ELECTRICITY,6.577464822811045
Beni,Vaca Diez,Riberalta,C3,acces_2050,2050,HOUSEHOLDS,ELECTRICITY,9.010869494919326
Beni,Yacuma,Exaltación,C1,acces_2035,2024,HOUSEHOLDS,ELECTRICITY,0.029640361382574008
Beni,Yacuma,Exaltación,C1,acces_2035,2035,HOUSEHOLDS,ELECTRICITY,0.35943935885199985
Beni,Yacuma,Exaltación,C1,acces_2035,2050,HOUSEHOLDS,ELECTRICITY,0.4363652099459073
Beni,Yacuma,Exaltación,C1,acces_2050,2024,HOUSEHOLDS,ELECTRICITY,0.029640361382574008
Beni,Yacuma,Exaltación,C1,acces_2050,2035,HOUSEHOLDS,ELECTRICITY,0.20229962293097717
Beni,Yacuma,Exaltación,C1,acces_2050,2050,HOUSEHOLDS,ELECTRICITY,0.4363652099459073
La Paz,Abel Iturralde,Ixiamas,C1,acces_2035,2024,HOUSEHOLDS,ELECTRICITY,0.27373341450667654
La Paz,Abel Iturralde,Ixiamas,C1,acces_2035,2035,HOUSEHOLDS,ELECTRICITY,1.214912542307266
La Paz,Abel Iturralde,Ixiamas,C1,acces_2035,2050,HOUSEHOLDS,ELECTRICITY,1.440045350014083
La Paz,Abel Iturralde,Ixiamas,C1,acces_2050,2024,HOUSEHOLDS,ELECTRICITY,0.27373341450667654
La Paz,Abel Iturralde,Ixiamas,C1,acces_2050,2035,HOUSEHOLDS,ELECTRICITY,0.7075389376932658
La Paz,Abel Iturralde,Ixiamas,C1,acces_2050,2050,HOUSEHOLDS,ELECTRICITY,1.440045350014083
Pando,Abuná,Ingavi,C4,acces_2035,2024,HOUSEHOLDS,ELECTRICITY,0.012343282974444862
Pando,Abuná,Ingavi,C4,acces_2035,2035,HOUSEHOLDS,ELECTRICITY,0.1844987033840038
Pando,Abuná,Ingavi,C4,acces_2035,2050,HOUSEHOLDS,ELECTRICITY,0.2379482832179491
Pando,Abuná,Ingavi,C4,acces_2050,2024,HOUSEHOLDS,ELECTRICITY,0.012343282974444862
Pando,Abuná,Ingavi,C4,acces_2050,2035,HOUSEHOLDS,ELECTRICITY,0.06738257092268765
Pando,Abuná,Ingavi,C4,acces_2050,2050,HOUSEHOLDS,ELECTRICITY,0.2379482832179491
Pando,Abuná,Santa Rosa,C4,acces_2035,2024,HOUSEHOLDS,ELECTRICITY,0.05114595235660443
Pando,Abuná,Santa Rosa,C4,acces_2035,2035,HOUSEHOLDS,ELECTRICITY,0.13804228928725842
Pando,Abuná,Santa Rosa,C4,acces_2035,2050,HOUSEHOLDS,ELECTRICITY,0.16911493944707567
Pando,Abuná,Santa Rosa,C4,acces_2050,2024,HOUSEHOLDS,ELECTRICITY,0.05114595235660443
Pando,Abuná,Santa Rosa,C4,acces_2050,2035,HOUSEHOLDS,ELECTRICITY,0.10846636672764358
Pando,Abuná,Santa Rosa,C4,acces_2050,2050,HOUSEHOLDS,ELECTRICITY,0.16911493944707567
Pando,Federico Román,Nueva Esperanza,C4,acces_2035,2024,HOUSEHOLDS,ELECTRICITY,0.008167180931651039
Pando,Federico Román,Nueva Esperanza,C4,acces_2035,2035,HOUSEHOLDS,ELECTRICITY,0.12778701864292924
Pando,Federico Román,Nueva Esperanza,C4,acces_2035,2050,HOUSEHOLDS,ELECTRICITY,0.1344702844831528
Pando,Federico Román,Nueva Esperanza,C4,acces_2050,2024,HOUSEHOLDS,ELECTRICITY,0.008167180931651039
Pando,Federico Román,Nueva Esperanza,C4,acces_2050,2035,HOUSEHOLDS,ELECTRICITY,0.06508123498099419
Pando,Federico Román,Nueva Esperanza,C4,acces_2050,2050,HOUSEHOLDS,ELECTRICITY,0.1344702844831528
Pando,Federico Román,Santos Mercado,C4,acces_2035,2024,HOUSEHOLDS,ELECTRICITY,0.017449021027960015
Pando,Federico Román,Santos Mercado,C4,acces_2035,2035,HOUSEHOLDS,ELECTRICITY,0.13984327813470648
Pando,Federico Román,Santos Mercado,C4,acces_2035,2050,HOUSEHOLDS,ELECTRICITY,0.17206736375409884
Pando,Federico Román,Santos Mercado,C4,acces_2050,2024,HOUSEHOLDS,ELECTRICITY,0.017449021027960015
Pando,Federico Román,Santos Mercado,C4,acces_2050,2035,HOUSEHOLDS,ELECTRICITY,0.07402284768835553
Pando,Federico Román,Santos Mercado,C4,acces_2050,2050,HOUSEHOLDS,ELECTRICITY,0.17206736375409884
Pando,Federico Román,Villa Nueva,C4,acces_2035,2024,HOUSEHOLDS,ELECTRICITY,0.03612300515998831
Pando,Federico Román,Villa Nueva,C4,acces_2035,2035,HOUSEHOLDS,ELECTRICITY,0.2186965977114991
Pando,Federico Román,Villa Nueva,C4,acces_2035,2050,HOUSEHOLDS,ELECTRICITY,0.23303038883564164
Pando,Federico Román,Villa Nueva,C4,acces_2050,2024,HOUSEHOLDS,ELECTRICITY,0.03612300515998831
Pando,Federico Román,Villa Nueva,C4,acces_2050,2035,HOUSEHOLDS,ELECTRICITY,0.12508465708963906
Pando,Federico Román,Villa Nueva,C4,acces_2050,2050,HOUSEHOLDS,ELECTRICITY,0.23303038883564164
Pando,Madre de Dios,Puerto Gonzalo Moreno,C3,acces_2035,2024,HOUSEHOLDS,ELECTRICITY,0.07649241457111124
Pando,Madre de Dios,Puerto Gonzalo Moreno,C3,acces_2035,2035,HOUSEHOLDS,ELECTRICITY,0.2386457129263676
Pando,Madre de Dios,Puerto Gonzalo Moreno,C3,acces_2035,2050,HOUSEHOLDS,ELECTRICITY,0.30209459566638963
Pando,Madre de Dios,Puerto Gonzalo Moreno,C3,acces_2050,2024,HOUSEHOLDS,ELECTRICITY,0.07649241457111124
Pando,Madre de Dios,Puerto Gonzalo Moreno,C3,acces_2050,2035,HOUSEHOLDS,ELECTRICITY,0.19338276702500262
Pando,Madre de Dios,Puerto Gonzalo Moreno,C3,acces_2050,2050,HOUSEHOLDS,ELECTRICITY,0.30209459566638963
Pando,Madre de Dios,San Lorenzo,C4,acces_2035,2024,HOUSEHOLDS,ELECTRICITY,0.21594074755345052
Pando,Madre de Dios,San Lorenzo,C4,acces_2035,2035,HOUSEHOLDS,ELECTRICITY,0.6490475621467908
Pando,Madre de Dios,San Lorenzo,C4,acces_2035,2050,HOUSEHOLDS,ELECTRICITY,0.8224519280352577
Pando,Madre de Dios,San Lorenzo,C4,acces_2050,2024,HOUSEHOLDS,ELECTRICITY,0.21594074755345052
Pando,Madre de Dios,San Lorenzo,C4,acces_2050,2035,HOUSEHOLDS,ELECTRICITY,0.5449800929524414
Pando,Madre de Dios,San Lorenzo,C4,acces_2050,2050,HOUSEHOLDS,ELECTRICITY,0.8224519280352577
Pando,Madre de Dios,Sena,C4,acces_2035,2024,HOUSEHOLDS,ELECTRICITY,0.2834057308347313
Pando,Madre de Dios,Sena,C4,acces_2035,2035,HOUSEHOLDS,ELECTRICITY,1.6239828993570746
Pando,Madre de Dios,Sena,C4,acces_2035,2050,HOUSEHOLDS,ELECTRICITY,2.045853500419067
Pando,Madre de Dios,Sena,C4,acces_2050,2024,HOUSEHOLDS,ELECTRICITY,0.2834057308347313
Pando,Madre de Dios,Sena,C4,acces_2050,2035,HOUSEHOLDS,ELECTRICITY,1.040679441724326
Pando,Madre de Dios,Sena,C4,acces_2050,2050,HOUSEHOLDS,ELECTRICITY,2.045853500419067
Pando,Manuripi,Filadelfia,C4,acces_2035,2024,HOUSEHOLDS,ELECTRICITY,0.3658073752737888
Pando,Manuripi,Filadelfia,C4,acces_2035,2035,HOUSEHOLDS,ELECTRICITY,1.3922275404703388
Pando,Manuripi,Filadelfia,C4,acces_2035,2050,HOUSEHOLDS,ELECTRICITY,1.758375631097047
Pando,Manuripi,Filadelfia,C4,acces_2050,2024,HOUSEHOLDS,ELECTRICITY,0.3658073752737888
Pando,Manuripi,Filadelfia,C4,acces_2050,2035,HOUSEHOLDS,ELECTRICITY,0.9840811647596122
Pando,Manuripi,Filadelfia,C4,acces_2050,2050,HOUSEHOLDS,ELECTRICITY,1.758375631097047
Pando,Manuripi,Puerto Rico,C4,acces_2035,2024,HOUSEHOLDS,ELECTRICITY,0.3750774046927123
Pando,Manuripi,Puerto Rico,C4,acces_2035,2035,HOUSEHOLDS,ELECTRICITY,0.8610496015720228
Pando,Manuripi,Puerto Rico,C4,acces_2035,2050,HOUSEHOLDS,ELECTRICITY,1.0695301391088368
Pando,Manuripi,Puerto Rico,C4,acces_2050,2024,HOUSEHOLDS,ELECTRICITY,0.3750774046927123
Pando,Manuripi,Puerto Rico,C4,acces_2050,2035,HOUSEHOLDS,ELECTRICITY,0.6944338509212847
Pando,Manuripi,Puerto Rico,C4,acces_2050,2050,HOUSEHOLDS,ELECTRICITY,1.0695301391088368
Pando,Manuripi,San Pedro,C4,acces_2035,2024,HOUSEHOLDS,ELECTRICITY,0.00026048128699135263
Pando,Manuripi,San Pedro,C4,acces_2035,2035,HOUSEHOLDS,ELECTRICITY,0.22193641132318495
Pando,Manuripi,San Pedro,C4,acces_2035,2050,HOUSEHOLDS,ELECTRICITY,0.27805786427631307
Pando,Manuripi,San Pedro,C4,acces_2050,2024,HOUSEHOLDS,ELECTRICITY,0.00026048128699135263
Pando,Manuripi,San Pedro,C4,acces_2050,2035,HOUSEHOLDS,ELECTRICITY,0.06264430651573534
Pando,Manuripi,San Pedro,C4,acces_2050,2050,HOUSEHOLDS,ELECTRICITY,0.27805786427631307
Pando,Nicolás Suárez,Bella Flor,C4,acces_2035,2024,HOUSEHOLDS,ELECTRICITY,0.0789255079296978
Pando,Nicolás Suárez,Bella Flor,C4,acces_2035,2035,HOUSEHOLDS,ELECTRICITY,0.24427006485635874
Pando,Nicolás Suárez,Bella Flor,C4,acces_2035,2050,HOUSEHOLDS,ELECTRICITY,0.25900223216882473
Pando,Nicolás Suárez,Bella Flor,C4,acces_2050,2024,HOUSEHOLDS,ELECTRICITY,0.0789255079296978
Pando,Nicolás Suárez,Bella Flor,C4,acces_2050,2035,HOUSEHOLDS,ELECTRICITY,0.15481557752423966
Pando,Nicolás Suárez,Bella Flor,C4,acces_2050,2050,HOUSEHOLDS,ELECTRICITY,0.25900223216882473
Pando,Nicolás Suárez,Bolpebra,C2,acces_2035,2024,HOUSEHOLDS,ELECTRICITY,0.019854069937749012
Pando,Nicolás Suárez,Bolpebra,C2,acces_2035,2035,HOUSEHOLDS,ELECTRICITY,0.22418642214586967
Pando,Nicolás Suárez,Bolpebra,C2,acces_2035,2050,HOUSEHOLDS,ELECTRICITY,0.27050552349751517
Pando,Nicolás Suárez,Bolpebra,C2,acces_2050,2024,HOUSEHOLDS,ELECTRICITY,0.019854069937749012
Pando,Nicolás Suárez,Bolpebra,C2,acces_2050,2035,HOUSEHOLDS,ELECTRICITY,0.12131701526262426
Pando,Nicolás Suárez,Bolpebra,C2,acces_2050,2050,HOUSEHOLDS,ELECTRICITY,0.27050552349751517
Pando,Nicolás Suárez,Cobija,C5,acces_2035,2024,HOUSEHOLDS,ELECTRICITY,4.960979377133864
Pando,Nicolás Suárez,Cobija,C5,acces_2035,2035,HOUSEHOLDS,ELECTRICITY,4.843082491885628
Pando,Nicolás Suárez,Cobija,C5,acces_2035,2050,HOUSEHOLDS,ELECTRICITY,5.835394285034747
Pando,Nicolás Suárez,Cobija,C5,acces_2050,2024,HOUSEHOLDS,ELECTRICITY,4.960979377133864
Pando,Nicolás Suárez,Cobija,C5,acces_2050,2035,HOUSEHOLDS,ELECTRICITY,4.747969980066935
Pando,Nicolás Suárez,Cobija,C5,acces_2050,2050,HOUSEHOLDS,ELECTRICITY,5.835394285034747
Pando,Nicolás Suárez,Porvenir,C4,acces_2035,2024,HOUSEHOLDS,ELECTRICITY,0.4813093129256036
Pando,Nicolás Suárez,Porvenir,C4,acces_2035,2035,HOUSEHOLDS,ELECTRICITY,0.725977273067255
Pando,Nicolás Suárez,Porvenir,C4,acces_2035,2050,HOUSEHOLDS,ELECTRICITY,0.9008113519397732
Pando,Nicolás Suárez,Porvenir,C4,acces_2050,2024,HOUSEHOLDS,ELECTRICITY,0.4813093129256036
Pando,Nicolás Suárez,Porvenir,C4,acces_2050,2035,HOUSEHOLDS,ELECTRICITY,0.6524967975859169
Pando,Nicolás Suárez,Porvenir,C4,acces_2050,2050,HOUSEHOLDS,ELECTRICITY,0.9008113519397732
