departamento,provincia,municipio,cluster,appareil,variante,trajectoire,annee,acces,possession
La Paz,Abel Iturralde,Ixiamas,C1,refrigerador,centrale,acces_2035,2024,0.6845130066545675,0.2695058517555266
La Paz,Abel Iturralde,Ixiamas,C1,microondas,centrale,acces_2035,2024,0.6845130066545675,0.0347741306467338
La Paz,Abel Iturralde,Ixiamas,C1,calefon,centrale,acces_2035,2024,0.6845130066545675,0.0285992850178745
La Paz,Abel Iturralde,Ixiamas,C1,aire_acondicionado,centrale,acces_2035,2024,0.6845130066545675,0.0143042912873862
La Paz,Abel Iturralde,Ixiamas,C1,lavadora,centrale,acces_2035,2024,0.6845130066545675,0.0900520156046814
La Paz,Abel Iturralde,Ixiamas,C1,radio,centrale,acces_2035,2024,0.6845130066545675,0.390497884803124
La Paz,Abel Iturralde,Ixiamas,C1,television,centrale,acces_2035,2024,0.6845130066545675,0.4152845528455284
La Paz,Abel Iturralde,Ixiamas,C1,telefono,centrale,acces_2035,2024,0.6845130066545675,0.7751383013342011
La Paz,Abel Iturralde,Ixiamas,C1,computadora,centrale,acces_2035,2024,0.6845130066545675,0.1187764399609502
La Paz,Abel Iturralde,Ixiamas,C1,internet,centrale,acces_2035,2024,0.6845130066545675,0.0553205336804425
La Paz,Abel Iturralde,Ixiamas,C1,refrigerador,centrale,acces_2035,2035,1.0,0.5881040953481024
La Paz,Abel Iturralde,Ixiamas,C1,microondas,centrale,acces_2035,2035,1.0,0.0766864514812912
La Paz,Abel Iturralde,Ixiamas,C1,calefon,centrale,acces_2035,2035,1.0,0.0293774731002341
La Paz,Abel Iturralde,Ixiamas,C1,aire_acondicionado,centrale,acces_2035,2035,1.0,0.0886685431673337
La Paz,Abel Iturralde,Ixiamas,C1,lavadora,centrale,acces_2035,2035,1.0,0.3360973045851914
La Paz,Abel Iturralde,Ixiamas,C1,radio,centrale,acces_2035,2035,1.0,0.4456435295145152
La Paz,Abel Iturralde,Ixiamas,C1,television,centrale,acces_2035,2035,1.0,0.6646428445052183
La Paz,Abel Iturralde,Ixiamas,C1,telefono,centrale,acces_2035,2035,1.0,0.8980726264535877
La Paz,Abel Iturralde,Ixiamas,C1,computadora,centrale,acces_2035,2035,1.0,0.2563569960474675
La Paz,Abel Iturralde,Ixiamas,C1,internet,centrale,acces_2035,2035,1.0,0.3408245193887109
La Paz,Abel Iturralde,Ixiamas,C1,refrigerador,centrale,acces_2035,2050,1.0,0.5881040953481024
La Paz,Abel Iturralde,Ixiamas,C1,microondas,centrale,acces_2035,2050,1.0,0.0766864514812912
La Paz,Abel Iturralde,Ixiamas,C1,calefon,centrale,acces_2035,2050,1.0,0.0293774731002341
La Paz,Abel Iturralde,Ixiamas,C1,aire_acondicionado,centrale,acces_2035,2050,1.0,0.0886685431673337
La Paz,Abel Iturralde,Ixiamas,C1,lavadora,centrale,acces_2035,2050,1.0,0.3360973045851914
La Paz,Abel Iturralde,Ixiamas,C1,radio,centrale,acces_2035,2050,1.0,0.4456435295145152
La Paz,Abel Iturralde,Ixiamas,C1,television,centrale,acces_2035,2050,1.0,0.6646428445052183
La Paz,Abel Iturralde,Ixiamas,C1,telefono,centrale,acces_2035,2050,1.0,0.8980726264535877
La Paz,Abel Iturralde,Ixiamas,C1,computadora,centrale,acces_2035,2050,1.0,0.2563569960474675
La Paz,Abel Iturralde,Ixiamas,C1,internet,centrale,acces_2035,2050,1.0,0.3408245193887109
Beni,Vaca Diez,Riberalta,C3,refrigerador,centrale,acces_2035,2024,0.8934115589242767,0.497653683716565
Beni,Vaca Diez,Riberalta,C3,microondas,centrale,acces_2035,2024,0.8934115589242767,0.0735064122614951
Beni,Vaca Diez,Riberalta,C3,calefon,centrale,acces_2035,2024,0.8934115589242767,0.0261583577712609
Beni,Vaca Diez,Riberalta,C3,aire_acondicionado,centrale,acces_2035,2024,0.8934115589242767,0.0686972161401313
Beni,Vaca Diez,Riberalta,C3,lavadora,centrale,acces_2035,2024,0.8934115589242767,0.2351239346313238
Beni,Vaca Diez,Riberalta,C3,radio,centrale,acces_2035,2024,0.8934115589242767,0.547266403532768
Beni,Vaca Diez,Riberalta,C3,television,centrale,acces_2035,2024,0.8934115589242767,0.6485789123890692
Beni,Vaca Diez,Riberalta,C3,telefono,centrale,acces_2035,2024,0.8934115589242767,0.867712040042232
Beni,Vaca Diez,Riberalta,C3,computadora,centrale,acces_2035,2024,0.8934115589242767,0.2281902824505124
Beni,Vaca Diez,Riberalta,C3,internet,centrale,acces_2035,2024,0.8934115589242767,0.3706485175623875
Beni,Vaca Diez,Riberalta,C3,refrigerador,centrale,acces_2035,2035,1.0,0.5881040953481024
Beni,Vaca Diez,Riberalta,C3,microondas,centrale,acces_2035,2035,1.0,0.0766864514812912
Beni,Vaca Diez,Riberalta,C3,calefon,centrale,acces_2035,2035,1.0,0.0293774731002341
Beni,Vaca Diez,Riberalta,C3,aire_acondicionado,centrale,acces_2035,2035,1.0,0.0886685431673337
Beni,Vaca Diez,Riberalta,C3,lavadora,centrale,acces_2035,2035,1.0,0.3360973045851914
Beni,Vaca Diez,Riberalta,C3,radio,centrale,acces_2035,2035,1.0,0.4456435295145152
Beni,Vaca Diez,Riberalta,C3,television,centrale,acces_2035,2035,1.0,0.6646428445052183
Beni,Vaca Diez,Riberalta,C3,telefono,centrale,acces_2035,2035,1.0,0.8980726264535877
Beni,Vaca Diez,Riberalta,C3,computadora,centrale,acces_2035,2035,1.0,0.2563569960474675
Beni,Vaca Diez,Riberalta,C3,internet,centrale,acces_2035,2035,1.0,0.3408245193887109
Beni,Vaca Diez,Riberalta,C3,refrigerador,centrale,acces_2035,2050,1.0,0.5881040953481024
Beni,Vaca Diez,Riberalta,C3,microondas,centrale,acces_2035,2050,1.0,0.0766864514812912
Beni,Vaca Diez,Riberalta,C3,calefon,centrale,acces_2035,2050,1.0,0.0293774731002341
Beni,Vaca Diez,Riberalta,C3,aire_acondicionado,centrale,acces_2035,2050,1.0,0.0886685431673337
Beni,Vaca Diez,Riberalta,C3,lavadora,centrale,acces_2035,2050,1.0,0.3360973045851914
Beni,Vaca Diez,Riberalta,C3,radio,centrale,acces_2035,2050,1.0,0.4456435295145152
Beni,Vaca Diez,Riberalta,C3,television,centrale,acces_2035,2050,1.0,0.6646428445052183
Beni,Vaca Diez,Riberalta,C3,telefono,centrale,acces_2035,2050,1.0,0.8980726264535877
Beni,Vaca Diez,Riberalta,C3,computadora,centrale,acces_2035,2050,1.0,0.2563569960474675
Beni,Vaca Diez,Riberalta,C3,internet,centrale,acces_2035,2050,1.0,0.3408245193887109
Beni,Vaca Diez,Guayaramerín,C3,refrigerador,centrale,acces_2035,2024,0.9242493802222018,0.5411799352115442
Beni,Vaca Diez,Guayaramerín,C3,microondas,centrale,acces_2035,2024,0.9242493802222018,0.0847158142730931
Beni,Vaca Diez,Guayaramerín,C3,calefon,centrale,acces_2035,2024,0.9242493802222018,0.0249337390792186
Beni,Vaca Diez,Guayaramerín,C3,aire_acondicionado,centrale,acces_2035,2024,0.9242493802222018,0.1135872766542313
Beni,Vaca Diez,Guayaramerín,C3,lavadora,centrale,acces_2035,2024,0.9242493802222018,0.3520172769215667
Beni,Vaca Diez,Guayaramerín,C3,radio,centrale,acces_2035,2024,0.9242493802222018,0.475461327051433
Beni,Vaca Diez,Guayaramerín,C3,television,centrale,acces_2035,2024,0.9242493802222018,0.6636863823933975
Beni,Vaca Diez,Guayaramerín,C3,telefono,centrale,acces_2035,2024,0.9242493802222018,0.8390330188679245
Beni,Vaca Diez,Guayaramerín,C3,computadora,centrale,acces_2035,2024,0.9242493802222018,0.2262630233929624
Beni,Vaca Diez,Guayaramerín,C3,internet,centrale,acces_2035,2024,0.9242493802222018,0.3903086298407706
Beni,Vaca Diez,Guayaramerín,C3,refrigerador,centrale,acces_2035,2035,1.0,0.5881040953481024
Beni,Vaca Diez,Guayaramerín,C3,microondas,centrale,acces_2035,2035,1.0,0.0766864514812912
Beni,Vaca Diez,Guayaramerín,C3,calefon,centrale,acces_2035,2035,1.0,0.0293774731002341
Beni,Vaca Diez,Guayaramerín,C3,aire_acondicionado,centrale,acces_2035,2035,1.0,0.0886685431673337
Beni,Vaca Diez,Guayaramerín,C3,lavadora,centrale,acces_2035,2035,1.0,0.3360973045851914
Beni,Vaca Diez,Guayaramerín,C3,radio,centrale,acces_2035,2035,1.0,0.4456435295145152
Beni,Vaca Diez,Guayaramerín,C3,television,centrale,acces_2035,2035,1.0,0.6646428445052183
Beni,Vaca Diez,Guayaramerín,C3,telefono,centrale,acces_2035,2035,1.0,0.8980726264535877
Beni,Vaca Diez,Guayaramerín,C3,computadora,centrale,acces_2035,2035,1.0,0.2563569960474675
Beni,Vaca Diez,Guayaramerín,C3,internet,centrale,acces_2035,2035,1.0,0.3408245193887109
Beni,Vaca Diez,Guayaramerín,C3,refrigerador,centrale,acces_2035,2050,1.0,0.5881040953481024
Beni,Vaca Diez,Guayaramerín,C3,microondas,centrale,acces_2035,2050,1.0,0.0766864514812912
Beni,Vaca Diez,Guayaramerín,C3,calefon,centrale,acces_2035,2050,1.0,0.0293774731002341
Beni,Vaca Diez,Guayaramerín,C3,aire_acondicionado,centrale,acces_2035,2050,1.0,0.0886685431673337
Beni,Vaca Diez,Guayaramerín,C3,lavadora,centrale,acces_2035,2050,1.0,0.3360973045851914
Beni,Vaca Diez,Guayaramerín,C3,radio,centrale,acces_2035,2050,1.0,0.4456435295145152
Beni,Vaca Diez,Guayaramerín,C3,television,centrale,acces_2035,2050,1.0,0.6646428445052183
Beni,Vaca Diez,Guayaramerín,C3,telefono,centrale,acces_2035,2050,1.0,0.8980726264535877
Beni,Vaca Diez,Guayaramerín,C3,computadora,centrale,acces_2035,2050,1.0,0.2563569960474675
Beni,Vaca Diez,Guayaramerín,C3,internet,centrale,acces_2035,2050,1.0,0.3408245193887109
Beni,General José Ballivián,Reyes,C1,refrigerador,centrale,acces_2035,2024,0.7919227392449517,0.4228043143297381
Beni,General José Ballivián,Reyes,C1,microondas,centrale,acces_2035,2024,0.7919227392449517,0.0644067796610169
Beni,General José Ballivián,Reyes,C1,calefon,centrale,acces_2035,2024,0.7919227392449517,0.0117139334155363
Beni,General José Ballivián,Reyes,C1,aire_acondicionado,centrale,acces_2035,2024,0.7919227392449517,0.0523882896764252
Beni,General José Ballivián,Reyes,C1,lavadora,centrale,acces_2035,2024,0.7919227392449517,0.1796056685150955
Beni,General José Ballivián,Reyes,C1,radio,centrale,acces_2035,2024,0.7919227392449517,0.4182322143517092
Beni,General José Ballivián,Reyes,C1,television,centrale,acces_2035,2024,0.7919227392449517,0.4898273736128237
Beni,General José Ballivián,Reyes,C1,telefono,centrale,acces_2035,2024,0.7919227392449517,0.8381128584643849
Beni,General José Ballivián,Reyes,C1,computadora,centrale,acces_2035,2024,0.7919227392449517,0.1470860314523589
Beni,General José Ballivián,Reyes,C1,internet,centrale,acces_2035,2024,0.7919227392449517,0.2238667900092507
Beni,General José Ballivián,Reyes,C1,refrigerador,centrale,acces_2035,2035,1.0,0.5881040953481024
Beni,General José Ballivián,Reyes,C1,microondas,centrale,acces_2035,2035,1.0,0.0766864514812912
Beni,General José Ballivián,Reyes,C1,calefon,centrale,acces_2035,2035,1.0,0.0293774731002341
Beni,General José Ballivián,Reyes,C1,aire_acondicionado,centrale,acces_2035,2035,1.0,0.0886685431673337
Beni,General José Ballivián,Reyes,C1,lavadora,centrale,acces_2035,2035,1.0,0.3360973045851914
Beni,General José Ballivián,Reyes,C1,radio,centrale,acces_2035,2035,1.0,0.4456435295145152
Beni,General José Ballivián,Reyes,C1,television,centrale,acces_2035,2035,1.0,0.6646428445052183
Beni,General José Ballivián,Reyes,C1,telefono,centrale,acces_2035,2035,1.0,0.8980726264535877
Beni,General José Ballivián,Reyes,C1,computadora,centrale,acces_2035,2035,1.0,0.2563569960474675
Beni,General José Ballivián,Reyes,C1,internet,centrale,acces_2035,2035,1.0,0.3408245193887109
Beni,General José Ballivián,Reyes,C1,refrigerador,centrale,acces_2035,2050,1.0,0.5881040953481024
Beni,General José Ballivián,Reyes,C1,microondas,centrale,acces_2035,2050,1.0,0.0766864514812912
Beni,General José Ballivián,Reyes,C1,calefon,centrale,acces_2035,2050,1.0,0.0293774731002341
Beni,General José Ballivián,Reyes,C1,aire_acondicionado,centrale,acces_2035,2050,1.0,0.0886685431673337
Beni,General José Ballivián,Reyes,C1,lavadora,centrale,acces_2035,2050,1.0,0.3360973045851914
Beni,General José Ballivián,Reyes,C1,radio,centrale,acces_2035,2050,1.0,0.4456435295145152
Beni,General José Ballivián,Reyes,C1,television,centrale,acces_2035,2050,1.0,0.6646428445052183
Beni,General José Ballivián,Reyes,C1,telefono,centrale,acces_2035,2050,1.0,0.8980726264535877
Beni,General José Ballivián,Reyes,C1,computadora,centrale,acces_2035,2050,1.0,0.2563569960474675
Beni,General José Ballivián,Reyes,C1,internet,centrale,acces_2035,2050,1.0,0.3408245193887109
Beni,General José Ballivián,Santa Rosa,C1,refrigerador,centrale,acces_2035,2024,0.8522686025408348,0.4254826254826255
Beni,General José Ballivián,Santa Rosa,C1,microondas,centrale,acces_2035,2024,0.8522686025408348,0.0513513513513513
Beni,General José Ballivián,Santa Rosa,C1,calefon,centrale,acces_2035,2024,0.8522686025408348,0.025472790428406
Beni,General José Ballivián,Santa Rosa,C1,aire_acondicionado,centrale,acces_2035,2024,0.8522686025408348,0.0621621621621621
Beni,General José Ballivián,Santa Rosa,C1,lavadora,centrale,acces_2035,2024,0.8522686025408348,0.1678888460054033
Beni,General José Ballivián,Santa Rosa,C1,radio,centrale,acces_2035,2024,0.8522686025408348,0.3172333848531685
Beni,General José Ballivián,Santa Rosa,C1,television,centrale,acces_2035,2024,0.8522686025408348,0.4870506378044066
Beni,General José Ballivián,Santa Rosa,C1,telefono,centrale,acces_2035,2024,0.8522686025408348,0.8758220502901354
Beni,General José Ballivián,Santa Rosa,C1,computadora,centrale,acces_2035,2024,0.8522686025408348,0.1481624758220502
Beni,General José Ballivián,Santa Rosa,C1,internet,centrale,acces_2035,2024,0.8522686025408348,0.2457430340557275
Beni,General José Ballivián,Santa Rosa,C1,refrigerador,centrale,acces_2035,2035,1.0,0.5881040953481024
Beni,General José Ballivián,Santa Rosa,C1,microondas,centrale,acces_2035,2035,1.0,0.0766864514812912
Beni,General José Ballivián,Santa Rosa,C1,calefon,centrale,acces_2035,2035,1.0,0.0293774731002341
Beni,General José Ballivián,Santa Rosa,C1,aire_acondicionado,centrale,acces_2035,2035,1.0,0.0886685431673337
Beni,General José Ballivián,Santa Rosa,C1,lavadora,centrale,acces_2035,2035,1.0,0.3360973045851914
Beni,General José Ballivián,Santa Rosa,C1,radio,centrale,acces_2035,2035,1.0,0.4456435295145152
Beni,General José Ballivián,Santa Rosa,C1,television,centrale,acces_2035,2035,1.0,0.6646428445052183
Beni,General José Ballivián,Santa Rosa,C1,telefono,centrale,acces_2035,2035,1.0,0.8980726264535877
Beni,General José Ballivián,Santa Rosa,C1,computadora,centrale,acces_2035,2035,1.0,0.2563569960474675
Beni,General José Ballivián,Santa Rosa,C1,internet,centrale,acces_2035,2035,1.0,0.3408245193887109
Beni,General José Ballivián,Santa Rosa,C1,refrigerador,centrale,acces_2035,2050,1.0,0.5881040953481024
Beni,General José Ballivián,Santa Rosa,C1,microondas,centrale,acces_2035,2050,1.0,0.0766864514812912
Beni,General José Ballivián,Santa Rosa,C1,calefon,centrale,acces_2035,2050,1.0,0.0293774731002341
Beni,General José Ballivián,Santa Rosa,C1,aire_acondicionado,centrale,acces_2035,2050,1.0,0.0886685431673337
Beni,General José Ballivián,Santa Rosa,C1,lavadora,centrale,acces_2035,2050,1.0,0.3360973045851914
Beni,General José Ballivián,Santa Rosa,C1,radio,centrale,acces_2035,2050,1.0,0.4456435295145152
Beni,General José Ballivián,Santa Rosa,C1,television,centrale,acces_2035,2050,1.0,0.6646428445052183
Beni,General José Ballivián,Santa Rosa,C1,telefono,centrale,acces_2035,2050,1.0,0.8980726264535877
Beni,General José Ballivián,Santa Rosa,C1,computadora,centrale,acces_2035,2050,1.0,0.2563569960474675
Beni,General José Ballivián,Santa Rosa,C1,internet,centrale,acces_2035,2050,1.0,0.3408245193887109
Beni,Yacuma,Exaltación,C1,refrigerador,centrale,acces_2035,2024,0.8123711340206186,0.0985810306198655
Beni,Yacuma,Exaltación,C1,microondas,centrale,acces_2035,2024,0.8123711340206186,0.0029873039581777
Beni,Yacuma,Exaltación,C1,calefon,centrale,acces_2035,2024,0.8123711340206186,0.0164424514200298
Beni,Yacuma,Exaltación,C1,aire_acondicionado,centrale,acces_2035,2024,0.8123711340206186,0.005227781926811
Beni,Yacuma,Exaltación,C1,lavadora,centrale,acces_2035,2024,0.8123711340206186,0.022404779686333
Beni,Yacuma,Exaltación,C1,radio,centrale,acces_2035,2024,0.8123711340206186,0.4846441947565543
Beni,Yacuma,Exaltación,C1,television,centrale,acces_2035,2024,0.8123711340206186,0.29812734082397
Beni,Yacuma,Exaltación,C1,telefono,centrale,acces_2035,2024,0.8123711340206186,0.7514970059880239
Beni,Yacuma,Exaltación,C1,computadora,centrale,acces_2035,2024,0.8123711340206186,0.0696629213483146
Beni,Yacuma,Exaltación,C1,internet,centrale,acces_2035,2024,0.8123711340206186,0.0434456928838951
Beni,Yacuma,Exaltación,C1,refrigerador,centrale,acces_2035,2035,1.0,0.5881040953481024
Beni,Yacuma,Exaltación,C1,microondas,centrale,acces_2035,2035,1.0,0.0766864514812912
Beni,Yacuma,Exaltación,C1,calefon,centrale,acces_2035,2035,1.0,0.0293774731002341
Beni,Yacuma,Exaltación,C1,aire_acondicionado,centrale,acces_2035,2035,1.0,0.0886685431673337
Beni,Yacuma,Exaltación,C1,lavadora,centrale,acces_2035,2035,1.0,0.3360973045851914
Beni,Yacuma,Exaltación,C1,radio,centrale,acces_2035,2035,1.0,0.4456435295145152
Beni,Yacuma,Exaltación,C1,television,centrale,acces_2035,2035,1.0,0.6646428445052183
Beni,Yacuma,Exaltación,C1,telefono,centrale,acces_2035,2035,1.0,0.8980726264535877
Beni,Yacuma,Exaltación,C1,computadora,centrale,acces_2035,2035,1.0,0.2563569960474675
Beni,Yacuma,Exaltación,C1,internet,centrale,acces_2035,2035,1.0,0.3408245193887109
Beni,Yacuma,Exaltación,C1,refrigerador,centrale,acces_2035,2050,1.0,0.5881040953481024
Beni,Yacuma,Exaltación,C1,microondas,centrale,acces_2035,2050,1.0,0.0766864514812912
Beni,Yacuma,Exaltación,C1,calefon,centrale,acces_2035,2050,1.0,0.0293774731002341
Beni,Yacuma,Exaltación,C1,aire_acondicionado,centrale,acces_2035,2050,1.0,0.0886685431673337
Beni,Yacuma,Exaltación,C1,lavadora,centrale,acces_2035,2050,1.0,0.3360973045851914
Beni,Yacuma,Exaltación,C1,radio,centrale,acces_2035,2050,1.0,0.4456435295145152
Beni,Yacuma,Exaltación,C1,television,centrale,acces_2035,2050,1.0,0.6646428445052183
Beni,Yacuma,Exaltación,C1,telefono,centrale,acces_2035,2050,1.0,0.8980726264535877
Beni,Yacuma,Exaltación,C1,computadora,centrale,acces_2035,2050,1.0,0.2563569960474675
Beni,Yacuma,Exaltación,C1,internet,centrale,acces_2035,2050,1.0,0.3408245193887109
Pando,Nicolás Suárez,Cobija,C5,refrigerador,centrale,acces_2035,2024,0.9746209200719608,0.7561576354679803
Pando,Nicolás Suárez,Cobija,C5,microondas,centrale,acces_2035,2024,0.9746209200719608,0.1357613689326852
Pando,Nicolás Suárez,Cobija,C5,calefon,centrale,acces_2035,2024,0.9746209200719608,0.0352862849533954
Pando,Nicolás Suárez,Cobija,C5,aire_acondicionado,centrale,acces_2035,2024,0.9746209200719608,0.188735769922109
Pando,Nicolás Suárez,Cobija,C5,lavadora,centrale,acces_2035,2024,0.9746209200719608,0.5479297031021169
Pando,Nicolás Suárez,Cobija,C5,radio,centrale,acces_2035,2024,0.9746209200719608,0.572103861517976
Pando,Nicolás Suárez,Cobija,C5,television,centrale,acces_2035,2024,0.9746209200719608,0.7450562620680471
Pando,Nicolás Suárez,Cobija,C5,telefono,centrale,acces_2035,2024,0.9746209200719608,0.9375416167265948
Pando,Nicolás Suárez,Cobija,C5,computadora,centrale,acces_2035,2024,0.9746209200719608,0.4310161139965375
Pando,Nicolás Suárez,Cobija,C5,internet,centrale,acces_2035,2024,0.9746209200719608,0.6279549843510688
Pando,Nicolás Suárez,Cobija,C5,refrigerador,centrale,acces_2035,2035,1.0,0.5881040953481024
Pando,Nicolás Suárez,Cobija,C5,microondas,centrale,acces_2035,2035,1.0,0.0766864514812912
Pando,Nicolás Suárez,Cobija,C5,calefon,centrale,acces_2035,2035,1.0,0.0293774731002341
Pando,Nicolás Suárez,Cobija,C5,aire_acondicionado,centrale,acces_2035,2035,1.0,0.0886685431673337
Pando,Nicolás Suárez,Cobija,C5,lavadora,centrale,acces_2035,2035,1.0,0.3360973045851914
Pando,Nicolás Suárez,Cobija,C5,radio,centrale,acces_2035,2035,1.0,0.4456435295145152
Pando,Nicolás Suárez,Cobija,C5,television,centrale,acces_2035,2035,1.0,0.6646428445052183
Pando,Nicolás Suárez,Cobija,C5,telefono,centrale,acces_2035,2035,1.0,0.8980726264535877
Pando,Nicolás Suárez,Cobija,C5,computadora,centrale,acces_2035,2035,1.0,0.2563569960474675
Pando,Nicolás Suárez,Cobija,C5,internet,centrale,acces_2035,2035,1.0,0.3408245193887109
Pando,Nicolás Suárez,Cobija,C5,refrigerador,centrale,acces_2035,2050,1.0,0.5881040953481024
Pando,Nicolás Suárez,Cobija,C5,microondas,centrale,acces_2035,2050,1.0,0.0766864514812912
Pando,Nicolás Suárez,Cobija,C5,calefon,centrale,acces_2035,2050,1.0,0.0293774731002341
Pando,Nicolás Suárez,Cobija,C5,aire_acondicionado,centrale,acces_2035,2050,1.0,0.0886685431673337
Pando,Nicolás Suárez,Cobija,C5,lavadora,centrale,acces_2035,2050,1.0,0.3360973045851914
Pando,Nicolás Suárez,Cobija,C5,radio,centrale,acces_2035,2050,1.0,0.4456435295145152
Pando,Nicolás Suárez,Cobija,C5,television,centrale,acces_2035,2050,1.0,0.6646428445052183
Pando,Nicolás Suárez,Cobija,C5,telefono,centrale,acces_2035,2050,1.0,0.8980726264535877
Pando,Nicolás Suárez,Cobija,C5,computadora,centrale,acces_2035,2050,1.0,0.2563569960474675
Pando,Nicolás Suárez,Cobija,C5,internet,centrale,acces_2035,2050,1.0,0.3408245193887109
Pando,Nicolás Suárez,Porvenir,C4,refrigerador,centrale,acces_2035,2024,0.9044843049327356,0.5114244044725328
Pando,Nicolás Suárez,Porvenir,C4,microondas,centrale,acces_2035,2024,0.9044843049327356,0.0661157024793388
Pando,Nicolás Suárez,Porvenir,C4,calefon,centrale,acces_2035,2024,0.9044843049327356,0.0364608653378706
Pando,Nicolás Suárez,Porvenir,C4,aire_acondicionado,centrale,acces_2035,2024,0.9044843049327356,0.0641711229946524
Pando,Nicolás Suárez,Porvenir,C4,lavadora,centrale,acces_2035,2024,0.9044843049327356,0.4239183276616431
Pando,Nicolás Suárez,Porvenir,C4,radio,centrale,acces_2035,2024,0.9044843049327356,0.5822784810126582
Pando,Nicolás Suárez,Porvenir,C4,television,centrale,acces_2035,2024,0.9044843049327356,0.674135411592791
Pando,Nicolás Suárez,Porvenir,C4,telefono,centrale,acces_2035,2024,0.9044843049327356,0.8362573099415205
Pando,Nicolás Suárez,Porvenir,C4,computadora,centrale,acces_2035,2024,0.9044843049327356,0.1972722844617633
Pando,Nicolás Suárez,Porvenir,C4,internet,centrale,acces_2035,2024,0.9044843049327356,0.2664393570384802
Pando,Nicolás Suárez,Porvenir,C4,refrigerador,centrale,acces_2035,2035,1.0,0.5881040953481024
Pando,Nicolás Suárez,Porvenir,C4,microondas,centrale,acces_2035,2035,1.0,0.0766864514812912
Pando,Nicolás Suárez,Porvenir,C4,calefon,centrale,acces_2035,2035,1.0,0.0293774731002341
Pando,Nicolás Suárez,Porvenir,C4,aire_acondicionado,centrale,acces_2035,2035,1.0,0.0886685431673337
Pando,Nicolás Suárez,Porvenir,C4,lavadora,centrale,acces_2035,2035,1.0,0.3360973045851914
Pando,Nicolás Suárez,Porvenir,C4,radio,centrale,acces_2035,2035,1.0,0.4456435295145152
Pando,Nicolás Suárez,Porvenir,C4,television,centrale,acces_2035,2035,1.0,0.6646428445052183
Pando,Nicolás Suárez,Porvenir,C4,telefono,centrale,acces_2035,2035,1.0,0.8980726264535877
Pando,Nicolás Suárez,Porvenir,C4,computadora,centrale,acces_2035,2035,1.0,0.2563569960474675
Pando,Nicolás Suárez,Porvenir,C4,internet,centrale,acces_2035,2035,1.0,0.3408245193887109
Pando,Nicolás Suárez,Porvenir,C4,refrigerador,centrale,acces_2035,2050,1.0,0.5881040953481024
Pando,Nicolás Suárez,Porvenir,C4,microondas,centrale,acces_2035,2050,1.0,0.0766864514812912
Pando,Nicolás Suárez,Porvenir,C4,calefon,centrale,acces_2035,2050,1.0,0.0293774731002341
Pando,Nicolás Suárez,Porvenir,C4,aire_acondicionado,centrale,acces_2035,2050,1.0,0.0886685431673337
Pando,Nicolás Suárez,Porvenir,C4,lavadora,centrale,acces_2035,2050,1.0,0.3360973045851914
Pando,Nicolás Suárez,Porvenir,C4,radio,centrale,acces_2035,2050,1.0,0.4456435295145152
Pando,Nicolás Suárez,Porvenir,C4,television,centrale,acces_2035,2050,1.0,0.6646428445052183
Pando,Nicolás Suárez,Porvenir,C4,telefono,centrale,acces_2035,2050,1.0,0.8980726264535877
Pando,Nicolás Suárez,Porvenir,C4,computadora,centrale,acces_2035,2050,1.0,0.2563569960474675
Pando,Nicolás Suárez,Porvenir,C4,internet,centrale,acces_2035,2050,1.0,0.3408245193887109
Pando,Nicolás Suárez,Bolpebra,C2,refrigerador,centrale,acces_2035,2024,0.6845386533665836,0.1387434554973822
Pando,Nicolás Suárez,Bolpebra,C2,microondas,centrale,acces_2035,2024,0.6845386533665836,0.0091623036649214
Pando,Nicolás Suárez,Bolpebra,C2,calefon,centrale,acces_2035,2024,0.6845386533665836,0.0431937172774869
Pando,Nicolás Suárez,Bolpebra,C2,aire_acondicionado,centrale,acces_2035,2024,0.6845386533665836,0.0039267015706806
Pando,Nicolás Suárez,Bolpebra,C2,lavadora,centrale,acces_2035,2024,0.6845386533665836,0.0746073298429319
Pando,Nicolás Suárez,Bolpebra,C2,radio,centrale,acces_2035,2024,0.6845386533665836,0.4588235294117647
Pando,Nicolás Suárez,Bolpebra,C2,television,centrale,acces_2035,2024,0.6845386533665836,0.2840314136125654
Pando,Nicolás Suárez,Bolpebra,C2,telefono,centrale,acces_2035,2024,0.6845386533665836,0.8416230366492147
Pando,Nicolás Suárez,Bolpebra,C2,computadora,centrale,acces_2035,2024,0.6845386533665836,0.0667539267015706
Pando,Nicolás Suárez,Bolpebra,C2,internet,centrale,acces_2035,2024,0.6845386533665836,0.0196335078534031
Pando,Nicolás Suárez,Bolpebra,C2,refrigerador,centrale,acces_2035,2035,1.0,0.5881040953481024
Pando,Nicolás Suárez,Bolpebra,C2,microondas,centrale,acces_2035,2035,1.0,0.0766864514812912
Pando,Nicolás Suárez,Bolpebra,C2,calefon,centrale,acces_2035,2035,1.0,0.0293774731002341
Pando,Nicolás Suárez,Bolpebra,C2,aire_acondicionado,centrale,acces_2035,2035,1.0,0.0886685431673337
Pando,Nicolás Suárez,Bolpebra,C2,lavadora,centrale,acces_2035,2035,1.0,0.3360973045851914
Pando,Nicolás Suárez,Bolpebra,C2,radio,centrale,acces_2035,2035,1.0,0.4456435295145152
Pando,Nicolás Suárez,Bolpebra,C2,television,centrale,acces_2035,2035,1.0,0.6646428445052183
Pando,Nicolás Suárez,Bolpebra,C2,telefono,centrale,acces_2035,2035,1.0,0.8980726264535877
Pando,Nicolás Suárez,Bolpebra,C2,computadora,centrale,acces_2035,2035,1.0,0.2563569960474675
Pando,Nicolás Suárez,Bolpebra,C2,internet,centrale,acces_2035,2035,1.0,0.3408245193887109
Pando,Nicolás Suárez,Bolpebra,C2,refrigerador,centrale,acces_2035,2050,1.0,0.5881040953481024
Pando,Nicolás Suárez,Bolpebra,C2,microondas,centrale,acces_2035,2050,1.0,0.0766864514812912
Pando,Nicolás Suárez,Bolpebra,C2,calefon,centrale,acces_2035,2050,1.0,0.0293774731002341
Pando,Nicolás Suárez,Bolpebra,C2,aire_acondicionado,centrale,acces_2035,2050,1.0,0.0886685431673337
Pando,Nicolás Suárez,Bolpebra,C2,lavadora,centrale,acces_2035,2050,1.0,0.3360973045851914
Pando,Nicolás Suárez,Bolpebra,C2,radio,centrale,acces_2035,2050,1.0,0.4456435295145152
Pando,Nicolás Suárez,Bolpebra,C2,television,centrale,acces_2035,2050,1.0,0.6646428445052183
Pando,Nicolás Suárez,Bolpebra,C2,telefono,centrale,acces_2035,2050,1.0,0.8980726264535877
Pando,Nicolás Suárez,Bolpebra,C2,computadora,centrale,acces_2035,2050,1.0,0.2563569960474675
Pando,Nicolás Suárez,Bolpebra,C2,internet,centrale,acces_2035,2050,1.0,0.3408245193887109
Pando,Nicolás Suárez,Bella Flor,C4,refrigerador,centrale,acces_2035,2024,0.7157894736842105,0.3147208121827411
Pando,Nicolás Suárez,Bella Flor,C4,microondas,centrale,acces_2035,2024,0.7157894736842105,0.032994923857868
Pando,Nicolás Suárez,Bella Flor,C4,calefon,centrale,acces_2035,2024,0.7157894736842105,0.0143824027072758
Pando,Nicolás Suárez,Bella Flor,C4,aire_acondicionado,centrale,acces_2035,2024,0.7157894736842105,0.0177664974619289
Pando,Nicolás Suárez,Bella Flor,C4,lavadora,centrale,acces_2035,2024,0.7157894736842105,0.2030456852791878
Pando,Nicolás Suárez,Bella Flor,C4,radio,centrale,acces_2035,2024,0.7157894736842105,0.4966101694915254
Pando,Nicolás Suárez,Bella Flor,C4,television,centrale,acces_2035,2024,0.7157894736842105,0.3974576271186441
Pando,Nicolás Suárez,Bella Flor,C4,telefono,centrale,acces_2035,2024,0.7157894736842105,0.8264182895850973
Pando,Nicolás Suárez,Bella Flor,C4,computadora,centrale,acces_2035,2024,0.7157894736842105,0.1203389830508474
Pando,Nicolás Suárez,Bella Flor,C4,internet,centrale,acces_2035,2024,0.7157894736842105,0.1
Pando,Nicolás Suárez,Bella Flor,C4,refrigerador,centrale,acces_2035,2035,1.0,0.5881040953481024
Pando,Nicolás Suárez,Bella Flor,C4,microondas,centrale,acces_2035,2035,1.0,0.0766864514812912
Pando,Nicolás Suárez,Bella Flor,C4,calefon,centrale,acces_2035,2035,1.0,0.0293774731002341
Pando,Nicolás Suárez,Bella Flor,C4,aire_acondicionado,centrale,acces_2035,2035,1.0,0.0886685431673337
Pando,Nicolás Suárez,Bella Flor,C4,lavadora,centrale,acces_2035,2035,1.0,0.3360973045851914
Pando,Nicolás Suárez,Bella Flor,C4,radio,centrale,acces_2035,2035,1.0,0.4456435295145152
Pando,Nicolás Suárez,Bella Flor,C4,television,centrale,acces_2035,2035,1.0,0.6646428445052183
Pando,Nicolás Suárez,Bella Flor,C4,telefono,centrale,acces_2035,2035,1.0,0.8980726264535877
Pando,Nicolás Suárez,Bella Flor,C4,computadora,centrale,acces_2035,2035,1.0,0.2563569960474675
Pando,Nicolás Suárez,Bella Flor,C4,internet,centrale,acces_2035,2035,1.0,0.3408245193887109
Pando,Nicolás Suárez,Bella Flor,C4,refrigerador,centrale,acces_2035,2050,1.0,0.5881040953481024
Pando,Nicolás Suárez,Bella Flor,C4,microondas,centrale,acces_2035,2050,1.0,0.0766864514812912
Pando,Nicolás Suárez,Bella Flor,C4,calefon,centrale,acces_2035,2050,1.0,0.0293774731002341
Pando,Nicolás Suárez,Bella Flor,C4,aire_acondicionado,centrale,acces_2035,2050,1.0,0.0886685431673337
Pando,Nicolás Suárez,Bella Flor,C4,lavadora,centrale,acces_2035,2050,1.0,0.3360973045851914
Pando,Nicolás Suárez,Bella Flor,C4,radio,centrale,acces_2035,2050,1.0,0.4456435295145152
Pando,Nicolás Suárez,Bella Flor,C4,television,centrale,acces_2035,2050,1.0,0.6646428445052183
Pando,Nicolás Suárez,Bella Flor,C4,telefono,centrale,acces_2035,2050,1.0,0.8980726264535877
Pando,Nicolás Suárez,Bella Flor,C4,computadora,centrale,acces_2035,2050,1.0,0.2563569960474675
Pando,Nicolás Suárez,Bella Flor,C4,internet,centrale,acces_2035,2050,1.0,0.3408245193887109
Pando,Manuripi,Puerto Rico,C4,refrigerador,centrale,acces_2035,2024,0.8366013071895425,0.4104320337197049
Pando,Manuripi,Puerto Rico,C4,microondas,centrale,acces_2035,2024,0.8366013071895425,0.0258030542390731
Pando,Manuripi,Puerto Rico,C4,calefon,centrale,acces_2035,2024,0.8366013071895425,0.020010531858873
Pando,Manuripi,Puerto Rico,C4,aire_acondicionado,centrale,acces_2035,2024,0.8366013071895425,0.0279094260136914
Pando,Manuripi,Puerto Rico,C4,lavadora,centrale,acces_2035,2024,0.8366013071895425,0.1748288572933122
Pando,Manuripi,Puerto Rico,C4,radio,centrale,acces_2035,2024,0.8366013071895425,0.3923117430226435
Pando,Manuripi,Puerto Rico,C4,television,centrale,acces_2035,2024,0.8366013071895425,0.4507635597682991
Pando,Manuripi,Puerto Rico,C4,telefono,centrale,acces_2035,2024,0.8366013071895425,0.8680336487907466
Pando,Manuripi,Puerto Rico,C4,computadora,centrale,acces_2035,2024,0.8366013071895425,0.2726315789473684
Pando,Manuripi,Puerto Rico,C4,internet,centrale,acces_2035,2024,0.8366013071895425,0.1748288572933122
Pando,Manuripi,Puerto Rico,C4,refrigerador,centrale,acces_2035,2035,1.0,0.5881040953481024
Pando,Manuripi,Puerto Rico,C4,microondas,centrale,acces_2035,2035,1.0,0.0766864514812912
Pando,Manuripi,Puerto Rico,C4,calefon,centrale,acces_2035,2035,1.0,0.0293774731002341
Pando,Manuripi,Puerto Rico,C4,aire_acondicionado,centrale,acces_2035,2035,1.0,0.0886685431673337
Pando,Manuripi,Puerto Rico,C4,lavadora,centrale,acces_2035,2035,1.0,0.3360973045851914
Pando,Manuripi,Puerto Rico,C4,radio,centrale,acces_2035,2035,1.0,0.4456435295145152
Pando,Manuripi,Puerto Rico,C4,television,centrale,acces_2035,2035,1.0,0.6646428445052183
Pando,Manuripi,Puerto Rico,C4,telefono,centrale,acces_2035,2035,1.0,0.8980726264535877
Pando,Manuripi,Puerto Rico,C4,computadora,centrale,acces_2035,2035,1.0,0.2563569960474675
Pando,Manuripi,Puerto Rico,C4,internet,centrale,acces_2035,2035,1.0,0.3408245193887109
Pando,Manuripi,Puerto Rico,C4,refrigerador,centrale,acces_2035,2050,1.0,0.5881040953481024
Pando,Manuripi,Puerto Rico,C4,microondas,centrale,acces_2035,2050,1.0,0.0766864514812912
Pando,Manuripi,Puerto Rico,C4,calefon,centrale,acces_2035,2050,1.0,0.0293774731002341
Pando,Manuripi,Puerto Rico,C4,aire_acondicionado,centrale,acces_2035,2050,1.0,0.0886685431673337
Pando,Manuripi,Puerto Rico,C4,lavadora,centrale,acces_2035,2050,1.0,0.3360973045851914
Pando,Manuripi,Puerto Rico,C4,radio,centrale,acces_2035,2050,1.0,0.4456435295145152
Pando,Manuripi,Puerto Rico,C4,television,centrale,acces_2035,2050,1.0,0.6646428445052183
Pando,Manuripi,Puerto Rico,C4,telefono,centrale,acces_2035,2050,1.0,0.8980726264535877
Pando,Manuripi,Puerto Rico,C4,computadora,centrale,acces_2035,2050,1.0,0.2563569960474675
Pando,Manuripi,Puerto Rico,C4,internet,centrale,acces_2035,2050,1.0,0.3408245193887109
Pando,Manuripi,San Pedro,C4,refrigerador,centrale,acces_2035,2024,0.3970588235294117,0.0
Pando,Manuripi,San Pedro,C4,microondas,centrale,acces_2035,2024,0.3970588235294117,0.0
Pando,Manuripi,San Pedro,C4,calefon,centrale,acces_2035,2024,0.3970588235294117,0.0035523978685612
Pando,Manuripi,San Pedro,C4,aire_acondicionado,centrale,acces_2035,2024,0.3970588235294117,0.0
Pando,Manuripi,San Pedro,C4,lavadora,centrale,acces_2035,2024,0.3970588235294117,0.0
Pando,Manuripi,San Pedro,C4,radio,centrale,acces_2035,2024,0.3970588235294117,0.6702127659574468
Pando,Manuripi,San Pedro,C4,television,centrale,acces_2035,2024,0.3970588235294117,0.1719858156028368
Pando,Manuripi,San Pedro,C4,telefono,centrale,acces_2035,2024,0.3970588235294117,0.6453900709219859
Pando,Manuripi,San Pedro,C4,computadora,centrale,acces_2035,2024,0.3970588235294117,0.0479573712255772
Pando,Manuripi,San Pedro,C4,internet,centrale,acces_2035,2024,0.3970588235294117,0.0035523978685612
Pando,Manuripi,San Pedro,C4,refrigerador,centrale,acces_2035,2035,1.0,0.5881040953481024
Pando,Manuripi,San Pedro,C4,microondas,centrale,acces_2035,2035,1.0,0.0766864514812912
Pando,Manuripi,San Pedro,C4,calefon,centrale,acces_2035,2035,1.0,0.0293774731002341
Pando,Manuripi,San Pedro,C4,aire_acondicionado,centrale,acces_2035,2035,1.0,0.0886685431673337
Pando,Manuripi,San Pedro,C4,lavadora,centrale,acces_2035,2035,1.0,0.3360973045851914
Pando,Manuripi,San Pedro,C4,radio,centrale,acces_2035,2035,1.0,0.4456435295145152
Pando,Manuripi,San Pedro,C4,television,centrale,acces_2035,2035,1.0,0.6646428445052183
Pando,Manuripi,San Pedro,C4,telefono,centrale,acces_2035,2035,1.0,0.8980726264535877
Pando,Manuripi,San Pedro,C4,computadora,centrale,acces_2035,2035,1.0,0.2563569960474675
Pando,Manuripi,San Pedro,C4,internet,centrale,acces_2035,2035,1.0,0.3408245193887109
Pando,Manuripi,San Pedro,C4,refrigerador,centrale,acces_2035,2050,1.0,0.5881040953481024
Pando,Manuripi,San Pedro,C4,microondas,centrale,acces_2035,2050,1.0,0.0766864514812912
Pando,Manuripi,San Pedro,C4,calefon,centrale,acces_2035,2050,1.0,0.0293774731002341
Pando,Manuripi,San Pedro,C4,aire_acondicionado,centrale,acces_2035,2050,1.0,0.0886685431673337
Pando,Manuripi,San Pedro,C4,lavadora,centrale,acces_2035,2050,1.0,0.3360973045851914
Pando,Manuripi,San Pedro,C4,radio,centrale,acces_2035,2050,1.0,0.4456435295145152
Pando,Manuripi,San Pedro,C4,television,centrale,acces_2035,2050,1.0,0.6646428445052183
Pando,Manuripi,San Pedro,C4,telefono,centrale,acces_2035,2050,1.0,0.8980726264535877
Pando,Manuripi,San Pedro,C4,computadora,centrale,acces_2035,2050,1.0,0.2563569960474675
Pando,Manuripi,San Pedro,C4,internet,centrale,acces_2035,2050,1.0,0.3408245193887109
Pando,Manuripi,Filadelfia,C4,refrigerador,centrale,acces_2035,2024,0.7637231503579952,0.2855366763365106
Pando,Manuripi,Filadelfia,C4,microondas,centrale,acces_2035,2024,0.7637231503579952,0.0198922503108164
Pando,Manuripi,Filadelfia,C4,calefon,centrale,acces_2035,2024,0.7637231503579952,0.019485903814262
Pando,Manuripi,Filadelfia,C4,aire_acondicionado,centrale,acces_2035,2024,0.7637231503579952,0.0078740157480314
Pando,Manuripi,Filadelfia,C4,lavadora,centrale,acces_2035,2024,0.7637231503579952,0.1209610604805302
Pando,Manuripi,Filadelfia,C4,radio,centrale,acces_2035,2024,0.7637231503579952,0.3974305843348529
Pando,Manuripi,Filadelfia,C4,television,centrale,acces_2035,2024,0.7637231503579952,0.4101077050538525
Pando,Manuripi,Filadelfia,C4,telefono,centrale,acces_2035,2024,0.7637231503579952,0.8475559237779619
Pando,Manuripi,Filadelfia,C4,computadora,centrale,acces_2035,2024,0.7637231503579952,0.0981772990886495
Pando,Manuripi,Filadelfia,C4,internet,centrale,acces_2035,2024,0.7637231503579952,0.0376967688483844
Pando,Manuripi,Filadelfia,C4,refrigerador,centrale,acces_2035,2035,1.0,0.5881040953481024
Pando,Manuripi,Filadelfia,C4,microondas,centrale,acces_2035,2035,1.0,0.0766864514812912
Pando,Manuripi,Filadelfia,C4,calefon,centrale,acces_2035,2035,1.0,0.0293774731002341
Pando,Manuripi,Filadelfia,C4,aire_acondicionado,centrale,acces_2035,2035,1.0,0.0886685431673337
Pando,Manuripi,Filadelfia,C4,lavadora,centrale,acces_2035,2035,1.0,0.3360973045851914
Pando,Manuripi,Filadelfia,C4,radio,centrale,acces_2035,2035,1.0,0.4456435295145152
Pando,Manuripi,Filadelfia,C4,television,centrale,acces_2035,2035,1.0,0.6646428445052183
Pando,Manuripi,Filadelfia,C4,telefono,centrale,acces_2035,2035,1.0,0.8980726264535877
Pando,Manuripi,Filadelfia,C4,computadora,centrale,acces_2035,2035,1.0,0.2563569960474675
Pando,Manuripi,Filadelfia,C4,internet,centrale,acces_2035,2035,1.0,0.3408245193887109
Pando,Manuripi,Filadelfia,C4,refrigerador,centrale,acces_2035,2050,1.0,0.5881040953481024
Pando,Manuripi,Filadelfia,C4,microondas,centrale,acces_2035,2050,1.0,0.0766864514812912
Pando,Manuripi,Filadelfia,C4,calefon,centrale,acces_2035,2050,1.0,0.0293774731002341
Pando,Manuripi,Filadelfia,C4,aire_acondicionado,centrale,acces_2035,2050,1.0,0.0886685431673337
Pando,Manuripi,Filadelfia,C4,lavadora,centrale,acces_2035,2050,1.0,0.3360973045851914
Pando,Manuripi,Filadelfia,C4,radio,centrale,acces_2035,2050,1.0,0.4456435295145152
Pando,Manuripi,Filadelfia,C4,television,centrale,acces_2035,2050,1.0,0.6646428445052183
Pando,Manuripi,Filadelfia,C4,telefono,centrale,acces_2035,2050,1.0,0.8980726264535877
Pando,Manuripi,Filadelfia,C4,computadora,centrale,acces_2035,2050,1.0,0.2563569960474675
Pando,Manuripi,Filadelfia,C4,internet,centrale,acces_2035,2050,1.0,0.3408245193887109
Pando,Madre de Dios,Puerto Gonzalo Moreno,C3,refrigerador,centrale,acces_2035,2024,0.8229007633587786,0.2776859504132231
Pando,Madre de Dios,Puerto Gonzalo Moreno,C3,microondas,centrale,acces_2035,2024,0.8229007633587786,0.0198347107438016
Pando,Madre de Dios,Puerto Gonzalo Moreno,C3,calefon,centrale,acces_2035,2024,0.8229007633587786,0.015426997245179
Pando,Madre de Dios,Puerto Gonzalo Moreno,C3,aire_acondicionado,centrale,acces_2035,2024,0.8229007633587786,0.009366391184573
Pando,Madre de Dios,Puerto Gonzalo Moreno,C3,lavadora,centrale,acces_2035,2024,0.8229007633587786,0.0568119139547711
Pando,Madre de Dios,Puerto Gonzalo Moreno,C3,radio,centrale,acces_2035,2024,0.8229007633587786,0.521763085399449
Pando,Madre de Dios,Puerto Gonzalo Moreno,C3,television,centrale,acces_2035,2024,0.8229007633587786,0.4754820936639118
Pando,Madre de Dios,Puerto Gonzalo Moreno,C3,telefono,centrale,acces_2035,2024,0.8229007633587786,0.74696802646086
Pando,Madre de Dios,Puerto Gonzalo Moreno,C3,computadora,centrale,acces_2035,2024,0.8229007633587786,0.1063360881542699
Pando,Madre de Dios,Puerto Gonzalo Moreno,C3,internet,centrale,acces_2035,2024,0.8229007633587786,0.0297684674751929
Pando,Madre de Dios,Puerto Gonzalo Moreno,C3,refrigerador,centrale,acces_2035,2035,1.0,0.5881040953481024
Pando,Madre de Dios,Puerto Gonzalo Moreno,C3,microondas,centrale,acces_2035,2035,1.0,0.0766864514812912
Pando,Madre de Dios,Puerto Gonzalo Moreno,C3,calefon,centrale,acces_2035,2035,1.0,0.0293774731002341
Pando,Madre de Dios,Puerto Gonzalo Moreno,C3,aire_acondicionado,centrale,acces_2035,2035,1.0,0.0886685431673337
Pando,Madre de Dios,Puerto Gonzalo Moreno,C3,lavadora,centrale,acces_2035,2035,1.0,0.3360973045851914
Pando,Madre de Dios,Puerto Gonzalo Moreno,C3,radio,centrale,acces_2035,2035,1.0,0.4456435295145152
Pando,Madre de Dios,Puerto Gonzalo Moreno,C3,television,centrale,acces_2035,2035,1.0,0.6646428445052183
Pando,Madre de Dios,Puerto Gonzalo Moreno,C3,telefono,centrale,acces_2035,2035,1.0,0.8980726264535877
Pando,Madre de Dios,Puerto Gonzalo Moreno,C3,computadora,centrale,acces_2035,2035,1.0,0.2563569960474675
Pando,Madre de Dios,Puerto Gonzalo Moreno,C3,internet,centrale,acces_2035,2035,1.0,0.3408245193887109
Pando,Madre de Dios,Puerto Gonzalo Moreno,C3,refrigerador,centrale,acces_2035,2050,1.0,0.5881040953481024
Pando,Madre de Dios,Puerto Gonzalo Moreno,C3,microondas,centrale,acces_2035,2050,1.0,0.0766864514812912
Pando,Madre de Dios,Puerto Gonzalo Moreno,C3,calefon,centrale,acces_2035,2050,1.0,0.0293774731002341
Pando,Madre de Dios,Puerto Gonzalo Moreno,C3,aire_acondicionado,centrale,acces_2035,2050,1.0,0.0886685431673337
Pando,Madre de Dios,Puerto Gonzalo Moreno,C3,lavadora,centrale,acces_2035,2050,1.0,0.3360973045851914
Pando,Madre de Dios,Puerto Gonzalo Moreno,C3,radio,centrale,acces_2035,2050,1.0,0.4456435295145152
Pando,Madre de Dios,Puerto Gonzalo Moreno,C3,television,centrale,acces_2035,2050,1.0,0.6646428445052183
Pando,Madre de Dios,Puerto Gonzalo Moreno,C3,telefono,centrale,acces_2035,2050,1.0,0.8980726264535877
Pando,Madre de Dios,Puerto Gonzalo Moreno,C3,computadora,centrale,acces_2035,2050,1.0,0.2563569960474675
Pando,Madre de Dios,Puerto Gonzalo Moreno,C3,internet,centrale,acces_2035,2050,1.0,0.3408245193887109
Pando,Madre de Dios,San Lorenzo,C4,refrigerador,centrale,acces_2035,2024,0.8367567567567568,0.2832469775474956
Pando,Madre de Dios,San Lorenzo,C4,microondas,centrale,acces_2035,2024,0.8367567567567568,0.0115074798619102
Pando,Madre de Dios,San Lorenzo,C4,calefon,centrale,acces_2035,2024,0.8367567567567568,0.0097813578826237
Pando,Madre de Dios,San Lorenzo,C4,aire_acondicionado,centrale,acces_2035,2024,0.8367567567567568,0.0086306098964326
Pando,Madre de Dios,San Lorenzo,C4,lavadora,centrale,acces_2035,2024,0.8367567567567568,0.0909090909090909
Pando,Madre de Dios,San Lorenzo,C4,radio,centrale,acces_2035,2024,0.8367567567567568,0.3906789413118527
Pando,Madre de Dios,San Lorenzo,C4,television,centrale,acces_2035,2024,0.8367567567567568,0.4490500863557858
Pando,Madre de Dios,San Lorenzo,C4,telefono,centrale,acces_2035,2024,0.8367567567567568,0.8301669545192861
Pando,Madre de Dios,San Lorenzo,C4,computadora,centrale,acces_2035,2024,0.8367567567567568,0.1013241220495106
Pando,Madre de Dios,San Lorenzo,C4,internet,centrale,acces_2035,2024,0.8367567567567568,0.0558434081750143
Pando,Madre de Dios,San Lorenzo,C4,refrigerador,centrale,acces_2035,2035,1.0,0.5881040953481024
Pando,Madre de Dios,San Lorenzo,C4,microondas,centrale,acces_2035,2035,1.0,0.0766864514812912
Pando,Madre de Dios,San Lorenzo,C4,calefon,centrale,acces_2035,2035,1.0,0.0293774731002341
Pando,Madre de Dios,San Lorenzo,C4,aire_acondicionado,centrale,acces_2035,2035,1.0,0.0886685431673337
Pando,Madre de Dios,San Lorenzo,C4,lavadora,centrale,acces_2035,2035,1.0,0.3360973045851914
Pando,Madre de Dios,San Lorenzo,C4,radio,centrale,acces_2035,2035,1.0,0.4456435295145152
Pando,Madre de Dios,San Lorenzo,C4,television,centrale,acces_2035,2035,1.0,0.6646428445052183
Pando,Madre de Dios,San Lorenzo,C4,telefono,centrale,acces_2035,2035,1.0,0.8980726264535877
Pando,Madre de Dios,San Lorenzo,C4,computadora,centrale,acces_2035,2035,1.0,0.2563569960474675
Pando,Madre de Dios,San Lorenzo,C4,internet,centrale,acces_2035,2035,1.0,0.3408245193887109
Pando,Madre de Dios,San Lorenzo,C4,refrigerador,centrale,acces_2035,2050,1.0,0.5881040953481024
Pando,Madre de Dios,San Lorenzo,C4,microondas,centrale,acces_2035,2050,1.0,0.0766864514812912
Pando,Madre de Dios,San Lorenzo,C4,calefon,centrale,acces_2035,2050,1.0,0.0293774731002341
Pando,Madre de Dios,San Lorenzo,C4,aire_acondicionado,centrale,acces_2035,2050,1.0,0.0886685431673337
Pando,Madre de Dios,San Lorenzo,C4,lavadora,centrale,acces_2035,2050,1.0,0.3360973045851914
Pando,Madre de Dios,San Lorenzo,C4,radio,centrale,acces_2035,2050,1.0,0.4456435295145152
Pando,Madre de Dios,San Lorenzo,C4,television,centrale,acces_2035,2050,1.0,0.6646428445052183
Pando,Madre de Dios,San Lorenzo,C4,telefono,centrale,acces_2035,2050,1.0,0.8980726264535877
Pando,Madre de Dios,San Lorenzo,C4,computadora,centrale,acces_2035,2050,1.0,0.2563569960474675
Pando,Madre de Dios,San Lorenzo,C4,internet,centrale,acces_2035,2050,1.0,0.3408245193887109
Pando,Madre de Dios,Sena,C4,refrigerador,centrale,acces_2035,2024,0.6267826086956522,0.214075165806927
Pando,Madre de Dios,Sena,C4,microondas,centrale,acces_2035,2024,0.6267826086956522,0.0143699336772291
Pando,Madre de Dios,Sena,C4,calefon,centrale,acces_2035,2024,0.6267826086956522,0.0132645541635961
Pando,Madre de Dios,Sena,C4,aire_acondicionado,centrale,acces_2035,2024,0.6267826086956522,0.0162182086251382
Pando,Madre de Dios,Sena,C4,lavadora,centrale,acces_2035,2024,0.6267826086956522,0.0762992996682639
Pando,Madre de Dios,Sena,C4,radio,centrale,acces_2035,2024,0.6267826086956522,0.3550644567219153
Pando,Madre de Dios,Sena,C4,television,centrale,acces_2035,2024,0.6267826086956522,0.3667526723184666
Pando,Madre de Dios,Sena,C4,telefono,centrale,acces_2035,2024,0.6267826086956522,0.7874769797421731
Pando,Madre de Dios,Sena,C4,computadora,centrale,acces_2035,2024,0.6267826086956522,0.1046425939572586
Pando,Madre de Dios,Sena,C4,internet,centrale,acces_2035,2024,0.6267826086956522,0.1201179071481208
Pando,Madre de Dios,Sena,C4,refrigerador,centrale,acces_2035,2035,1.0,0.5881040953481024
Pando,Madre de Dios,Sena,C4,microondas,centrale,acces_2035,2035,1.0,0.0766864514812912
Pando,Madre de Dios,Sena,C4,calefon,centrale,acces_2035,2035,1.0,0.0293774731002341
Pando,Madre de Dios,Sena,C4,aire_acondicionado,centrale,acces_2035,2035,1.0,0.0886685431673337
Pando,Madre de Dios,Sena,C4,lavadora,centrale,acces_2035,2035,1.0,0.3360973045851914
Pando,Madre de Dios,Sena,C4,radio,centrale,acces_2035,2035,1.0,0.4456435295145152
Pando,Madre de Dios,Sena,C4,television,centrale,acces_2035,2035,1.0,0.6646428445052183
Pando,Madre de Dios,Sena,C4,telefono,centrale,acces_2035,2035,1.0,0.8980726264535877
Pando,Madre de Dios,Sena,C4,computadora,centrale,acces_2035,2035,1.0,0.2563569960474675
Pando,Madre de Dios,Sena,C4,internet,centrale,acces_2035,2035,1.0,0.3408245193887109
Pando,Madre de Dios,Sena,C4,refrigerador,centrale,acces_2035,2050,1.0,0.5881040953481024
Pando,Madre de Dios,Sena,C4,microondas,centrale,acces_2035,2050,1.0,0.0766864514812912
Pando,Madre de Dios,Sena,C4,calefon,centrale,acces_2035,2050,1.0,0.0293774731002341
Pando,Madre de Dios,Sena,C4,aire_acondicionado,centrale,acces_2035,2050,1.0,0.0886685431673337
Pando,Madre de Dios,Sena,C4,lavadora,centrale,acces_2035,2050,1.0,0.3360973045851914
Pando,Madre de Dios,Sena,C4,radio,centrale,acces_2035,2050,1.0,0.4456435295145152
Pando,Madre de Dios,Sena,C4,television,centrale,acces_2035,2050,1.0,0.6646428445052183
Pando,Madre de Dios,Sena,C4,telefono,centrale,acces_2035,2050,1.0,0.8980726264535877
Pando,Madre de Dios,Sena,C4,computadora,centrale,acces_2035,2050,1.0,0.2563569960474675
Pando,Madre de Dios,Sena,C4,internet,centrale,acces_2035,2050,1.0,0.3408245193887109
Pando,Abuná,Santa Rosa,C4,refrigerador,centrale,acces_2035,2024,0.8267441860465117,0.3933823529411764
Pando,Abuná,Santa Rosa,C4,microondas,centrale,acces_2035,2024,0.8267441860465117,0.0183823529411764
Pando,Abuná,Santa Rosa,C4,calefon,centrale,acces_2035,2024,0.8267441860465117,0.0208333333333333
Pando,Abuná,Santa Rosa,C4,aire_acondicionado,centrale,acces_2035,2024,0.8267441860465117,0.0098039215686274
Pando,Abuná,Santa Rosa,C4,lavadora,centrale,acces_2035,2024,0.8267441860465117,0.1580882352941176
Pando,Abuná,Santa Rosa,C4,radio,centrale,acces_2035,2024,0.8267441860465117,0.3644171779141104
Pando,Abuná,Santa Rosa,C4,television,centrale,acces_2035,2024,0.8267441860465117,0.4392638036809816
Pando,Abuná,Santa Rosa,C4,telefono,centrale,acces_2035,2024,0.8267441860465117,0.8355828220858895
Pando,Abuná,Santa Rosa,C4,computadora,centrale,acces_2035,2024,0.8267441860465117,0.1482843137254902
Pando,Abuná,Santa Rosa,C4,internet,centrale,acces_2035,2024,0.8267441860465117,0.0429447852760736
Pando,Abuná,Santa Rosa,C4,refrigerador,centrale,acces_2035,2035,1.0,0.5881040953481024
Pando,Abuná,Santa Rosa,C4,microondas,centrale,acces_2035,2035,1.0,0.0766864514812912
Pando,Abuná,Santa Rosa,C4,calefon,centrale,acces_2035,2035,1.0,0.0293774731002341
Pando,Abuná,Santa Rosa,C4,aire_acondicionado,centrale,acces_2035,2035,1.0,0.0886685431673337
Pando,Abuná,Santa Rosa,C4,lavadora,centrale,acces_2035,2035,1.0,0.3360973045851914
Pando,Abuná,Santa Rosa,C4,radio,centrale,acces_2035,2035,1.0,0.4456435295145152
Pando,Abuná,Santa Rosa,C4,television,centrale,acces_2035,2035,1.0,0.6646428445052183
Pando,Abuná,Santa Rosa,C4,telefono,centrale,acces_2035,2035,1.0,0.8980726264535877
Pando,Abuná,Santa Rosa,C4,computadora,centrale,acces_2035,2035,1.0,0.2563569960474675
Pando,Abuná,Santa Rosa,C4,internet,centrale,acces_2035,2035,1.0,0.3408245193887109
Pando,Abuná,Santa Rosa,C4,refrigerador,centrale,acces_2035,2050,1.0,0.5881040953481024
Pando,Abuná,Santa Rosa,C4,microondas,centrale,acces_2035,2050,1.0,0.0766864514812912
Pando,Abuná,Santa Rosa,C4,calefon,centrale,acces_2035,2050,1.0,0.0293774731002341
Pando,Abuná,Santa Rosa,C4,aire_acondicionado,centrale,acces_2035,2050,1.0,0.0886685431673337
Pando,Abuná,Santa Rosa,C4,lavadora,centrale,acces_2035,2050,1.0,0.3360973045851914
Pando,Abuná,Santa Rosa,C4,radio,centrale,acces_2035,2050,1.0,0.4456435295145152
Pando,Abuná,Santa Rosa,C4,television,centrale,acces_2035,2050,1.0,0.6646428445052183
Pando,Abuná,Santa Rosa,C4,telefono,centrale,acces_2035,2050,1.0,0.8980726264535877
Pando,Abuná,Santa Rosa,C4,computadora,centrale,acces_2035,2050,1.0,0.2563569960474675
Pando,Abuná,Santa Rosa,C4,internet,centrale,acces_2035,2050,1.0,0.3408245193887109
Pando,Abuná,Ingavi,C4,refrigerador,centrale,acces_2035,2024,0.5978428351309707,0.0425531914893617
Pando,Abuná,Ingavi,C4,microondas,centrale,acces_2035,2024,0.5978428351309707,0.0032733224222585
Pando,Abuná,Ingavi,C4,calefon,centrale,acces_2035,2024,0.5978428351309707,0.0130932896890343
Pando,Abuná,Ingavi,C4,aire_acondicionado,centrale,acces_2035,2024,0.5978428351309707,0.0
Pando,Abuná,Ingavi,C4,lavadora,centrale,acces_2035,2024,0.5978428351309707,0.0098199672667757
Pando,Abuná,Ingavi,C4,radio,centrale,acces_2035,2024,0.5978428351309707,0.4173486088379705
Pando,Abuná,Ingavi,C4,television,centrale,acces_2035,2024,0.5978428351309707,0.2945990180032733
Pando,Abuná,Ingavi,C4,telefono,centrale,acces_2035,2024,0.5978428351309707,0.7855973813420621
Pando,Abuná,Ingavi,C4,computadora,centrale,acces_2035,2024,0.5978428351309707,0.0704918032786885
Pando,Abuná,Ingavi,C4,internet,centrale,acces_2035,2024,0.5978428351309707,0.0344262295081967
Pando,Abuná,Ingavi,C4,refrigerador,centrale,acces_2035,2035,1.0,0.5881040953481024
Pando,Abuná,Ingavi,C4,microondas,centrale,acces_2035,2035,1.0,0.0766864514812912
Pando,Abuná,Ingavi,C4,calefon,centrale,acces_2035,2035,1.0,0.0293774731002341
Pando,Abuná,Ingavi,C4,aire_acondicionado,centrale,acces_2035,2035,1.0,0.0886685431673337
Pando,Abuná,Ingavi,C4,lavadora,centrale,acces_2035,2035,1.0,0.3360973045851914
Pando,Abuná,Ingavi,C4,radio,centrale,acces_2035,2035,1.0,0.4456435295145152
Pando,Abuná,Ingavi,C4,television,centrale,acces_2035,2035,1.0,0.6646428445052183
Pando,Abuná,Ingavi,C4,telefono,centrale,acces_2035,2035,1.0,0.8980726264535877
Pando,Abuná,Ingavi,C4,computadora,centrale,acces_2035,2035,1.0,0.2563569960474675
Pando,Abuná,Ingavi,C4,internet,centrale,acces_2035,2035,1.0,0.3408245193887109
Pando,Abuná,Ingavi,C4,refrigerador,centrale,acces_2035,2050,1.0,0.5881040953481024
Pando,Abuná,Ingavi,C4,microondas,centrale,acces_2035,2050,1.0,0.0766864514812912
Pando,Abuná,Ingavi,C4,calefon,centrale,acces_2035,2050,1.0,0.0293774731002341
Pando,Abuná,Ingavi,C4,aire_acondicionado,centrale,acces_2035,2050,1.0,0.0886685431673337
Pando,Abuná,Ingavi,C4,lavadora,centrale,acces_2035,2050,1.0,0.3360973045851914
Pando,Abuná,Ingavi,C4,radio,centrale,acces_2035,2050,1.0,0.4456435295145152
Pando,Abuná,Ingavi,C4,television,centrale,acces_2035,2050,1.0,0.6646428445052183
Pando,Abuná,Ingavi,C4,telefono,centrale,acces_2035,2050,1.0,0.8980726264535877
Pando,Abuná,Ingavi,C4,computadora,centrale,acces_2035,2050,1.0,0.2563569960474675
Pando,Abuná,Ingavi,C4,internet,centrale,acces_2035,2050,1.0,0.3408245193887109
Pando,Federico Román,Nueva Esperanza,C4,refrigerador,centrale,acces_2035,2024,0.6912065439672802,0.038543897216274
Pando,Federico Román,Nueva Esperanza,C4,microondas,centrale,acces_2035,2024,0.6912065439672802,0.0021459227467811
Pando,Federico Román,Nueva Esperanza,C4,calefon,centrale,acces_2035,2024,0.6912065439672802,0.0064377682403433
Pando,Federico Román,Nueva Esperanza,C4,aire_acondicionado,centrale,acces_2035,2024,0.6912065439672802,0.0
Pando,Federico Román,Nueva Esperanza,C4,lavadora,centrale,acces_2035,2024,0.6912065439672802,0.0085836909871244
Pando,Federico Román,Nueva Esperanza,C4,radio,centrale,acces_2035,2024,0.6912065439672802,0.3049040511727079
Pando,Federico Román,Nueva Esperanza,C4,television,centrale,acces_2035,2024,0.6912065439672802,0.3867521367521367
Pando,Federico Román,Nueva Esperanza,C4,telefono,centrale,acces_2035,2024,0.6912065439672802,0.7841880341880342
Pando,Federico Román,Nueva Esperanza,C4,computadora,centrale,acces_2035,2024,0.6912065439672802,0.1047008547008547
Pando,Federico Román,Nueva Esperanza,C4,internet,centrale,acces_2035,2024,0.6912065439672802,0.0405982905982906
Pando,Federico Román,Nueva Esperanza,C4,refrigerador,centrale,acces_2035,2035,1.0,0.5881040953481024
Pando,Federico Román,Nueva Esperanza,C4,microondas,centrale,acces_2035,2035,1.0,0.0766864514812912
Pando,Federico Román,Nueva Esperanza,C4,calefon,centrale,acces_2035,2035,1.0,0.0293774731002341
Pando,Federico Román,Nueva Esperanza,C4,aire_acondicionado,centrale,acces_2035,2035,1.0,0.0886685431673337
Pando,Federico Román,Nueva Esperanza,C4,lavadora,centrale,acces_2035,2035,1.0,0.3360973045851914
Pando,Federico Román,Nueva Esperanza,C4,radio,centrale,acces_2035,2035,1.0,0.4456435295145152
Pando,Federico Román,Nueva Esperanza,C4,television,centrale,acces_2035,2035,1.0,0.6646428445052183
Pando,Federico Román,Nueva Esperanza,C4,telefono,centrale,acces_2035,2035,1.0,0.8980726264535877
Pando,Federico Román,Nueva Esperanza,C4,computadora,centrale,acces_2035,2035,1.0,0.2563569960474675
Pando,Federico Román,Nueva Esperanza,C4,internet,centrale,acces_2035,2035,1.0,0.3408245193887109
Pando,Federico Román,Nueva Esperanza,C4,refrigerador,centrale,acces_2035,2050,1.0,0.5881040953481024
Pando,Federico Román,Nueva Esperanza,C4,microondas,centrale,acces_2035,2050,1.0,0.0766864514812912
Pando,Federico Román,Nueva Esperanza,C4,calefon,centrale,acces_2035,2050,1.0,0.0293774731002341
Pando,Federico Román,Nueva Esperanza,C4,aire_acondicionado,centrale,acces_2035,2050,1.0,0.0886685431673337
Pando,Federico Román,Nueva Esperanza,C4,lavadora,centrale,acces_2035,2050,1.0,0.3360973045851914
Pando,Federico Román,Nueva Esperanza,C4,radio,centrale,acces_2035,2050,1.0,0.4456435295145152
Pando,Federico Román,Nueva Esperanza,C4,television,centrale,acces_2035,2050,1.0,0.6646428445052183
Pando,Federico Román,Nueva Esperanza,C4,telefono,centrale,acces_2035,2050,1.0,0.8980726264535877
Pando,Federico Román,Nueva Esperanza,C4,computadora,centrale,acces_2035,2050,1.0,0.2563569960474675
Pando,Federico Román,Nueva Esperanza,C4,internet,centrale,acces_2035,2050,1.0,0.3408245193887109
Pando,Federico Román,Villa Nueva,C4,refrigerador,centrale,acces_2035,2024,0.6991525423728814,0.1714285714285714
Pando,Federico Román,Villa Nueva,C4,microondas,centrale,acces_2035,2024,0.6991525423728814,0.0063492063492063
Pando,Federico Román,Villa Nueva,C4,calefon,centrale,acces_2035,2024,0.6991525423728814,0.0031746031746031
Pando,Federico Román,Villa Nueva,C4,aire_acondicionado,centrale,acces_2035,2024,0.6991525423728814,0.0031746031746031
Pando,Federico Román,Villa Nueva,C4,lavadora,centrale,acces_2035,2024,0.6991525423728814,0.0206349206349206
Pando,Federico Román,Villa Nueva,C4,radio,centrale,acces_2035,2024,0.6991525423728814,0.3946117274167987
Pando,Federico Román,Villa Nueva,C4,television,centrale,acces_2035,2024,0.6991525423728814,0.319047619047619
Pando,Federico Román,Villa Nueva,C4,telefono,centrale,acces_2035,2024,0.6991525423728814,0.7429022082018928
Pando,Federico Román,Villa Nueva,C4,computadora,centrale,acces_2035,2024,0.6991525423728814,0.0555555555555555
Pando,Federico Román,Villa Nueva,C4,internet,centrale,acces_2035,2024,0.6991525423728814,0.0253968253968253
Pando,Federico Román,Villa Nueva,C4,refrigerador,centrale,acces_2035,2035,1.0,0.5881040953481024
Pando,Federico Román,Villa Nueva,C4,microondas,centrale,acces_2035,2035,1.0,0.0766864514812912
Pando,Federico Román,Villa Nueva,C4,calefon,centrale,acces_2035,2035,1.0,0.0293774731002341
Pando,Federico Román,Villa Nueva,C4,aire_acondicionado,centrale,acces_2035,2035,1.0,0.0886685431673337
Pando,Federico Román,Villa Nueva,C4,lavadora,centrale,acces_2035,2035,1.0,0.3360973045851914
Pando,Federico Román,Villa Nueva,C4,radio,centrale,acces_2035,2035,1.0,0.4456435295145152
Pando,Federico Román,Villa Nueva,C4,television,centrale,acces_2035,2035,1.0,0.6646428445052183
Pando,Federico Román,Villa Nueva,C4,telefono,centrale,acces_2035,2035,1.0,0.8980726264535877
Pando,Federico Román,Villa Nueva,C4,computadora,centrale,acces_2035,2035,1.0,0.2563569960474675
Pando,Federico Román,Villa Nueva,C4,internet,centrale,acces_2035,2035,1.0,0.3408245193887109
Pando,Federico Román,Villa Nueva,C4,refrigerador,centrale,acces_2035,2050,1.0,0.5881040953481024
Pando,Federico Román,Villa Nueva,C4,microondas,centrale,acces_2035,2050,1.0,0.0766864514812912
Pando,Federico Román,Villa Nueva,C4,calefon,centrale,acces_2035,2050,1.0,0.0293774731002341
Pando,Federico Román,Villa Nueva,C4,aire_acondicionado,centrale,acces_2035,2050,1.0,0.0886685431673337
Pando,Federico Román,Villa Nueva,C4,lavadora,centrale,acces_2035,2050,1.0,0.3360973045851914
Pando,Federico Román,Villa Nueva,C4,radio,centrale,acces_2035,2050,1.0,0.4456435295145152
Pando,Federico Román,Villa Nueva,C4,television,centrale,acces_2035,2050,1.0,0.6646428445052183
Pando,Federico Román,Villa Nueva,C4,telefono,centrale,acces_2035,2050,1.0,0.8980726264535877
Pando,Federico Román,Villa Nueva,C4,computadora,centrale,acces_2035,2050,1.0,0.2563569960474675
Pando,Federico Román,Villa Nueva,C4,internet,centrale,acces_2035,2050,1.0,0.3408245193887109
Pando,Federico Román,Santos Mercado,C4,refrigerador,centrale,acces_2035,2024,0.653910149750416,0.1161048689138576
Pando,Federico Román,Santos Mercado,C4,microondas,centrale,acces_2035,2024,0.653910149750416,0.0074906367041198
Pando,Federico Román,Santos Mercado,C4,calefon,centrale,acces_2035,2024,0.653910149750416,0.0037453183520599
Pando,Federico Román,Santos Mercado,C4,aire_acondicionado,centrale,acces_2035,2024,0.653910149750416,0.0037453183520599
Pando,Federico Román,Santos Mercado,C4,lavadora,centrale,acces_2035,2024,0.653910149750416,0.0262664165103189
Pando,Federico Román,Santos Mercado,C4,radio,centrale,acces_2035,2024,0.653910149750416,0.3670411985018726
Pando,Federico Román,Santos Mercado,C4,television,centrale,acces_2035,2024,0.653910149750416,0.3146067415730337
Pando,Federico Román,Santos Mercado,C4,telefono,centrale,acces_2035,2024,0.653910149750416,0.7434456928838952
Pando,Federico Román,Santos Mercado,C4,computadora,centrale,acces_2035,2024,0.653910149750416,0.048689138576779
Pando,Federico Román,Santos Mercado,C4,internet,centrale,acces_2035,2024,0.653910149750416,0.0149812734082397
Pando,Federico Román,Santos Mercado,C4,refrigerador,centrale,acces_2035,2035,1.0,0.5881040953481024
Pando,Federico Román,Santos Mercado,C4,microondas,centrale,acces_2035,2035,1.0,0.0766864514812912
Pando,Federico Román,Santos Mercado,C4,calefon,centrale,acces_2035,2035,1.0,0.0293774731002341
Pando,Federico Román,Santos Mercado,C4,aire_acondicionado,centrale,acces_2035,2035,1.0,0.0886685431673337
Pando,Federico Román,Santos Mercado,C4,lavadora,centrale,acces_2035,2035,1.0,0.3360973045851914
Pando,Federico Román,Santos Mercado,C4,radio,centrale,acces_2035,2035,1.0,0.4456435295145152
Pando,Federico Román,Santos Mercado,C4,television,centrale,acces_2035,2035,1.0,0.6646428445052183
Pando,Federico Román,Santos Mercado,C4,telefono,centrale,acces_2035,2035,1.0,0.8980726264535877
Pando,Federico Román,Santos Mercado,C4,computadora,centrale,acces_2035,2035,1.0,0.2563569960474675
Pando,Federico Román,Santos Mercado,C4,internet,centrale,acces_2035,2035,1.0,0.3408245193887109
Pando,Federico Román,Santos Mercado,C4,refrigerador,centrale,acces_2035,2050,1.0,0.5881040953481024
Pando,Federico Román,Santos Mercado,C4,microondas,centrale,acces_2035,2050,1.0,0.0766864514812912
Pando,Federico Román,Santos Mercado,C4,calefon,centrale,acces_2035,2050,1.0,0.0293774731002341
Pando,Federico Román,Santos Mercado,C4,aire_acondicionado,centrale,acces_2035,2050,1.0,0.0886685431673337
Pando,Federico Román,Santos Mercado,C4,lavadora,centrale,acces_2035,2050,1.0,0.3360973045851914
Pando,Federico Román,Santos Mercado,C4,radio,centrale,acces_2035,2050,1.0,0.4456435295145152
Pando,Federico Román,Santos Mercado,C4,television,centrale,acces_2035,2050,1.0,0.6646428445052183
Pando,Federico Román,Santos Mercado,C4,telefono,centrale,acces_2035,2050,1.0,0.8980726264535877
Pando,Federico Román,Santos Mercado,C4,computadora,centrale,acces_2035,2050,1.0,0.2563569960474675
Pando,Federico Román,Santos Mercado,C4,internet,centrale,acces_2035,2050,1.0,0.3408245193887109
La Paz,Abel Iturralde,Ixiamas,C1,refrigerador,centrale,acces_2050,2024,0.6845130066545675,0.2695058517555266
La Paz,Abel Iturralde,Ixiamas,C1,microondas,centrale,acces_2050,2024,0.6845130066545675,0.0347741306467338
La Paz,Abel Iturralde,Ixiamas,C1,calefon,centrale,acces_2050,2024,0.6845130066545675,0.0285992850178745
La Paz,Abel Iturralde,Ixiamas,C1,aire_acondicionado,centrale,acces_2050,2024,0.6845130066545675,0.0143042912873862
La Paz,Abel Iturralde,Ixiamas,C1,lavadora,centrale,acces_2050,2024,0.6845130066545675,0.0900520156046814
La Paz,Abel Iturralde,Ixiamas,C1,radio,centrale,acces_2050,2024,0.6845130066545675,0.390497884803124
La Paz,Abel Iturralde,Ixiamas,C1,television,centrale,acces_2050,2024,0.6845130066545675,0.4152845528455284
La Paz,Abel Iturralde,Ixiamas,C1,telefono,centrale,acces_2050,2024,0.6845130066545675,0.7751383013342011
La Paz,Abel Iturralde,Ixiamas,C1,computadora,centrale,acces_2050,2024,0.6845130066545675,0.1187764399609502
La Paz,Abel Iturralde,Ixiamas,C1,internet,centrale,acces_2050,2024,0.6845130066545675,0.0553205336804425
La Paz,Abel Iturralde,Ixiamas,C1,refrigerador,centrale,acces_2050,2035,0.8448732409155981,0.3979272366162057
La Paz,Abel Iturralde,Ixiamas,C1,microondas,centrale,acces_2050,2035,0.8448732409155981,0.0480221388569849
La Paz,Abel Iturralde,Ixiamas,C1,calefon,centrale,acces_2050,2035,0.8448732409155981,0.0223947474019515
La Paz,Abel Iturralde,Ixiamas,C1,aire_acondicionado,centrale,acces_2050,2035,0.8448732409155981,0.0519907982563286
La Paz,Abel Iturralde,Ixiamas,C1,lavadora,centrale,acces_2050,2035,0.8448732409155981,0.2116575357754502
La Paz,Abel Iturralde,Ixiamas,C1,radio,centrale,acces_2050,2035,0.8448732409155981,0.4444178410975137
La Paz,Abel Iturralde,Ixiamas,C1,television,centrale,acces_2050,2035,0.8448732409155981,0.5167410152294298
La Paz,Abel Iturralde,Ixiamas,C1,telefono,centrale,acces_2050,2035,0.8448732409155981,0.8406857539362949
La Paz,Abel Iturralde,Ixiamas,C1,computadora,centrale,acces_2050,2035,0.8448732409155981,0.17982770903635
La Paz,Abel Iturralde,Ixiamas,C1,internet,centrale,acces_2050,2035,0.8448732409155981,0.2097093821495884
La Paz,Abel Iturralde,Ixiamas,C1,refrigerador,centrale,acces_2050,2050,1.0,0.5881040953481024
La Paz,Abel Iturralde,Ixiamas,C1,microondas,centrale,acces_2050,2050,1.0,0.0766864514812912
La Paz,Abel Iturralde,Ixiamas,C1,calefon,centrale,acces_2050,2050,1.0,0.0293774731002341
La Paz,Abel Iturralde,Ixiamas,C1,aire_acondicionado,centrale,acces_2050,2050,1.0,0.0886685431673337
La Paz,Abel Iturralde,Ixiamas,C1,lavadora,centrale,acces_2050,2050,1.0,0.3360973045851914
La Paz,Abel Iturralde,Ixiamas,C1,radio,centrale,acces_2050,2050,1.0,0.4456435295145152
La Paz,Abel Iturralde,Ixiamas,C1,television,centrale,acces_2050,2050,1.0,0.6646428445052183
La Paz,Abel Iturralde,Ixiamas,C1,telefono,centrale,acces_2050,2050,1.0,0.8980726264535877
La Paz,Abel Iturralde,Ixiamas,C1,computadora,centrale,acces_2050,2050,1.0,0.2563569960474675
La Paz,Abel Iturralde,Ixiamas,C1,internet,centrale,acces_2050,2050,1.0,0.3408245193887109
Beni,Vaca Diez,Riberalta,C3,refrigerador,centrale,acces_2050,2024,0.8934115589242767,0.497653683716565
Beni,Vaca Diez,Riberalta,C3,microondas,centrale,acces_2050,2024,0.8934115589242767,0.0735064122614951
Beni,Vaca Diez,Riberalta,C3,calefon,centrale,acces_2050,2024,0.8934115589242767,0.0261583577712609
Beni,Vaca Diez,Riberalta,C3,aire_acondicionado,centrale,acces_2050,2024,0.8934115589242767,0.0686972161401313
Beni,Vaca Diez,Riberalta,C3,lavadora,centrale,acces_2050,2024,0.8934115589242767,0.2351239346313238
Beni,Vaca Diez,Riberalta,C3,radio,centrale,acces_2050,2024,0.8934115589242767,0.547266403532768
Beni,Vaca Diez,Riberalta,C3,television,centrale,acces_2050,2024,0.8934115589242767,0.6485789123890692
Beni,Vaca Diez,Riberalta,C3,telefono,centrale,acces_2050,2024,0.8934115589242767,0.867712040042232
Beni,Vaca Diez,Riberalta,C3,computadora,centrale,acces_2050,2024,0.8934115589242767,0.2281902824505124
Beni,Vaca Diez,Riberalta,C3,internet,centrale,acces_2050,2024,0.8934115589242767,0.3706485175623875
Beni,Vaca Diez,Riberalta,C3,refrigerador,centrale,acces_2050,2035,0.9443169045850032,0.5198396886590481
Beni,Vaca Diez,Riberalta,C3,microondas,centrale,acces_2050,2035,0.9443169045850032,0.0663973326710663
Beni,Vaca Diez,Riberalta,C3,calefon,centrale,acces_2050,2035,0.9443169045850032,0.0268710081704623
Beni,Vaca Diez,Riberalta,C3,aire_acondicionado,centrale,acces_2050,2035,0.9443169045850032,0.0755029850035406
Beni,Vaca Diez,Riberalta,C3,lavadora,centrale,acces_2050,2035,0.9443169045850032,0.2914293726245752
Beni,Vaca Diez,Riberalta,C3,radio,centrale,acces_2050,2035,0.9443169045850032,0.4452035659294073
Beni,Vaca Diez,Riberalta,C3,television,centrale,acces_2050,2035,0.9443169045850032,0.6115531537244328
Beni,Vaca Diez,Riberalta,C3,telefono,centrale,acces_2050,2035,0.9443169045850032,0.8774734808464132
Beni,Vaca Diez,Riberalta,C3,computadora,centrale,acces_2050,2035,0.9443169045850032,0.2288866381554214
Beni,Vaca Diez,Riberalta,C3,internet,centrale,acces_2050,2035,0.9443169045850032,0.2937604490740325
Beni,Vaca Diez,Riberalta,C3,refrigerador,centrale,acces_2050,2050,1.0,0.5881040953481024
Beni,Vaca Diez,Riberalta,C3,microondas,centrale,acces_2050,2050,1.0,0.0766864514812912
Beni,Vaca Diez,Riberalta,C3,calefon,centrale,acces_2050,2050,1.0,0.0293774731002341
Beni,Vaca Diez,Riberalta,C3,aire_acondicionado,centrale,acces_2050,2050,1.0,0.0886685431673337
Beni,Vaca Diez,Riberalta,C3,lavadora,centrale,acces_2050,2050,1.0,0.3360973045851914
Beni,Vaca Diez,Riberalta,C3,radio,centrale,acces_2050,2050,1.0,0.4456435295145152
Beni,Vaca Diez,Riberalta,C3,television,centrale,acces_2050,2050,1.0,0.6646428445052183
Beni,Vaca Diez,Riberalta,C3,telefono,centrale,acces_2050,2050,1.0,0.8980726264535877
Beni,Vaca Diez,Riberalta,C3,computadora,centrale,acces_2050,2050,1.0,0.2563569960474675
Beni,Vaca Diez,Riberalta,C3,internet,centrale,acces_2050,2050,1.0,0.3408245193887109
Beni,Vaca Diez,Guayaramerín,C3,refrigerador,centrale,acces_2050,2024,0.9242493802222018,0.5411799352115442
Beni,Vaca Diez,Guayaramerín,C3,microondas,centrale,acces_2050,2024,0.9242493802222018,0.0847158142730931
Beni,Vaca Diez,Guayaramerín,C3,calefon,centrale,acces_2050,2024,0.9242493802222018,0.0249337390792186
Beni,Vaca Diez,Guayaramerín,C3,aire_acondicionado,centrale,acces_2050,2024,0.9242493802222018,0.1135872766542313
Beni,Vaca Diez,Guayaramerín,C3,lavadora,centrale,acces_2050,2024,0.9242493802222018,0.3520172769215667
Beni,Vaca Diez,Guayaramerín,C3,radio,centrale,acces_2050,2024,0.9242493802222018,0.475461327051433
Beni,Vaca Diez,Guayaramerín,C3,television,centrale,acces_2050,2024,0.9242493802222018,0.6636863823933975
Beni,Vaca Diez,Guayaramerín,C3,telefono,centrale,acces_2050,2024,0.9242493802222018,0.8390330188679245
Beni,Vaca Diez,Guayaramerín,C3,computadora,centrale,acces_2050,2024,0.9242493802222018,0.2262630233929624
Beni,Vaca Diez,Guayaramerín,C3,internet,centrale,acces_2050,2024,0.9242493802222018,0.3903086298407706
Beni,Vaca Diez,Guayaramerín,C3,refrigerador,centrale,acces_2050,2035,0.9626513592257788,0.5423167197704118
Beni,Vaca Diez,Guayaramerín,C3,microondas,centrale,acces_2050,2035,0.9626513592257788,0.0697851720272242
Beni,Vaca Diez,Guayaramerín,C3,calefon,centrale,acces_2050,2035,0.9626513592257788,0.0276962975553484
Beni,Vaca Diez,Guayaramerín,C3,aire_acondicionado,centrale,acces_2050,2035,0.9626513592257788,0.0798379331089857
Beni,Vaca Diez,Guayaramerín,C3,lavadora,centrale,acces_2050,2035,0.9626513592257788,0.3061369273380044
Beni,Vaca Diez,Guayaramerín,C3,radio,centrale,acces_2050,2035,0.9626513592257788,0.4453484302250186
Beni,Vaca Diez,Guayaramerín,C3,television,centrale,acces_2050,2035,0.9626513592257788,0.6290336928406358
Beni,Vaca Diez,Guayaramerín,C3,telefono,centrale,acces_2050,2035,0.9626513592257788,0.8842560438120445
Beni,Vaca Diez,Guayaramerín,C3,computadora,centrale,acces_2050,2035,0.9626513592257788,0.2379316459263426
Beni,Vaca Diez,Guayaramerín,C3,internet,centrale,acces_2050,2035,0.9626513592257788,0.3092569665711965
Beni,Vaca Diez,Guayaramerín,C3,refrigerador,centrale,acces_2050,2050,1.0,0.5881040953481024
Beni,Vaca Diez,Guayaramerín,C3,microondas,centrale,acces_2050,2050,1.0,0.0766864514812912
Beni,Vaca Diez,Guayaramerín,C3,calefon,centrale,acces_2050,2050,1.0,0.0293774731002341
Beni,Vaca Diez,Guayaramerín,C3,aire_acondicionado,centrale,acces_2050,2050,1.0,0.0886685431673337
Beni,Vaca Diez,Guayaramerín,C3,lavadora,centrale,acces_2050,2050,1.0,0.3360973045851914
Beni,Vaca Diez,Guayaramerín,C3,radio,centrale,acces_2050,2050,1.0,0.4456435295145152
Beni,Vaca Diez,Guayaramerín,C3,television,centrale,acces_2050,2050,1.0,0.6646428445052183
Beni,Vaca Diez,Guayaramerín,C3,telefono,centrale,acces_2050,2050,1.0,0.8980726264535877
Beni,Vaca Diez,Guayaramerín,C3,computadora,centrale,acces_2050,2050,1.0,0.2563569960474675
Beni,Vaca Diez,Guayaramerín,C3,internet,centrale,acces_2050,2050,1.0,0.3408245193887109
Beni,General José Ballivián,Reyes,C1,refrigerador,centrale,acces_2050,2024,0.7919227392449517,0.4228043143297381
Beni,General José Ballivián,Reyes,C1,microondas,centrale,acces_2050,2024,0.7919227392449517,0.0644067796610169
Beni,General José Ballivián,Reyes,C1,calefon,centrale,acces_2050,2024,0.7919227392449517,0.0117139334155363
Beni,General José Ballivián,Reyes,C1,aire_acondicionado,centrale,acces_2050,2024,0.7919227392449517,0.0523882896764252
Beni,General José Ballivián,Reyes,C1,lavadora,centrale,acces_2050,2024,0.7919227392449517,0.1796056685150955
Beni,General José Ballivián,Reyes,C1,radio,centrale,acces_2050,2024,0.7919227392449517,0.4182322143517092
Beni,General José Ballivián,Reyes,C1,television,centrale,acces_2050,2024,0.7919227392449517,0.4898273736128237
Beni,General José Ballivián,Reyes,C1,telefono,centrale,acces_2050,2024,0.7919227392449517,0.8381128584643849
Beni,General José Ballivián,Reyes,C1,computadora,centrale,acces_2050,2024,0.7919227392449517,0.1470860314523589
Beni,General José Ballivián,Reyes,C1,internet,centrale,acces_2050,2024,0.7919227392449517,0.2238667900092507
Beni,General José Ballivián,Reyes,C1,refrigerador,centrale,acces_2050,2035,0.9041333818807412,0.4705769040448183
Beni,General José Ballivián,Reyes,C1,microondas,centrale,acces_2050,2035,0.9041333818807412,0.0589722239152379
Beni,General José Ballivián,Reyes,C1,calefon,centrale,acces_2050,2035,0.9041333818807412,0.0250622259958672
Beni,General José Ballivián,Reyes,C1,aire_acondicionado,centrale,acces_2050,2035,0.9041333818807412,0.0660021032467664
Beni,General José Ballivián,Reyes,C1,lavadora,centrale,acces_2050,2035,0.9041333818807412,0.2591949064061538
Beni,General José Ballivián,Reyes,C1,radio,centrale,acces_2050,2035,0.9041333818807412,0.4448860676549404
Beni,General José Ballivián,Reyes,C1,television,centrale,acces_2050,2035,0.9041333818807412,0.5732411529465921
Beni,General José Ballivián,Reyes,C1,telefono,centrale,acces_2050,2035,0.9041333818807412,0.862608175154888
Beni,General José Ballivián,Reyes,C1,computadora,centrale,acces_2050,2035,0.9041333818807412,0.2090627447130331
Beni,General José Ballivián,Reyes,C1,internet,centrale,acces_2050,2035,0.9041333818807412,0.2597968174915915
Beni,General José Ballivián,Reyes,C1,refrigerador,centrale,acces_2050,2050,1.0,0.5881040953481024
Beni,General José Ballivián,Reyes,C1,microondas,centrale,acces_2050,2050,1.0,0.0766864514812912
Beni,General José Ballivián,Reyes,C1,calefon,centrale,acces_2050,2050,1.0,0.0293774731002341
Beni,General José Ballivián,Reyes,C1,aire_acondicionado,centrale,acces_2050,2050,1.0,0.0886685431673337
Beni,General José Ballivián,Reyes,C1,lavadora,centrale,acces_2050,2050,1.0,0.3360973045851914
Beni,General José Ballivián,Reyes,C1,radio,centrale,acces_2050,2050,1.0,0.4456435295145152
Beni,General José Ballivián,Reyes,C1,television,centrale,acces_2050,2050,1.0,0.6646428445052183
Beni,General José Ballivián,Reyes,C1,telefono,centrale,acces_2050,2050,1.0,0.8980726264535877
Beni,General José Ballivián,Reyes,C1,computadora,centrale,acces_2050,2050,1.0,0.2563569960474675
Beni,General José Ballivián,Reyes,C1,internet,centrale,acces_2050,2050,1.0,0.3408245193887109
Beni,General José Ballivián,Santa Rosa,C1,refrigerador,centrale,acces_2050,2024,0.8522686025408348,0.4254826254826255
Beni,General José Ballivián,Santa Rosa,C1,microondas,centrale,acces_2050,2024,0.8522686025408348,0.0513513513513513
Beni,General José Ballivián,Santa Rosa,C1,calefon,centrale,acces_2050,2024,0.8522686025408348,0.025472790428406
Beni,General José Ballivián,Santa Rosa,C1,aire_acondicionado,centrale,acces_2050,2024,0.8522686025408348,0.0621621621621621
Beni,General José Ballivián,Santa Rosa,C1,lavadora,centrale,acces_2050,2024,0.8522686025408348,0.1678888460054033
Beni,General José Ballivián,Santa Rosa,C1,radio,centrale,acces_2050,2024,0.8522686025408348,0.3172333848531685
Beni,General José Ballivián,Santa Rosa,C1,television,centrale,acces_2050,2024,0.8522686025408348,0.4870506378044066
Beni,General José Ballivián,Santa Rosa,C1,telefono,centrale,acces_2050,2024,0.8522686025408348,0.8758220502901354
Beni,General José Ballivián,Santa Rosa,C1,computadora,centrale,acces_2050,2024,0.8522686025408348,0.1481624758220502
Beni,General José Ballivián,Santa Rosa,C1,internet,centrale,acces_2050,2024,0.8522686025408348,0.2457430340557275
Beni,General José Ballivián,Santa Rosa,C1,refrigerador,centrale,acces_2050,2035,0.9172517051603928,0.4866592455304434
Beni,General José Ballivián,Santa Rosa,C1,microondas,centrale,acces_2050,2035,0.9172517051603928,0.0613962268520237
Beni,General José Ballivián,Santa Rosa,C1,calefon,centrale,acces_2050,2035,0.9172517051603928,0.0256527214953146
Beni,General José Ballivián,Santa Rosa,C1,aire_acondicionado,centrale,acces_2050,2035,0.9172517051603928,0.0691037635776534
Beni,General José Ballivián,Santa Rosa,C1,lavadora,centrale,acces_2050,2035,0.9172517051603928,0.2697181786367243
Beni,General José Ballivián,Santa Rosa,C1,radio,centrale,acces_2050,2035,0.9172517051603928,0.4449897182242506
Beni,General José Ballivián,Santa Rosa,C1,television,centrale,acces_2050,2035,0.9172517051603928,0.5857484986910872
Beni,General José Ballivián,Santa Rosa,C1,telefono,centrale,acces_2050,2035,0.9172517051603928,0.867461106719586
Beni,General José Ballivián,Santa Rosa,C1,computadora,centrale,acces_2050,2035,0.9172517051603928,0.2155344581253327
Beni,General José Ballivián,Santa Rosa,C1,internet,centrale,acces_2050,2035,0.9172517051603928,0.2708845934969091
Beni,General José Ballivián,Santa Rosa,C1,refrigerador,centrale,acces_2050,2050,1.0,0.5881040953481024
Beni,General José Ballivián,Santa Rosa,C1,microondas,centrale,acces_2050,2050,1.0,0.0766864514812912
Beni,General José Ballivián,Santa Rosa,C1,calefon,centrale,acces_2050,2050,1.0,0.0293774731002341
Beni,General José Ballivián,Santa Rosa,C1,aire_acondicionado,centrale,acces_2050,2050,1.0,0.0886685431673337
Beni,General José Ballivián,Santa Rosa,C1,lavadora,centrale,acces_2050,2050,1.0,0.3360973045851914
Beni,General José Ballivián,Santa Rosa,C1,radio,centrale,acces_2050,2050,1.0,0.4456435295145152
Beni,General José Ballivián,Santa Rosa,C1,television,centrale,acces_2050,2050,1.0,0.6646428445052183
Beni,General José Ballivián,Santa Rosa,C1,telefono,centrale,acces_2050,2050,1.0,0.8980726264535877
Beni,General José Ballivián,Santa Rosa,C1,computadora,centrale,acces_2050,2050,1.0,0.2563569960474675
Beni,General José Ballivián,Santa Rosa,C1,internet,centrale,acces_2050,2050,1.0,0.3408245193887109
Beni,Yacuma,Exaltación,C1,refrigerador,centrale,acces_2050,2024,0.8123711340206186,0.0985810306198655
Beni,Yacuma,Exaltación,C1,microondas,centrale,acces_2050,2024,0.8123711340206186,0.0029873039581777
Beni,Yacuma,Exaltación,C1,calefon,centrale,acces_2050,2024,0.8123711340206186,0.0164424514200298
Beni,Yacuma,Exaltación,C1,aire_acondicionado,centrale,acces_2050,2024,0.8123711340206186,0.005227781926811
Beni,Yacuma,Exaltación,C1,lavadora,centrale,acces_2050,2024,0.8123711340206186,0.022404779686333
Beni,Yacuma,Exaltación,C1,radio,centrale,acces_2050,2024,0.8123711340206186,0.4846441947565543
Beni,Yacuma,Exaltación,C1,television,centrale,acces_2050,2024,0.8123711340206186,0.29812734082397
Beni,Yacuma,Exaltación,C1,telefono,centrale,acces_2050,2024,0.8123711340206186,0.7514970059880239
Beni,Yacuma,Exaltación,C1,computadora,centrale,acces_2050,2024,0.8123711340206186,0.0696629213483146
Beni,Yacuma,Exaltación,C1,internet,centrale,acces_2050,2024,0.8123711340206186,0.0434456928838951
Beni,Yacuma,Exaltación,C1,refrigerador,centrale,acces_2050,2035,0.9132965697518204,0.4818104674582325
Beni,Yacuma,Exaltación,C1,microondas,centrale,acces_2050,2035,0.9132965697518204,0.0606653971841319
Beni,Yacuma,Exaltación,C1,calefon,centrale,acces_2050,2035,0.9132965697518204,0.0254746888604511
Beni,Yacuma,Exaltación,C1,aire_acondicionado,centrale,acces_2050,2035,0.9132965697518204,0.0681686222231875
Beni,Yacuma,Exaltación,C1,lavadora,centrale,acces_2050,2035,0.9132965697518204,0.2665454433925993
Beni,Yacuma,Exaltación,C1,radio,centrale,acces_2050,2035,0.9132965697518204,0.4449584678862266
Beni,Yacuma,Exaltación,C1,television,centrale,acces_2050,2035,0.9132965697518204,0.5819775711901586
Beni,Yacuma,Exaltación,C1,telefono,centrale,acces_2050,2035,0.9132965697518204,0.8659979623025942
Beni,Yacuma,Exaltación,C1,computadora,centrale,acces_2050,2035,0.9132965697518204,0.2135832558012656
Beni,Yacuma,Exaltación,C1,internet,centrale,acces_2050,2035,0.9132965697518204,0.2675416620455265
Beni,Yacuma,Exaltación,C1,refrigerador,centrale,acces_2050,2050,1.0,0.5881040953481024
Beni,Yacuma,Exaltación,C1,microondas,centrale,acces_2050,2050,1.0,0.0766864514812912
Beni,Yacuma,Exaltación,C1,calefon,centrale,acces_2050,2050,1.0,0.0293774731002341
Beni,Yacuma,Exaltación,C1,aire_acondicionado,centrale,acces_2050,2050,1.0,0.0886685431673337
Beni,Yacuma,Exaltación,C1,lavadora,centrale,acces_2050,2050,1.0,0.3360973045851914
Beni,Yacuma,Exaltación,C1,radio,centrale,acces_2050,2050,1.0,0.4456435295145152
Beni,Yacuma,Exaltación,C1,television,centrale,acces_2050,2050,1.0,0.6646428445052183
Beni,Yacuma,Exaltación,C1,telefono,centrale,acces_2050,2050,1.0,0.8980726264535877
Beni,Yacuma,Exaltación,C1,computadora,centrale,acces_2050,2050,1.0,0.2563569960474675
Beni,Yacuma,Exaltación,C1,internet,centrale,acces_2050,2050,1.0,0.3408245193887109
Pando,Nicolás Suárez,Cobija,C5,refrigerador,centrale,acces_2050,2024,0.9746209200719608,0.7561576354679803
Pando,Nicolás Suárez,Cobija,C5,microondas,centrale,acces_2050,2024,0.9746209200719608,0.1357613689326852
Pando,Nicolás Suárez,Cobija,C5,calefon,centrale,acces_2050,2024,0.9746209200719608,0.0352862849533954
Pando,Nicolás Suárez,Cobija,C5,aire_acondicionado,centrale,acces_2050,2024,0.9746209200719608,0.188735769922109
Pando,Nicolás Suárez,Cobija,C5,lavadora,centrale,acces_2050,2024,0.9746209200719608,0.5479297031021169
Pando,Nicolás Suárez,Cobija,C5,radio,centrale,acces_2050,2024,0.9746209200719608,0.572103861517976
Pando,Nicolás Suárez,Cobija,C5,television,centrale,acces_2050,2024,0.9746209200719608,0.7450562620680471
Pando,Nicolás Suárez,Cobija,C5,telefono,centrale,acces_2050,2024,0.9746209200719608,0.9375416167265948
Pando,Nicolás Suárez,Cobija,C5,computadora,centrale,acces_2050,2024,0.9746209200719608,0.4310161139965375
Pando,Nicolás Suárez,Cobija,C5,internet,centrale,acces_2050,2024,0.9746209200719608,0.6279549843510688
Pando,Nicolás Suárez,Cobija,C5,refrigerador,centrale,acces_2050,2035,0.9928153736738896,0.5792961393647073
Pando,Nicolás Suárez,Cobija,C5,microondas,centrale,acces_2050,2035,0.9928153736738896,0.0753588766881609
Pando,Nicolás Suárez,Cobija,C5,calefon,centrale,acces_2050,2035,0.9928153736738896,0.0290540712888639
Pando,Nicolás Suárez,Cobija,C5,aire_acondicionado,centrale,acces_2050,2035,0.9928153736738896,0.0869698298491073
Pando,Nicolás Suárez,Cobija,C5,lavadora,centrale,acces_2050,2035,0.9928153736738896,0.3303339324611136
Pando,Nicolás Suárez,Cobija,C5,radio,centrale,acces_2050,2035,0.9928153736738896,0.4455867623047806
Pando,Nicolás Suárez,Cobija,C5,television,centrale,acces_2050,2035,0.9928153736738896,0.657792837565303
Pando,Nicolás Suárez,Cobija,C5,telefono,centrale,acces_2050,2035,0.9928153736738896,0.895414779171182
Pando,Nicolás Suárez,Cobija,C5,computadora,centrale,acces_2050,2035,0.9928153736738896,0.2528125764165554
Pando,Nicolás Suárez,Cobija,C5,internet,centrale,acces_2050,2035,0.9928153736738896,0.3347519805674284
Pando,Nicolás Suárez,Cobija,C5,refrigerador,centrale,acces_2050,2050,1.0,0.5881040953481024
Pando,Nicolás Suárez,Cobija,C5,microondas,centrale,acces_2050,2050,1.0,0.0766864514812912
Pando,Nicolás Suárez,Cobija,C5,calefon,centrale,acces_2050,2050,1.0,0.0293774731002341
Pando,Nicolás Suárez,Cobija,C5,aire_acondicionado,centrale,acces_2050,2050,1.0,0.0886685431673337
Pando,Nicolás Suárez,Cobija,C5,lavadora,centrale,acces_2050,2050,1.0,0.3360973045851914
Pando,Nicolás Suárez,Cobija,C5,radio,centrale,acces_2050,2050,1.0,0.4456435295145152
Pando,Nicolás Suárez,Cobija,C5,television,centrale,acces_2050,2050,1.0,0.6646428445052183
Pando,Nicolás Suárez,Cobija,C5,telefono,centrale,acces_2050,2050,1.0,0.8980726264535877
Pando,Nicolás Suárez,Cobija,C5,computadora,centrale,acces_2050,2050,1.0,0.2563569960474675
Pando,Nicolás Suárez,Cobija,C5,internet,centrale,acces_2050,2050,1.0,0.3408245193887109
Pando,Nicolás Suárez,Porvenir,C4,refrigerador,centrale,acces_2050,2024,0.9044843049327356,0.5114244044725328
Pando,Nicolás Suárez,Porvenir,C4,microondas,centrale,acces_2050,2024,0.9044843049327356,0.0661157024793388
Pando,Nicolás Suárez,Porvenir,C4,calefon,centrale,acces_2050,2024,0.9044843049327356,0.0364608653378706
Pando,Nicolás Suárez,Porvenir,C4,aire_acondicionado,centrale,acces_2050,2024,0.9044843049327356,0.0641711229946524
Pando,Nicolás Suárez,Porvenir,C4,lavadora,centrale,acces_2050,2024,0.9044843049327356,0.4239183276616431
Pando,Nicolás Suárez,Porvenir,C4,radio,centrale,acces_2050,2024,0.9044843049327356,0.5822784810126582
Pando,Nicolás Suárez,Porvenir,C4,television,centrale,acces_2050,2024,0.9044843049327356,0.674135411592791
Pando,Nicolás Suárez,Porvenir,C4,telefono,centrale,acces_2050,2024,0.9044843049327356,0.8362573099415205
Pando,Nicolás Suárez,Porvenir,C4,computadora,centrale,acces_2050,2024,0.9044843049327356,0.1972722844617633
Pando,Nicolás Suárez,Porvenir,C4,internet,centrale,acces_2050,2024,0.9044843049327356,0.2664393570384802
Pando,Nicolás Suárez,Porvenir,C4,refrigerador,centrale,acces_2050,2035,0.967109965336432,0.5477827251807713
Pando,Nicolás Suárez,Porvenir,C4,microondas,centrale,acces_2050,2035,0.967109965336432,0.0706090329792529
Pando,Nicolás Suárez,Porvenir,C4,calefon,centrale,acces_2050,2035,0.967109965336432,0.0278969929328006
Pando,Nicolás Suárez,Porvenir,C4,aire_acondicionado,centrale,acces_2050,2035,0.967109965336432,0.0808921136936275
Pando,Nicolás Suárez,Porvenir,C4,lavadora,centrale,acces_2050,2035,0.967109965336432,0.3097135373110234
Pando,Nicolás Suárez,Porvenir,C4,radio,centrale,acces_2050,2035,0.967109965336432,0.4453836585885715
Pando,Nicolás Suárez,Porvenir,C4,television,centrale,acces_2050,2035,0.967109965336432,0.6332846422169909
Pando,Nicolás Suárez,Porvenir,C4,telefono,centrale,acces_2050,2035,0.967109965336432,0.8859054398413759
Pando,Nicolás Suárez,Porvenir,C4,computadora,centrale,acces_2050,2035,0.967109965336432,0.2401312274087743
Pando,Nicolás Suárez,Porvenir,C4,internet,centrale,acces_2050,2035,0.967109965336432,0.3130254379525615
Pando,Nicolás Suárez,Porvenir,C4,refrigerador,centrale,acces_2050,2050,1.0,0.5881040953481024
Pando,Nicolás Suárez,Porvenir,C4,microondas,centrale,acces_2050,2050,1.0,0.0766864514812912
Pando,Nicolás Suárez,Porvenir,C4,calefon,centrale,acces_2050,2050,1.0,0.0293774731002341
Pando,Nicolás Suárez,Porvenir,C4,aire_acondicionado,centrale,acces_2050,2050,1.0,0.0886685431673337
Pando,Nicolás Suárez,Porvenir,C4,lavadora,centrale,acces_2050,2050,1.0,0.3360973045851914
Pando,Nicolás Suárez,Porvenir,C4,radio,centrale,acces_2050,2050,1.0,0.4456435295145152
Pando,Nicolás Suárez,Porvenir,C4,television,centrale,acces_2050,2050,1.0,0.6646428445052183
Pando,Nicolás Suárez,Porvenir,C4,telefono,centrale,acces_2050,2050,1.0,0.8980726264535877
Pando,Nicolás Suárez,Porvenir,C4,computadora,centrale,acces_2050,2050,1.0,0.2563569960474675
Pando,Nicolás Suárez,Porvenir,C4,internet,centrale,acces_2050,2050,1.0,0.3408245193887109
Pando,Nicolás Suárez,Bolpebra,C2,refrigerador,centrale,acces_2050,2024,0.6845386533665836,0.1387434554973822
Pando,Nicolás Suárez,Bolpebra,C2,microondas,centrale,acces_2050,2024,0.6845386533665836,0.0091623036649214
Pando,Nicolás Suárez,Bolpebra,C2,calefon,centrale,acces_2050,2024,0.6845386533665836,0.0431937172774869
Pando,Nicolás Suárez,Bolpebra,C2,aire_acondicionado,centrale,acces_2050,2024,0.6845386533665836,0.0039267015706806
Pando,Nicolás Suárez,Bolpebra,C2,lavadora,centrale,acces_2050,2024,0.6845386533665836,0.0746073298429319
Pando,Nicolás Suárez,Bolpebra,C2,radio,centrale,acces_2050,2024,0.6845386533665836,0.4588235294117647
Pando,Nicolás Suárez,Bolpebra,C2,television,centrale,acces_2050,2024,0.6845386533665836,0.2840314136125654
Pando,Nicolás Suárez,Bolpebra,C2,telefono,centrale,acces_2050,2024,0.6845386533665836,0.8416230366492147
Pando,Nicolás Suárez,Bolpebra,C2,computadora,centrale,acces_2050,2024,0.6845386533665836,0.0667539267015706
Pando,Nicolás Suárez,Bolpebra,C2,internet,centrale,acces_2050,2024,0.6845386533665836,0.0196335078534031
Pando,Nicolás Suárez,Bolpebra,C2,refrigerador,centrale,acces_2050,2035,0.8655671845289354,0.4232968711936823
Pando,Nicolás Suárez,Bolpebra,C2,microondas,centrale,acces_2050,2035,0.8655671845289354,0.0518459644346193
Pando,Nicolás Suárez,Bolpebra,C2,calefon,centrale,acces_2050,2035,0.8655671845289354,0.0233262445383614
Pando,Nicolás Suárez,Bolpebra,C2,aire_acondicionado,centrale,acces_2050,2035,0.8655671845289354,0.0568836174548509
Pando,Nicolás Suárez,Bolpebra,C2,lavadora,centrale,acces_2050,2035,0.8655671845289354,0.2282578281699069
Pando,Nicolás Suárez,Bolpebra,C2,radio,centrale,acces_2050,2035,0.8655671845289354,0.4445813482005993
Pando,Nicolás Suárez,Bolpebra,C2,television,centrale,acces_2050,2035,0.8655671845289354,0.5364711516250297
Pando,Nicolás Suárez,Bolpebra,C2,telefono,centrale,acces_2050,2035,0.8655671845289354,0.8483411752899538
Pando,Nicolás Suárez,Bolpebra,C2,computadora,centrale,acces_2050,2035,0.8655671845289354,0.1900367326730477
Pando,Nicolás Suárez,Bolpebra,C2,internet,centrale,acces_2050,2035,0.8655671845289354,0.2272001701535144
Pando,Nicolás Suárez,Bolpebra,C2,refrigerador,centrale,acces_2050,2050,1.0,0.5881040953481024
Pando,Nicolás Suárez,Bolpebra,C2,microondas,centrale,acces_2050,2050,1.0,0.0766864514812912
Pando,Nicolás Suárez,Bolpebra,C2,calefon,centrale,acces_2050,2050,1.0,0.0293774731002341
Pando,Nicolás Suárez,Bolpebra,C2,aire_acondicionado,centrale,acces_2050,2050,1.0,0.0886685431673337
Pando,Nicolás Suárez,Bolpebra,C2,lavadora,centrale,acces_2050,2050,1.0,0.3360973045851914
Pando,Nicolás Suárez,Bolpebra,C2,radio,centrale,acces_2050,2050,1.0,0.4456435295145152
Pando,Nicolás Suárez,Bolpebra,C2,television,centrale,acces_2050,2050,1.0,0.6646428445052183
Pando,Nicolás Suárez,Bolpebra,C2,telefono,centrale,acces_2050,2050,1.0,0.8980726264535877
Pando,Nicolás Suárez,Bolpebra,C2,computadora,centrale,acces_2050,2050,1.0,0.2563569960474675
Pando,Nicolás Suárez,Bolpebra,C2,internet,centrale,acces_2050,2050,1.0,0.3408245193887109
Pando,Nicolás Suárez,Bella Flor,C4,refrigerador,centrale,acces_2050,2024,0.7157894736842105,0.3147208121827411
Pando,Nicolás Suárez,Bella Flor,C4,microondas,centrale,acces_2050,2024,0.7157894736842105,0.032994923857868
Pando,Nicolás Suárez,Bella Flor,C4,calefon,centrale,acces_2050,2024,0.7157894736842105,0.0143824027072758
Pando,Nicolás Suárez,Bella Flor,C4,aire_acondicionado,centrale,acces_2050,2024,0.7157894736842105,0.0177664974619289
Pando,Nicolás Suárez,Bella Flor,C4,lavadora,centrale,acces_2050,2024,0.7157894736842105,0.2030456852791878
Pando,Nicolás Suárez,Bella Flor,C4,radio,centrale,acces_2050,2024,0.7157894736842105,0.4966101694915254
Pando,Nicolás Suárez,Bella Flor,C4,television,centrale,acces_2050,2024,0.7157894736842105,0.3974576271186441
Pando,Nicolás Suárez,Bella Flor,C4,telefono,centrale,acces_2050,2024,0.7157894736842105,0.8264182895850973
Pando,Nicolás Suárez,Bella Flor,C4,computadora,centrale,acces_2050,2024,0.7157894736842105,0.1203389830508474
Pando,Nicolás Suárez,Bella Flor,C4,internet,centrale,acces_2050,2024,0.7157894736842105,0.1
Pando,Nicolás Suárez,Bella Flor,C4,refrigerador,centrale,acces_2050,2035,0.8697204745028234,0.4283885758441156
Pando,Nicolás Suárez,Bella Flor,C4,microondas,centrale,acces_2050,2035,0.8697204745028234,0.0526134090904195
Pando,Nicolás Suárez,Bella Flor,C4,calefon,centrale,acces_2050,2035,0.8697204745028234,0.0235131967109218
Pando,Nicolás Suárez,Bella Flor,C4,aire_acondicionado,centrale,acces_2050,2035,0.8697204745028234,0.0578656099305708
Pando,Nicolás Suárez,Bella Flor,C4,lavadora,centrale,acces_2050,2035,0.8697204745028234,0.2315895192798155
Pando,Nicolás Suárez,Bella Flor,C4,radio,centrale,acces_2050,2035,0.8697204745028234,0.4446141641985837
Pando,Nicolás Suárez,Bella Flor,C4,television,centrale,acces_2050,2035,0.8697204745028234,0.5404310047688488
Pando,Nicolás Suárez,Bella Flor,C4,telefono,centrale,acces_2050,2035,0.8697204745028234,0.8498776240861875
Pando,Nicolás Suárez,Bella Flor,C4,computadora,centrale,acces_2050,2035,0.8697204745028234,0.1920856913590158
Pando,Nicolás Suárez,Bella Flor,C4,internet,centrale,acces_2050,2035,0.8697204745028234,0.2307105843988344
Pando,Nicolás Suárez,Bella Flor,C4,refrigerador,centrale,acces_2050,2050,1.0,0.5881040953481024
Pando,Nicolás Suárez,Bella Flor,C4,microondas,centrale,acces_2050,2050,1.0,0.0766864514812912
Pando,Nicolás Suárez,Bella Flor,C4,calefon,centrale,acces_2050,2050,1.0,0.0293774731002341
Pando,Nicolás Suárez,Bella Flor,C4,aire_acondicionado,centrale,acces_2050,2050,1.0,0.0886685431673337
Pando,Nicolás Suárez,Bella Flor,C4,lavadora,centrale,acces_2050,2050,1.0,0.3360973045851914
Pando,Nicolás Suárez,Bella Flor,C4,radio,centrale,acces_2050,2050,1.0,0.4456435295145152
Pando,Nicolás Suárez,Bella Flor,C4,television,centrale,acces_2050,2050,1.0,0.6646428445052183
Pando,Nicolás Suárez,Bella Flor,C4,telefono,centrale,acces_2050,2050,1.0,0.8980726264535877
Pando,Nicolás Suárez,Bella Flor,C4,computadora,centrale,acces_2050,2050,1.0,0.2563569960474675
Pando,Nicolás Suárez,Bella Flor,C4,internet,centrale,acces_2050,2050,1.0,0.3408245193887109
Pando,Manuripi,Puerto Rico,C4,refrigerador,centrale,acces_2050,2024,0.8366013071895425,0.4104320337197049
Pando,Manuripi,Puerto Rico,C4,microondas,centrale,acces_2050,2024,0.8366013071895425,0.0258030542390731
Pando,Manuripi,Puerto Rico,C4,calefon,centrale,acces_2050,2024,0.8366013071895425,0.020010531858873
Pando,Manuripi,Puerto Rico,C4,aire_acondicionado,centrale,acces_2050,2024,0.8366013071895425,0.0279094260136914
Pando,Manuripi,Puerto Rico,C4,lavadora,centrale,acces_2050,2024,0.8366013071895425,0.1748288572933122
Pando,Manuripi,Puerto Rico,C4,radio,centrale,acces_2050,2024,0.8366013071895425,0.3923117430226435
Pando,Manuripi,Puerto Rico,C4,television,centrale,acces_2050,2024,0.8366013071895425,0.4507635597682991
Pando,Manuripi,Puerto Rico,C4,telefono,centrale,acces_2050,2024,0.8366013071895425,0.8680336487907466
Pando,Manuripi,Puerto Rico,C4,computadora,centrale,acces_2050,2024,0.8366013071895425,0.2726315789473684
Pando,Manuripi,Puerto Rico,C4,internet,centrale,acces_2050,2024,0.8366013071895425,0.1748288572933122
Pando,Manuripi,Puerto Rico,C4,refrigerador,centrale,acces_2050,2035,0.9359410417323027,0.5095713423344203
Pando,Manuripi,Puerto Rico,C4,microondas,centrale,acces_2050,2035,0.9359410417323027,0.0648496412687242
Pando,Manuripi,Puerto Rico,C4,calefon,centrale,acces_2050,2035,0.9359410417323027,0.0264939851917573
Pando,Manuripi,Puerto Rico,C4,aire_acondicionado,centrale,acces_2050,2035,0.9359410417323027,0.0735226189923242
Pando,Manuripi,Puerto Rico,C4,lavadora,centrale,acces_2050,2035,0.9359410417323027,0.2847104129613681
Pando,Manuripi,Puerto Rico,C4,radio,centrale,acces_2050,2035,0.9359410417323027,0.4451373865149623
Pando,Manuripi,Puerto Rico,C4,television,centrale,acces_2050,2035,0.9359410417323027,0.6035673913389535
Pando,Manuripi,Puerto Rico,C4,telefono,centrale,acces_2050,2035,0.9359410417323027,0.8743749530579952
Pando,Manuripi,Puerto Rico,C4,computadora,centrale,acces_2050,2035,0.9359410417323027,0.2247545411787076
Pando,Manuripi,Puerto Rico,C4,internet,centrale,acces_2050,2035,0.9359410417323027,0.2866810617787022
Pando,Manuripi,Puerto Rico,C4,refrigerador,centrale,acces_2050,2050,1.0,0.5881040953481024
Pando,Manuripi,Puerto Rico,C4,microondas,centrale,acces_2050,2050,1.0,0.0766864514812912
Pando,Manuripi,Puerto Rico,C4,calefon,centrale,acces_2050,2050,1.0,0.0293774731002341
Pando,Manuripi,Puerto Rico,C4,aire_acondicionado,centrale,acces_2050,2050,1.0,0.0886685431673337
Pando,Manuripi,Puerto Rico,C4,lavadora,centrale,acces_2050,2050,1.0,0.3360973045851914
Pando,Manuripi,Puerto Rico,C4,radio,centrale,acces_2050,2050,1.0,0.4456435295145152
Pando,Manuripi,Puerto Rico,C4,television,centrale,acces_2050,2050,1.0,0.6646428445052183
Pando,Manuripi,Puerto Rico,C4,telefono,centrale,acces_2050,2050,1.0,0.8980726264535877
Pando,Manuripi,Puerto Rico,C4,computadora,centrale,acces_2050,2050,1.0,0.2563569960474675
Pando,Manuripi,Puerto Rico,C4,internet,centrale,acces_2050,2050,1.0,0.3408245193887109
Pando,Manuripi,San Pedro,C4,refrigerador,centrale,acces_2050,2024,0.3970588235294117,0.0
Pando,Manuripi,San Pedro,C4,microondas,centrale,acces_2050,2024,0.3970588235294117,0.0
Pando,Manuripi,San Pedro,C4,calefon,centrale,acces_2050,2024,0.3970588235294117,0.0035523978685612
Pando,Manuripi,San Pedro,C4,aire_acondicionado,centrale,acces_2050,2024,0.3970588235294117,0.0
Pando,Manuripi,San Pedro,C4,lavadora,centrale,acces_2050,2024,0.3970588235294117,0.0
Pando,Manuripi,San Pedro,C4,radio,centrale,acces_2050,2024,0.3970588235294117,0.6702127659574468
Pando,Manuripi,San Pedro,C4,television,centrale,acces_2050,2024,0.3970588235294117,0.1719858156028368
Pando,Manuripi,San Pedro,C4,telefono,centrale,acces_2050,2024,0.3970588235294117,0.6453900709219859
Pando,Manuripi,San Pedro,C4,computadora,centrale,acces_2050,2024,0.3970588235294117,0.0479573712255772
Pando,Manuripi,San Pedro,C4,internet,centrale,acces_2050,2024,0.3970588235294117,0.0035523978685612
Pando,Manuripi,San Pedro,C4,refrigerador,centrale,acces_2050,2035,0.6795574765696962,0.1952592188755624
Pando,Manuripi,San Pedro,C4,microondas,centrale,acces_2050,2035,0.6795574765696962,0.0174751024919768
Pando,Manuripi,San Pedro,C4,calefon,centrale,acces_2050,2035,0.6795574765696962,0.0149533836885428
Pando,Manuripi,San Pedro,C4,aire_acondicionado,centrale,acces_2050,2035,0.6795574765696962,0.0129039929221965
Pando,Manuripi,San Pedro,C4,lavadora,centrale,acces_2050,2035,0.6795574765696962,0.079044338560282
Pando,Manuripi,San Pedro,C4,radio,centrale,acces_2050,2035,0.6795574765696962,0.4431116472551201
Pando,Manuripi,San Pedro,C4,television,centrale,acces_2050,2035,0.6795574765696962,0.3591247271099769
Pando,Manuripi,San Pedro,C4,telefono,centrale,acces_2050,2035,0.6795574765696962,0.7795296081519599
Pando,Manuripi,San Pedro,C4,computadora,centrale,acces_2050,2035,0.6795574765696962,0.0982718404566014
Pando,Manuripi,San Pedro,C4,internet,centrale,acces_2050,2035,0.6795574765696962,0.0699823662695612
Pando,Manuripi,San Pedro,C4,refrigerador,centrale,acces_2050,2050,1.0,0.5881040953481024
Pando,Manuripi,San Pedro,C4,microondas,centrale,acces_2050,2050,1.0,0.0766864514812912
Pando,Manuripi,San Pedro,C4,calefon,centrale,acces_2050,2050,1.0,0.0293774731002341
Pando,Manuripi,San Pedro,C4,aire_acondicionado,centrale,acces_2050,2050,1.0,0.0886685431673337
Pando,Manuripi,San Pedro,C4,lavadora,centrale,acces_2050,2050,1.0,0.3360973045851914
Pando,Manuripi,San Pedro,C4,radio,centrale,acces_2050,2050,1.0,0.4456435295145152
Pando,Manuripi,San Pedro,C4,television,centrale,acces_2050,2050,1.0,0.6646428445052183
Pando,Manuripi,San Pedro,C4,telefono,centrale,acces_2050,2050,1.0,0.8980726264535877
Pando,Manuripi,San Pedro,C4,computadora,centrale,acces_2050,2050,1.0,0.2563569960474675
Pando,Manuripi,San Pedro,C4,internet,centrale,acces_2050,2050,1.0,0.3408245193887109
Pando,Manuripi,Filadelfia,C4,refrigerador,centrale,acces_2050,2024,0.7637231503579952,0.2855366763365106
Pando,Manuripi,Filadelfia,C4,microondas,centrale,acces_2050,2024,0.7637231503579952,0.0198922503108164
Pando,Manuripi,Filadelfia,C4,calefon,centrale,acces_2050,2024,0.7637231503579952,0.019485903814262
Pando,Manuripi,Filadelfia,C4,aire_acondicionado,centrale,acces_2050,2024,0.7637231503579952,0.0078740157480314
Pando,Manuripi,Filadelfia,C4,lavadora,centrale,acces_2050,2024,0.7637231503579952,0.1209610604805302
Pando,Manuripi,Filadelfia,C4,radio,centrale,acces_2050,2024,0.7637231503579952,0.3974305843348529
Pando,Manuripi,Filadelfia,C4,television,centrale,acces_2050,2024,0.7637231503579952,0.4101077050538525
Pando,Manuripi,Filadelfia,C4,telefono,centrale,acces_2050,2024,0.7637231503579952,0.8475559237779619
Pando,Manuripi,Filadelfia,C4,computadora,centrale,acces_2050,2024,0.7637231503579952,0.0981772990886495
Pando,Manuripi,Filadelfia,C4,internet,centrale,acces_2050,2024,0.7637231503579952,0.0376967688483844
Pando,Manuripi,Filadelfia,C4,refrigerador,centrale,acces_2050,2035,0.9040425271970838,0.470465521208994
Pando,Manuripi,Filadelfia,C4,microondas,centrale,acces_2050,2035,0.9040425271970838,0.0589554357926012
Pando,Manuripi,Filadelfia,C4,calefon,centrale,acces_2050,2035,0.9040425271970838,0.0250581363511268
Pando,Manuripi,Filadelfia,C4,aire_acondicionado,centrale,acces_2050,2035,0.9040425271970838,0.0659806218148663
Pando,Manuripi,Filadelfia,C4,lavadora,centrale,acces_2050,2035,0.9040425271970838,0.2591220244875452
Pando,Manuripi,Filadelfia,C4,radio,centrale,acces_2050,2035,0.9040425271970838,0.4448853497934055
Pando,Manuripi,Filadelfia,C4,television,centrale,acces_2050,2035,0.9040425271970838,0.5731545297618461
Pando,Manuripi,Filadelfia,C4,telefono,centrale,acces_2050,2035,0.9040425271970838,0.862574564795338
Pando,Manuripi,Filadelfia,C4,computadora,centrale,acces_2050,2035,0.9040425271970838,0.2090179230188073
Pando,Manuripi,Filadelfia,C4,internet,centrale,acces_2050,2035,0.9040425271970838,0.2597200259413338
Pando,Manuripi,Filadelfia,C4,refrigerador,centrale,acces_2050,2050,1.0,0.5881040953481024
Pando,Manuripi,Filadelfia,C4,microondas,centrale,acces_2050,2050,1.0,0.0766864514812912
Pando,Manuripi,Filadelfia,C4,calefon,centrale,acces_2050,2050,1.0,0.0293774731002341
Pando,Manuripi,Filadelfia,C4,aire_acondicionado,centrale,acces_2050,2050,1.0,0.0886685431673337
Pando,Manuripi,Filadelfia,C4,lavadora,centrale,acces_2050,2050,1.0,0.3360973045851914
Pando,Manuripi,Filadelfia,C4,radio,centrale,acces_2050,2050,1.0,0.4456435295145152
Pando,Manuripi,Filadelfia,C4,television,centrale,acces_2050,2050,1.0,0.6646428445052183
Pando,Manuripi,Filadelfia,C4,telefono,centrale,acces_2050,2050,1.0,0.8980726264535877
Pando,Manuripi,Filadelfia,C4,computadora,centrale,acces_2050,2050,1.0,0.2563569960474675
Pando,Manuripi,Filadelfia,C4,internet,centrale,acces_2050,2050,1.0,0.3408245193887109
Pando,Madre de Dios,Puerto Gonzalo Moreno,C3,refrigerador,centrale,acces_2050,2024,0.8229007633587786,0.2776859504132231
Pando,Madre de Dios,Puerto Gonzalo Moreno,C3,microondas,centrale,acces_2050,2024,0.8229007633587786,0.0198347107438016
Pando,Madre de Dios,Puerto Gonzalo Moreno,C3,calefon,centrale,acces_2050,2024,0.8229007633587786,0.015426997245179
Pando,Madre de Dios,Puerto Gonzalo Moreno,C3,aire_acondicionado,centrale,acces_2050,2024,0.8229007633587786,0.009366391184573
Pando,Madre de Dios,Puerto Gonzalo Moreno,C3,lavadora,centrale,acces_2050,2024,0.8229007633587786,0.0568119139547711
Pando,Madre de Dios,Puerto Gonzalo Moreno,C3,radio,centrale,acces_2050,2024,0.8229007633587786,0.521763085399449
Pando,Madre de Dios,Puerto Gonzalo Moreno,C3,television,centrale,acces_2050,2024,0.8229007633587786,0.4754820936639118
Pando,Madre de Dios,Puerto Gonzalo Moreno,C3,telefono,centrale,acces_2050,2024,0.8229007633587786,0.74696802646086
Pando,Madre de Dios,Puerto Gonzalo Moreno,C3,computadora,centrale,acces_2050,2024,0.8229007633587786,0.1063360881542699
Pando,Madre de Dios,Puerto Gonzalo Moreno,C3,internet,centrale,acces_2050,2024,0.8229007633587786,0.0297684674751929
Pando,Madre de Dios,Puerto Gonzalo Moreno,C3,refrigerador,centrale,acces_2050,2035,0.9308407913287676,0.5033187163773299
Pando,Madre de Dios,Puerto Gonzalo Moreno,C3,microondas,centrale,acces_2050,2035,0.9308407913287676,0.0639072173252856
Pando,Madre de Dios,Puerto Gonzalo Moreno,C3,calefon,centrale,acces_2050,2035,0.9308407913287676,0.0262644074595167
Pando,Madre de Dios,Puerto Gonzalo Moreno,C3,aire_acondicionado,centrale,acces_2050,2035,0.9308407913287676,0.0723167297931478
Pando,Madre de Dios,Puerto Gonzalo Moreno,C3,lavadora,centrale,acces_2050,2035,0.9308407913287676,0.2806190880034195
Pando,Madre de Dios,Puerto Gonzalo Moreno,C3,radio,centrale,acces_2050,2035,0.9308407913287676,0.4450970883879317
Pando,Madre de Dios,Puerto Gonzalo Moreno,C3,television,centrale,acces_2050,2035,0.9308407913287676,0.5987046818431857
Pando,Madre de Dios,Puerto Gonzalo Moreno,C3,telefono,centrale,acces_2050,2035,0.9308407913287676,0.8724881901201148
Pando,Madre de Dios,Puerto Gonzalo Moreno,C3,computadora,centrale,acces_2050,2035,0.9308407913287676,0.2222384148233034
Pando,Madre de Dios,Puerto Gonzalo Moreno,C3,internet,centrale,acces_2050,2035,0.9308407913287676,0.2823702643665706
Pando,Madre de Dios,Puerto Gonzalo Moreno,C3,refrigerador,centrale,acces_2050,2050,1.0,0.5881040953481024
Pando,Madre de Dios,Puerto Gonzalo Moreno,C3,microondas,centrale,acces_2050,2050,1.0,0.0766864514812912
Pando,Madre de Dios,Puerto Gonzalo Moreno,C3,calefon,centrale,acces_2050,2050,1.0,0.0293774731002341
Pando,Madre de Dios,Puerto Gonzalo Moreno,C3,aire_acondicionado,centrale,acces_2050,2050,1.0,0.0886685431673337
Pando,Madre de Dios,Puerto Gonzalo Moreno,C3,lavadora,centrale,acces_2050,2050,1.0,0.3360973045851914
Pando,Madre de Dios,Puerto Gonzalo Moreno,C3,radio,centrale,acces_2050,2050,1.0,0.4456435295145152
Pando,Madre de Dios,Puerto Gonzalo Moreno,C3,television,centrale,acces_2050,2050,1.0,0.6646428445052183
Pando,Madre de Dios,Puerto Gonzalo Moreno,C3,telefono,centrale,acces_2050,2050,1.0,0.8980726264535877
Pando,Madre de Dios,Puerto Gonzalo Moreno,C3,computadora,centrale,acces_2050,2050,1.0,0.2563569960474675
Pando,Madre de Dios,Puerto Gonzalo Moreno,C3,internet,centrale,acces_2050,2050,1.0,0.3408245193887109
Pando,Madre de Dios,San Lorenzo,C4,refrigerador,centrale,acces_2050,2024,0.8367567567567568,0.2832469775474956
Pando,Madre de Dios,San Lorenzo,C4,microondas,centrale,acces_2050,2024,0.8367567567567568,0.0115074798619102
Pando,Madre de Dios,San Lorenzo,C4,calefon,centrale,acces_2050,2024,0.8367567567567568,0.0097813578826237
Pando,Madre de Dios,San Lorenzo,C4,aire_acondicionado,centrale,acces_2050,2024,0.8367567567567568,0.0086306098964326
Pando,Madre de Dios,San Lorenzo,C4,lavadora,centrale,acces_2050,2024,0.8367567567567568,0.0909090909090909
Pando,Madre de Dios,San Lorenzo,C4,radio,centrale,acces_2050,2024,0.8367567567567568,0.3906789413118527
Pando,Madre de Dios,San Lorenzo,C4,television,centrale,acces_2050,2024,0.8367567567567568,0.4490500863557858
Pando,Madre de Dios,San Lorenzo,C4,telefono,centrale,acces_2050,2024,0.8367567567567568,0.8301669545192861
Pando,Madre de Dios,San Lorenzo,C4,computadora,centrale,acces_2050,2024,0.8367567567567568,0.1013241220495106
Pando,Madre de Dios,San Lorenzo,C4,internet,centrale,acces_2050,2024,0.8367567567567568,0.0558434081750143
Pando,Madre de Dios,San Lorenzo,C4,refrigerador,centrale,acces_2050,2035,0.9461771481834212,0.522120244806236
Pando,Madre de Dios,San Lorenzo,C4,microondas,centrale,acces_2050,2035,0.9461771481834212,0.066741068364232
Pando,Madre de Dios,San Lorenzo,C4,calefon,centrale,acces_2050,2035,0.9461771481834212,0.026954743374217
Pando,Madre de Dios,San Lorenzo,C4,aire_acondicionado,centrale,acces_2050,2035,0.9461771481834212,0.0759428158913759
Pando,Madre de Dios,San Lorenzo,C4,lavadora,centrale,acces_2050,2035,0.9461771481834212,0.2929216250553179
Pando,Madre de Dios,San Lorenzo,C4,radio,centrale,acces_2050,2035,0.9461771481834212,0.4452182640965374
Pando,Madre de Dios,San Lorenzo,C4,television,centrale,acces_2050,2035,0.9461771481834212,0.6133267576643882
Pando,Madre de Dios,San Lorenzo,C4,telefono,centrale,acces_2050,2035,0.9461771481834212,0.8781616507202867
Pando,Madre de Dios,San Lorenzo,C4,computadora,centrale,acces_2050,2035,0.9461771481834212,0.2298043593602876
Pando,Madre de Dios,San Lorenzo,C4,internet,centrale,acces_2050,2035,0.9461771481834212,0.295332750952473
Pando,Madre de Dios,San Lorenzo,C4,refrigerador,centrale,acces_2050,2050,1.0,0.5881040953481024
Pando,Madre de Dios,San Lorenzo,C4,microondas,centrale,acces_2050,2050,1.0,0.0766864514812912
Pando,Madre de Dios,San Lorenzo,C4,calefon,centrale,acces_2050,2050,1.0,0.0293774731002341
Pando,Madre de Dios,San Lorenzo,C4,aire_acondicionado,centrale,acces_2050,2050,1.0,0.0886685431673337
Pando,Madre de Dios,San Lorenzo,C4,lavadora,centrale,acces_2050,2050,1.0,0.3360973045851914
Pando,Madre de Dios,San Lorenzo,C4,radio,centrale,acces_2050,2050,1.0,0.4456435295145152
Pando,Madre de Dios,San Lorenzo,C4,television,centrale,acces_2050,2050,1.0,0.6646428445052183
Pando,Madre de Dios,San Lorenzo,C4,telefono,centrale,acces_2050,2050,1.0,0.8980726264535877
Pando,Madre de Dios,San Lorenzo,C4,computadora,centrale,acces_2050,2050,1.0,0.2563569960474675
Pando,Madre de Dios,San Lorenzo,C4,internet,centrale,acces_2050,2050,1.0,0.3408245193887109
Pando,Madre de Dios,Sena,C4,refrigerador,centrale,acces_2050,2024,0.6267826086956522,0.214075165806927
Pando,Madre de Dios,Sena,C4,microondas,centrale,acces_2050,2024,0.6267826086956522,0.0143699336772291
Pando,Madre de Dios,Sena,C4,calefon,centrale,acces_2050,2024,0.6267826086956522,0.0132645541635961
Pando,Madre de Dios,Sena,C4,aire_acondicionado,centrale,acces_2050,2024,0.6267826086956522,0.0162182086251382
Pando,Madre de Dios,Sena,C4,lavadora,centrale,acces_2050,2024,0.6267826086956522,0.0762992996682639
Pando,Madre de Dios,Sena,C4,radio,centrale,acces_2050,2024,0.6267826086956522,0.3550644567219153
Pando,Madre de Dios,Sena,C4,television,centrale,acces_2050,2024,0.6267826086956522,0.3667526723184666
Pando,Madre de Dios,Sena,C4,telefono,centrale,acces_2050,2024,0.6267826086956522,0.7874769797421731
Pando,Madre de Dios,Sena,C4,computadora,centrale,acces_2050,2024,0.6267826086956522,0.1046425939572586
Pando,Madre de Dios,Sena,C4,internet,centrale,acces_2050,2024,0.6267826086956522,0.1201179071481208
Pando,Madre de Dios,Sena,C4,refrigerador,centrale,acces_2050,2035,0.8654448704901772,0.4231469209220001
Pando,Madre de Dios,Sena,C4,microondas,centrale,acces_2050,2035,0.8654448704901772,0.0518233632543587
Pando,Madre de Dios,Sena,C4,calefon,centrale,acces_2050,2035,0.8654448704901772,0.0233207388126778
Pando,Madre de Dios,Sena,C4,aire_acondicionado,centrale,acces_2050,2035,0.8654448704901772,0.056854697859424
Pando,Madre de Dios,Sena,C4,lavadora,centrale,acces_2050,2035,0.8654448704901772,0.2281597101482638
Pando,Madre de Dios,Sena,C4,radio,centrale,acces_2050,2035,0.8654448704901772,0.4445803817722318
Pando,Madre de Dios,Sena,C4,television,centrale,acces_2050,2035,0.8654448704901772,0.5363545342845706
Pando,Madre de Dios,Sena,C4,telefono,centrale,acces_2050,2035,0.8654448704901772,0.8482959270027419
Pando,Madre de Dios,Sena,C4,computadora,centrale,acces_2050,2035,0.8654448704901772,0.1899763910128927
Pando,Madre de Dios,Sena,C4,internet,centrale,acces_2050,2035,0.8654448704901772,0.2270967887506364
Pando,Madre de Dios,Sena,C4,refrigerador,centrale,acces_2050,2050,1.0,0.5881040953481024
Pando,Madre de Dios,Sena,C4,microondas,centrale,acces_2050,2050,1.0,0.0766864514812912
Pando,Madre de Dios,Sena,C4,calefon,centrale,acces_2050,2050,1.0,0.0293774731002341
Pando,Madre de Dios,Sena,C4,aire_acondicionado,centrale,acces_2050,2050,1.0,0.0886685431673337
Pando,Madre de Dios,Sena,C4,lavadora,centrale,acces_2050,2050,1.0,0.3360973045851914
Pando,Madre de Dios,Sena,C4,radio,centrale,acces_2050,2050,1.0,0.4456435295145152
Pando,Madre de Dios,Sena,C4,television,centrale,acces_2050,2050,1.0,0.6646428445052183
Pando,Madre de Dios,Sena,C4,telefono,centrale,acces_2050,2050,1.0,0.8980726264535877
Pando,Madre de Dios,Sena,C4,computadora,centrale,acces_2050,2050,1.0,0.2563569960474675
Pando,Madre de Dios,Sena,C4,internet,centrale,acces_2050,2050,1.0,0.3408245193887109
Pando,Abuná,Santa Rosa,C4,refrigerador,centrale,acces_2050,2024,0.8267441860465117,0.3933823529411764
Pando,Abuná,Santa Rosa,C4,microondas,centrale,acces_2050,2024,0.8267441860465117,0.0183823529411764
Pando,Abuná,Santa Rosa,C4,calefon,centrale,acces_2050,2024,0.8267441860465117,0.0208333333333333
Pando,Abuná,Santa Rosa,C4,aire_acondicionado,centrale,acces_2050,2024,0.8267441860465117,0.0098039215686274
Pando,Abuná,Santa Rosa,C4,lavadora,centrale,acces_2050,2024,0.8267441860465117,0.1580882352941176
Pando,Abuná,Santa Rosa,C4,radio,centrale,acces_2050,2024,0.8267441860465117,0.3644171779141104
Pando,Abuná,Santa Rosa,C4,television,centrale,acces_2050,2024,0.8267441860465117,0.4392638036809816
Pando,Abuná,Santa Rosa,C4,telefono,centrale,acces_2050,2024,0.8267441860465117,0.8355828220858895
Pando,Abuná,Santa Rosa,C4,computadora,centrale,acces_2050,2024,0.8267441860465117,0.1482843137254902
Pando,Abuná,Santa Rosa,C4,internet,centrale,acces_2050,2024,0.8267441860465117,0.0429447852760736
Pando,Abuná,Santa Rosa,C4,refrigerador,centrale,acces_2050,2035,0.9303815922460258,0.5027557636050047
Pando,Abuná,Santa Rosa,C4,microondas,centrale,acces_2050,2035,0.9303815922460258,0.0638223665481393
Pando,Abuná,Santa Rosa,C4,calefon,centrale,acces_2050,2035,0.9303815922460258,0.0262437375167253
Pando,Abuná,Santa Rosa,C4,aire_acondicionado,centrale,acces_2050,2035,0.9303815922460258,0.0722081580230704
Pando,Abuná,Santa Rosa,C4,lavadora,centrale,acces_2050,2035,0.9303815922460258,0.2802507271349832
Pando,Abuná,Santa Rosa,C4,radio,centrale,acces_2050,2035,0.9303815922460258,0.4450934601615694
Pando,Abuná,Santa Rosa,C4,television,centrale,acces_2050,2035,0.9303815922460258,0.5982668696646799
Pando,Abuná,Santa Rosa,C4,telefono,centrale,acces_2050,2035,0.9303815922460258,0.8723183161449419
Pando,Abuná,Santa Rosa,C4,computadora,centrale,acces_2050,2035,0.9303815922460258,0.2220118763549836
Pando,Abuná,Santa Rosa,C4,internet,centrale,acces_2050,2035,0.9303815922460258,0.2819821433801648
Pando,Abuná,Santa Rosa,C4,refrigerador,centrale,acces_2050,2050,1.0,0.5881040953481024
Pando,Abuná,Santa Rosa,C4,microondas,centrale,acces_2050,2050,1.0,0.0766864514812912
Pando,Abuná,Santa Rosa,C4,calefon,centrale,acces_2050,2050,1.0,0.0293774731002341
Pando,Abuná,Santa Rosa,C4,aire_acondicionado,centrale,acces_2050,2050,1.0,0.0886685431673337
Pando,Abuná,Santa Rosa,C4,lavadora,centrale,acces_2050,2050,1.0,0.3360973045851914
Pando,Abuná,Santa Rosa,C4,radio,centrale,acces_2050,2050,1.0,0.4456435295145152
Pando,Abuná,Santa Rosa,C4,television,centrale,acces_2050,2050,1.0,0.6646428445052183
Pando,Abuná,Santa Rosa,C4,telefono,centrale,acces_2050,2050,1.0,0.8980726264535877
Pando,Abuná,Santa Rosa,C4,computadora,centrale,acces_2050,2050,1.0,0.2563569960474675
Pando,Abuná,Santa Rosa,C4,internet,centrale,acces_2050,2050,1.0,0.3408245193887109
Pando,Abuná,Ingavi,C4,refrigerador,centrale,acces_2050,2024,0.5978428351309707,0.0425531914893617
Pando,Abuná,Ingavi,C4,microondas,centrale,acces_2050,2024,0.5978428351309707,0.0032733224222585
Pando,Abuná,Ingavi,C4,calefon,centrale,acces_2050,2024,0.5978428351309707,0.0130932896890343
Pando,Abuná,Ingavi,C4,aire_acondicionado,centrale,acces_2050,2024,0.5978428351309707,0.0
Pando,Abuná,Ingavi,C4,lavadora,centrale,acces_2050,2024,0.5978428351309707,0.0098199672667757
Pando,Abuná,Ingavi,C4,radio,centrale,acces_2050,2024,0.5978428351309707,0.4173486088379705
Pando,Abuná,Ingavi,C4,television,centrale,acces_2050,2024,0.5978428351309707,0.2945990180032733
Pando,Abuná,Ingavi,C4,telefono,centrale,acces_2050,2024,0.5978428351309707,0.7855973813420621
Pando,Abuná,Ingavi,C4,computadora,centrale,acces_2050,2024,0.5978428351309707,0.0704918032786885
Pando,Abuná,Ingavi,C4,internet,centrale,acces_2050,2024,0.5978428351309707,0.0344262295081967
Pando,Abuná,Ingavi,C4,refrigerador,centrale,acces_2050,2035,0.7679862510370985,0.3036680237070486
Pando,Abuná,Ingavi,C4,microondas,centrale,acces_2050,2035,0.7679862510370985,0.0338149657836399
Pando,Abuná,Ingavi,C4,calefon,centrale,acces_2050,2035,0.7679862510370985,0.018933830902071
Pando,Abuná,Ingavi,C4,aire_acondicionado,centrale,acces_2050,2035,0.7679862510370985,0.0338118495154199
Pando,Abuná,Ingavi,C4,lavadora,centrale,acces_2050,2035,0.7679862510370985,0.1499802384385561
Pando,Abuná,Ingavi,C4,radio,centrale,acces_2050,2035,0.7679862510370985,0.443810341182809
Pando,Abuná,Ingavi,C4,television,centrale,acces_2050,2035,0.7679862510370985,0.4434349878382951
Pando,Abuná,Ingavi,C4,telefono,centrale,acces_2050,2035,0.7679862510370985,0.8122425381272469
Pando,Abuná,Ingavi,C4,computadora,centrale,acces_2050,2035,0.7679862510370985,0.1418967514725995
Pando,Abuná,Ingavi,C4,internet,centrale,acces_2050,2035,0.7679862510370985,0.1447235067962744
Pando,Abuná,Ingavi,C4,refrigerador,centrale,acces_2050,2050,1.0,0.5881040953481024
Pando,Abuná,Ingavi,C4,microondas,centrale,acces_2050,2050,1.0,0.0766864514812912
Pando,Abuná,Ingavi,C4,calefon,centrale,acces_2050,2050,1.0,0.0293774731002341
Pando,Abuná,Ingavi,C4,aire_acondicionado,centrale,acces_2050,2050,1.0,0.0886685431673337
Pando,Abuná,Ingavi,C4,lavadora,centrale,acces_2050,2050,1.0,0.3360973045851914
Pando,Abuná,Ingavi,C4,radio,centrale,acces_2050,2050,1.0,0.4456435295145152
Pando,Abuná,Ingavi,C4,television,centrale,acces_2050,2050,1.0,0.6646428445052183
Pando,Abuná,Ingavi,C4,telefono,centrale,acces_2050,2050,1.0,0.8980726264535877
Pando,Abuná,Ingavi,C4,computadora,centrale,acces_2050,2050,1.0,0.2563569960474675
Pando,Abuná,Ingavi,C4,internet,centrale,acces_2050,2050,1.0,0.3408245193887109
Pando,Federico Román,Nueva Esperanza,C4,refrigerador,centrale,acces_2050,2024,0.6912065439672802,0.038543897216274
Pando,Federico Román,Nueva Esperanza,C4,microondas,centrale,acces_2050,2024,0.6912065439672802,0.0021459227467811
Pando,Federico Román,Nueva Esperanza,C4,calefon,centrale,acces_2050,2024,0.6912065439672802,0.0064377682403433
Pando,Federico Román,Nueva Esperanza,C4,aire_acondicionado,centrale,acces_2050,2024,0.6912065439672802,0.0
Pando,Federico Román,Nueva Esperanza,C4,lavadora,centrale,acces_2050,2024,0.6912065439672802,0.0085836909871244
Pando,Federico Román,Nueva Esperanza,C4,radio,centrale,acces_2050,2024,0.6912065439672802,0.3049040511727079
Pando,Federico Román,Nueva Esperanza,C4,television,centrale,acces_2050,2024,0.6912065439672802,0.3867521367521367
Pando,Federico Román,Nueva Esperanza,C4,telefono,centrale,acces_2050,2024,0.6912065439672802,0.7841880341880342
Pando,Federico Román,Nueva Esperanza,C4,computadora,centrale,acces_2050,2024,0.6912065439672802,0.1047008547008547
Pando,Federico Román,Nueva Esperanza,C4,internet,centrale,acces_2050,2024,0.6912065439672802,0.0405982905982906
Pando,Federico Román,Nueva Esperanza,C4,refrigerador,centrale,acces_2050,2035,0.8640845343714169,0.4214792237986134
Pando,Federico Román,Nueva Esperanza,C4,microondas,centrale,acces_2050,2035,0.8640845343714169,0.0515720004333185
Pando,Federico Román,Nueva Esperanza,C4,calefon,centrale,acces_2050,2035,0.8640845343714169,0.0232595059600685
Pando,Federico Román,Nueva Esperanza,C4,aire_acondicionado,centrale,acces_2050,2035,0.8640845343714169,0.0565330637232401
Pando,Federico Román,Nueva Esperanza,C4,lavadora,centrale,acces_2050,2035,0.8640845343714169,0.2270684740963976
Pando,Federico Román,Nueva Esperanza,C4,radio,centrale,acces_2050,2035,0.8640845343714169,0.4445696334768775
Pando,Federico Román,Nueva Esperanza,C4,television,centrale,acces_2050,2035,0.8640845343714169,0.535057554952429
Pando,Federico Román,Nueva Esperanza,C4,telefono,centrale,acces_2050,2035,0.8640845343714169,0.8477926905792601
Pando,Federico Román,Nueva Esperanza,C4,computadora,centrale,acces_2050,2035,0.8640845343714169,0.1893052911080236
Pando,Federico Román,Nueva Esperanza,C4,internet,centrale,acces_2050,2035,0.8640845343714169,0.2259470151206365
Pando,Federico Román,Nueva Esperanza,C4,refrigerador,centrale,acces_2050,2050,1.0,0.5881040953481024
Pando,Federico Román,Nueva Esperanza,C4,microondas,centrale,acces_2050,2050,1.0,0.0766864514812912
Pando,Federico Román,Nueva Esperanza,C4,calefon,centrale,acces_2050,2050,1.0,0.0293774731002341
Pando,Federico Román,Nueva Esperanza,C4,aire_acondicionado,centrale,acces_2050,2050,1.0,0.0886685431673337
Pando,Federico Román,Nueva Esperanza,C4,lavadora,centrale,acces_2050,2050,1.0,0.3360973045851914
Pando,Federico Román,Nueva Esperanza,C4,radio,centrale,acces_2050,2050,1.0,0.4456435295145152
Pando,Federico Román,Nueva Esperanza,C4,television,centrale,acces_2050,2050,1.0,0.6646428445052183
Pando,Federico Román,Nueva Esperanza,C4,telefono,centrale,acces_2050,2050,1.0,0.8980726264535877
Pando,Federico Román,Nueva Esperanza,C4,computadora,centrale,acces_2050,2050,1.0,0.2563569960474675
Pando,Federico Román,Nueva Esperanza,C4,internet,centrale,acces_2050,2050,1.0,0.3408245193887109
Pando,Federico Román,Villa Nueva,C4,refrigerador,centrale,acces_2050,2024,0.6991525423728814,0.1714285714285714
Pando,Federico Román,Villa Nueva,C4,microondas,centrale,acces_2050,2024,0.6991525423728814,0.0063492063492063
Pando,Federico Román,Villa Nueva,C4,calefon,centrale,acces_2050,2024,0.6991525423728814,0.0031746031746031
Pando,Federico Román,Villa Nueva,C4,aire_acondicionado,centrale,acces_2050,2024,0.6991525423728814,0.0031746031746031
Pando,Federico Román,Villa Nueva,C4,lavadora,centrale,acces_2050,2024,0.6991525423728814,0.0206349206349206
Pando,Federico Román,Villa Nueva,C4,radio,centrale,acces_2050,2024,0.6991525423728814,0.3946117274167987
Pando,Federico Román,Villa Nueva,C4,television,centrale,acces_2050,2024,0.6991525423728814,0.319047619047619
Pando,Federico Román,Villa Nueva,C4,telefono,centrale,acces_2050,2024,0.6991525423728814,0.7429022082018928
Pando,Federico Román,Villa Nueva,C4,computadora,centrale,acces_2050,2024,0.6991525423728814,0.0555555555555555
Pando,Federico Román,Villa Nueva,C4,internet,centrale,acces_2050,2024,0.6991525423728814,0.0253968253968253
Pando,Federico Román,Villa Nueva,C4,refrigerador,centrale,acces_2050,2035,0.856226825712185,0.4118461059634751
Pando,Federico Román,Villa Nueva,C4,microondas,centrale,acces_2050,2035,0.856226825712185,0.0501200535297131
Pando,Federico Román,Villa Nueva,C4,calefon,centrale,acces_2050,2035,0.856226825712185,0.0229058066724132
Pando,Federico Román,Villa Nueva,C4,aire_acondicionado,centrale,acces_2050,2035,0.856226825712185,0.0546752086665797
Pando,Federico Román,Villa Nueva,C4,lavadora,centrale,acces_2050,2035,0.856226825712185,0.2207651679827367
Pando,Federico Román,Villa Nueva,C4,radio,centrale,acces_2050,2035,0.856226825712185,0.4445075481052457
Pando,Federico Román,Villa Nueva,C4,television,centrale,acces_2050,2035,0.856226825712185,0.5275658140595231
Pando,Federico Román,Villa Nueva,C4,telefono,centrale,acces_2050,2035,0.856226825712185,0.8448858463457645
Pando,Federico Román,Villa Nueva,C4,computadora,centrale,acces_2050,2035,0.856226825712185,0.1854288171535531
Pando,Federico Román,Villa Nueva,C4,internet,centrale,acces_2050,2035,0.856226825712185,0.2193055784315629
Pando,Federico Román,Villa Nueva,C4,refrigerador,centrale,acces_2050,2050,1.0,0.5881040953481024
Pando,Federico Román,Villa Nueva,C4,microondas,centrale,acces_2050,2050,1.0,0.0766864514812912
Pando,Federico Román,Villa Nueva,C4,calefon,centrale,acces_2050,2050,1.0,0.0293774731002341
Pando,Federico Román,Villa Nueva,C4,aire_acondicionado,centrale,acces_2050,2050,1.0,0.0886685431673337
Pando,Federico Román,Villa Nueva,C4,lavadora,centrale,acces_2050,2050,1.0,0.3360973045851914
Pando,Federico Román,Villa Nueva,C4,radio,centrale,acces_2050,2050,1.0,0.4456435295145152
Pando,Federico Román,Villa Nueva,C4,television,centrale,acces_2050,2050,1.0,0.6646428445052183
Pando,Federico Román,Villa Nueva,C4,telefono,centrale,acces_2050,2050,1.0,0.8980726264535877
Pando,Federico Román,Villa Nueva,C4,computadora,centrale,acces_2050,2050,1.0,0.2563569960474675
Pando,Federico Román,Villa Nueva,C4,internet,centrale,acces_2050,2050,1.0,0.3408245193887109
Pando,Federico Román,Santos Mercado,C4,refrigerador,centrale,acces_2050,2024,0.653910149750416,0.1161048689138576
Pando,Federico Román,Santos Mercado,C4,microondas,centrale,acces_2050,2024,0.653910149750416,0.0074906367041198
Pando,Federico Román,Santos Mercado,C4,calefon,centrale,acces_2050,2024,0.653910149750416,0.0037453183520599
Pando,Federico Román,Santos Mercado,C4,aire_acondicionado,centrale,acces_2050,2024,0.653910149750416,0.0037453183520599
Pando,Federico Román,Santos Mercado,C4,lavadora,centrale,acces_2050,2024,0.653910149750416,0.0262664165103189
Pando,Federico Román,Santos Mercado,C4,radio,centrale,acces_2050,2024,0.653910149750416,0.3670411985018726
Pando,Federico Román,Santos Mercado,C4,television,centrale,acces_2050,2024,0.653910149750416,0.3146067415730337
Pando,Federico Román,Santos Mercado,C4,telefono,centrale,acces_2050,2024,0.653910149750416,0.7434456928838952
Pando,Federico Román,Santos Mercado,C4,computadora,centrale,acces_2050,2024,0.653910149750416,0.048689138576779
Pando,Federico Román,Santos Mercado,C4,internet,centrale,acces_2050,2024,0.653910149750416,0.0149812734082397
Pando,Federico Román,Santos Mercado,C4,refrigerador,centrale,acces_2050,2035,0.8342490606325665,0.3849025770103863
Pando,Federico Román,Santos Mercado,C4,microondas,centrale,acces_2050,2035,0.8342490606325665,0.046059003503631
Pando,Federico Román,Santos Mercado,C4,calefon,centrale,acces_2050,2035,0.8342490606325665,0.0219165208398588
Pando,Federico Román,Santos Mercado,C4,aire_acondicionado,centrale,acces_2050,2035,0.8342490606325665,0.0494788462461822
Pando,Federico Román,Santos Mercado,C4,lavadora,centrale,acces_2050,2035,0.8342490606325665,0.2031350181516911
Pando,Federico Román,Santos Mercado,C4,radio,centrale,acces_2050,2035,0.8342490606325665,0.4443338972648061
Pando,Federico Román,Santos Mercado,C4,television,centrale,acces_2050,2035,0.8342490606325665,0.5066116493631502
Pando,Federico Román,Santos Mercado,C4,telefono,centrale,acces_2050,2035,0.8342490606325665,0.8367554940436651
Pando,Federico Román,Santos Mercado,C4,computadora,centrale,acces_2050,2035,0.8342490606325665,0.1745864408828935
Pando,Federico Román,Santos Mercado,C4,internet,centrale,acces_2050,2035,0.8342490606325665,0.2007296879686189
Pando,Federico Román,Santos Mercado,C4,refrigerador,centrale,acces_2050,2050,1.0,0.5881040953481024
Pando,Federico Román,Santos Mercado,C4,microondas,centrale,acces_2050,2050,1.0,0.0766864514812912
Pando,Federico Román,Santos Mercado,C4,calefon,centrale,acces_2050,2050,1.0,0.0293774731002341
Pando,Federico Román,Santos Mercado,C4,aire_acondicionado,centrale,acces_2050,2050,1.0,0.0886685431673337
Pando,Federico Román,Santos Mercado,C4,lavadora,centrale,acces_2050,2050,1.0,0.3360973045851914
Pando,Federico Román,Santos Mercado,C4,radio,centrale,acces_2050,2050,1.0,0.4456435295145152
Pando,Federico Román,Santos Mercado,C4,television,centrale,acces_2050,2050,1.0,0.6646428445052183
Pando,Federico Román,Santos Mercado,C4,telefono,centrale,acces_2050,2050,1.0,0.8980726264535877
Pando,Federico Román,Santos Mercado,C4,computadora,centrale,acces_2050,2050,1.0,0.2563569960474675
Pando,Federico Román,Santos Mercado,C4,internet,centrale,acces_2050,2050,1.0,0.3408245193887109
La Paz,Abel Iturralde,Ixiamas,C1,refrigerador,basse,acces_2035,2024,0.6845130066545675,0.2695058517555266
La Paz,Abel Iturralde,Ixiamas,C1,microondas,basse,acces_2035,2024,0.6845130066545675,0.0347741306467338
La Paz,Abel Iturralde,Ixiamas,C1,calefon,basse,acces_2035,2024,0.6845130066545675,0.0285992850178745
La Paz,Abel Iturralde,Ixiamas,C1,aire_acondicionado,basse,acces_2035,2024,0.6845130066545675,0.0143042912873862
La Paz,Abel Iturralde,Ixiamas,C1,lavadora,basse,acces_2035,2024,0.6845130066545675,0.0900520156046814
La Paz,Abel Iturralde,Ixiamas,C1,radio,basse,acces_2035,2024,0.6845130066545675,0.390497884803124
La Paz,Abel Iturralde,Ixiamas,C1,television,basse,acces_2035,2024,0.6845130066545675,0.4152845528455284
La Paz,Abel Iturralde,Ixiamas,C1,telefono,basse,acces_2035,2024,0.6845130066545675,0.7751383013342011
La Paz,Abel Iturralde,Ixiamas,C1,computadora,basse,acces_2035,2024,0.6845130066545675,0.1187764399609502
La Paz,Abel Iturralde,Ixiamas,C1,internet,basse,acces_2035,2024,0.6845130066545675,0.0553205336804425
La Paz,Abel Iturralde,Ixiamas,C1,refrigerador,basse,acces_2035,2035,1.0,0.2695058517555266
La Paz,Abel Iturralde,Ixiamas,C1,microondas,basse,acces_2035,2035,1.0,0.0347741306467338
La Paz,Abel Iturralde,Ixiamas,C1,calefon,basse,acces_2035,2035,1.0,0.0285992850178745
La Paz,Abel Iturralde,Ixiamas,C1,aire_acondicionado,basse,acces_2035,2035,1.0,0.0143042912873862
La Paz,Abel Iturralde,Ixiamas,C1,lavadora,basse,acces_2035,2035,1.0,0.0900520156046814
La Paz,Abel Iturralde,Ixiamas,C1,radio,basse,acces_2035,2035,1.0,0.390497884803124
La Paz,Abel Iturralde,Ixiamas,C1,television,basse,acces_2035,2035,1.0,0.4152845528455284
La Paz,Abel Iturralde,Ixiamas,C1,telefono,basse,acces_2035,2035,1.0,0.7751383013342011
La Paz,Abel Iturralde,Ixiamas,C1,computadora,basse,acces_2035,2035,1.0,0.1187764399609502
La Paz,Abel Iturralde,Ixiamas,C1,internet,basse,acces_2035,2035,1.0,0.0553205336804425
La Paz,Abel Iturralde,Ixiamas,C1,refrigerador,basse,acces_2035,2050,1.0,0.2695058517555266
La Paz,Abel Iturralde,Ixiamas,C1,microondas,basse,acces_2035,2050,1.0,0.0347741306467338
La Paz,Abel Iturralde,Ixiamas,C1,calefon,basse,acces_2035,2050,1.0,0.0285992850178745
La Paz,Abel Iturralde,Ixiamas,C1,aire_acondicionado,basse,acces_2035,2050,1.0,0.0143042912873862
La Paz,Abel Iturralde,Ixiamas,C1,lavadora,basse,acces_2035,2050,1.0,0.0900520156046814
La Paz,Abel Iturralde,Ixiamas,C1,radio,basse,acces_2035,2050,1.0,0.390497884803124
La Paz,Abel Iturralde,Ixiamas,C1,television,basse,acces_2035,2050,1.0,0.4152845528455284
La Paz,Abel Iturralde,Ixiamas,C1,telefono,basse,acces_2035,2050,1.0,0.7751383013342011
La Paz,Abel Iturralde,Ixiamas,C1,computadora,basse,acces_2035,2050,1.0,0.1187764399609502
La Paz,Abel Iturralde,Ixiamas,C1,internet,basse,acces_2035,2050,1.0,0.0553205336804425
Beni,Vaca Diez,Riberalta,C3,refrigerador,basse,acces_2035,2024,0.8934115589242767,0.497653683716565
Beni,Vaca Diez,Riberalta,C3,microondas,basse,acces_2035,2024,0.8934115589242767,0.0735064122614951
Beni,Vaca Diez,Riberalta,C3,calefon,basse,acces_2035,2024,0.8934115589242767,0.0261583577712609
Beni,Vaca Diez,Riberalta,C3,aire_acondicionado,basse,acces_2035,2024,0.8934115589242767,0.0686972161401313
Beni,Vaca Diez,Riberalta,C3,lavadora,basse,acces_2035,2024,0.8934115589242767,0.2351239346313238
Beni,Vaca Diez,Riberalta,C3,radio,basse,acces_2035,2024,0.8934115589242767,0.547266403532768
Beni,Vaca Diez,Riberalta,C3,television,basse,acces_2035,2024,0.8934115589242767,0.6485789123890692
Beni,Vaca Diez,Riberalta,C3,telefono,basse,acces_2035,2024,0.8934115589242767,0.867712040042232
Beni,Vaca Diez,Riberalta,C3,computadora,basse,acces_2035,2024,0.8934115589242767,0.2281902824505124
Beni,Vaca Diez,Riberalta,C3,internet,basse,acces_2035,2024,0.8934115589242767,0.3706485175623875
Beni,Vaca Diez,Riberalta,C3,refrigerador,basse,acces_2035,2035,1.0,0.497653683716565
Beni,Vaca Diez,Riberalta,C3,microondas,basse,acces_2035,2035,1.0,0.0735064122614951
Beni,Vaca Diez,Riberalta,C3,calefon,basse,acces_2035,2035,1.0,0.0261583577712609
Beni,Vaca Diez,Riberalta,C3,aire_acondicionado,basse,acces_2035,2035,1.0,0.0686972161401313
Beni,Vaca Diez,Riberalta,C3,lavadora,basse,acces_2035,2035,1.0,0.2351239346313238
Beni,Vaca Diez,Riberalta,C3,radio,basse,acces_2035,2035,1.0,0.547266403532768
Beni,Vaca Diez,Riberalta,C3,television,basse,acces_2035,2035,1.0,0.6485789123890692
Beni,Vaca Diez,Riberalta,C3,telefono,basse,acces_2035,2035,1.0,0.867712040042232
Beni,Vaca Diez,Riberalta,C3,computadora,basse,acces_2035,2035,1.0,0.2281902824505124
Beni,Vaca Diez,Riberalta,C3,internet,basse,acces_2035,2035,1.0,0.3706485175623875
Beni,Vaca Diez,Riberalta,C3,refrigerador,basse,acces_2035,2050,1.0,0.497653683716565
Beni,Vaca Diez,Riberalta,C3,microondas,basse,acces_2035,2050,1.0,0.0735064122614951
Beni,Vaca Diez,Riberalta,C3,calefon,basse,acces_2035,2050,1.0,0.0261583577712609
Beni,Vaca Diez,Riberalta,C3,aire_acondicionado,basse,acces_2035,2050,1.0,0.0686972161401313
Beni,Vaca Diez,Riberalta,C3,lavadora,basse,acces_2035,2050,1.0,0.2351239346313238
Beni,Vaca Diez,Riberalta,C3,radio,basse,acces_2035,2050,1.0,0.547266403532768
Beni,Vaca Diez,Riberalta,C3,television,basse,acces_2035,2050,1.0,0.6485789123890692
Beni,Vaca Diez,Riberalta,C3,telefono,basse,acces_2035,2050,1.0,0.867712040042232
Beni,Vaca Diez,Riberalta,C3,computadora,basse,acces_2035,2050,1.0,0.2281902824505124
Beni,Vaca Diez,Riberalta,C3,internet,basse,acces_2035,2050,1.0,0.3706485175623875
Beni,Vaca Diez,Guayaramerín,C3,refrigerador,basse,acces_2035,2024,0.9242493802222018,0.5411799352115442
Beni,Vaca Diez,Guayaramerín,C3,microondas,basse,acces_2035,2024,0.9242493802222018,0.0847158142730931
Beni,Vaca Diez,Guayaramerín,C3,calefon,basse,acces_2035,2024,0.9242493802222018,0.0249337390792186
Beni,Vaca Diez,Guayaramerín,C3,aire_acondicionado,basse,acces_2035,2024,0.9242493802222018,0.1135872766542313
Beni,Vaca Diez,Guayaramerín,C3,lavadora,basse,acces_2035,2024,0.9242493802222018,0.3520172769215667
Beni,Vaca Diez,Guayaramerín,C3,radio,basse,acces_2035,2024,0.9242493802222018,0.475461327051433
Beni,Vaca Diez,Guayaramerín,C3,television,basse,acces_2035,2024,0.9242493802222018,0.6636863823933975
Beni,Vaca Diez,Guayaramerín,C3,telefono,basse,acces_2035,2024,0.9242493802222018,0.8390330188679245
Beni,Vaca Diez,Guayaramerín,C3,computadora,basse,acces_2035,2024,0.9242493802222018,0.2262630233929624
Beni,Vaca Diez,Guayaramerín,C3,internet,basse,acces_2035,2024,0.9242493802222018,0.3903086298407706
Beni,Vaca Diez,Guayaramerín,C3,refrigerador,basse,acces_2035,2035,1.0,0.5411799352115442
Beni,Vaca Diez,Guayaramerín,C3,microondas,basse,acces_2035,2035,1.0,0.0847158142730931
Beni,Vaca Diez,Guayaramerín,C3,calefon,basse,acces_2035,2035,1.0,0.0249337390792186
Beni,Vaca Diez,Guayaramerín,C3,aire_acondicionado,basse,acces_2035,2035,1.0,0.1135872766542313
Beni,Vaca Diez,Guayaramerín,C3,lavadora,basse,acces_2035,2035,1.0,0.3520172769215667
Beni,Vaca Diez,Guayaramerín,C3,radio,basse,acces_2035,2035,1.0,0.475461327051433
Beni,Vaca Diez,Guayaramerín,C3,television,basse,acces_2035,2035,1.0,0.6636863823933975
Beni,Vaca Diez,Guayaramerín,C3,telefono,basse,acces_2035,2035,1.0,0.8390330188679245
Beni,Vaca Diez,Guayaramerín,C3,computadora,basse,acces_2035,2035,1.0,0.2262630233929624
Beni,Vaca Diez,Guayaramerín,C3,internet,basse,acces_2035,2035,1.0,0.3903086298407706
Beni,Vaca Diez,Guayaramerín,C3,refrigerador,basse,acces_2035,2050,1.0,0.5411799352115442
Beni,Vaca Diez,Guayaramerín,C3,microondas,basse,acces_2035,2050,1.0,0.0847158142730931
Beni,Vaca Diez,Guayaramerín,C3,calefon,basse,acces_2035,2050,1.0,0.0249337390792186
Beni,Vaca Diez,Guayaramerín,C3,aire_acondicionado,basse,acces_2035,2050,1.0,0.1135872766542313
Beni,Vaca Diez,Guayaramerín,C3,lavadora,basse,acces_2035,2050,1.0,0.3520172769215667
Beni,Vaca Diez,Guayaramerín,C3,radio,basse,acces_2035,2050,1.0,0.475461327051433
Beni,Vaca Diez,Guayaramerín,C3,television,basse,acces_2035,2050,1.0,0.6636863823933975
Beni,Vaca Diez,Guayaramerín,C3,telefono,basse,acces_2035,2050,1.0,0.8390330188679245
Beni,Vaca Diez,Guayaramerín,C3,computadora,basse,acces_2035,2050,1.0,0.2262630233929624
Beni,Vaca Diez,Guayaramerín,C3,internet,basse,acces_2035,2050,1.0,0.3903086298407706
Beni,General José Ballivián,Reyes,C1,refrigerador,basse,acces_2035,2024,0.7919227392449517,0.4228043143297381
Beni,General José Ballivián,Reyes,C1,microondas,basse,acces_2035,2024,0.7919227392449517,0.0644067796610169
Beni,General José Ballivián,Reyes,C1,calefon,basse,acces_2035,2024,0.7919227392449517,0.0117139334155363
Beni,General José Ballivián,Reyes,C1,aire_acondicionado,basse,acces_2035,2024,0.7919227392449517,0.0523882896764252
Beni,General José Ballivián,Reyes,C1,lavadora,basse,acces_2035,2024,0.7919227392449517,0.1796056685150955
Beni,General José Ballivián,Reyes,C1,radio,basse,acces_2035,2024,0.7919227392449517,0.4182322143517092
Beni,General José Ballivián,Reyes,C1,television,basse,acces_2035,2024,0.7919227392449517,0.4898273736128237
Beni,General José Ballivián,Reyes,C1,telefono,basse,acces_2035,2024,0.7919227392449517,0.8381128584643849
Beni,General José Ballivián,Reyes,C1,computadora,basse,acces_2035,2024,0.7919227392449517,0.1470860314523589
Beni,General José Ballivián,Reyes,C1,internet,basse,acces_2035,2024,0.7919227392449517,0.2238667900092507
Beni,General José Ballivián,Reyes,C1,refrigerador,basse,acces_2035,2035,1.0,0.4228043143297381
Beni,General José Ballivián,Reyes,C1,microondas,basse,acces_2035,2035,1.0,0.0644067796610169
Beni,General José Ballivián,Reyes,C1,calefon,basse,acces_2035,2035,1.0,0.0117139334155363
Beni,General José Ballivián,Reyes,C1,aire_acondicionado,basse,acces_2035,2035,1.0,0.0523882896764252
Beni,General José Ballivián,Reyes,C1,lavadora,basse,acces_2035,2035,1.0,0.1796056685150955
Beni,General José Ballivián,Reyes,C1,radio,basse,acces_2035,2035,1.0,0.4182322143517092
Beni,General José Ballivián,Reyes,C1,television,basse,acces_2035,2035,1.0,0.4898273736128237
Beni,General José Ballivián,Reyes,C1,telefono,basse,acces_2035,2035,1.0,0.8381128584643849
Beni,General José Ballivián,Reyes,C1,computadora,basse,acces_2035,2035,1.0,0.1470860314523589
Beni,General José Ballivián,Reyes,C1,internet,basse,acces_2035,2035,1.0,0.2238667900092507
Beni,General José Ballivián,Reyes,C1,refrigerador,basse,acces_2035,2050,1.0,0.4228043143297381
Beni,General José Ballivián,Reyes,C1,microondas,basse,acces_2035,2050,1.0,0.0644067796610169
Beni,General José Ballivián,Reyes,C1,calefon,basse,acces_2035,2050,1.0,0.0117139334155363
Beni,General José Ballivián,Reyes,C1,aire_acondicionado,basse,acces_2035,2050,1.0,0.0523882896764252
Beni,General José Ballivián,Reyes,C1,lavadora,basse,acces_2035,2050,1.0,0.1796056685150955
Beni,General José Ballivián,Reyes,C1,radio,basse,acces_2035,2050,1.0,0.4182322143517092
Beni,General José Ballivián,Reyes,C1,television,basse,acces_2035,2050,1.0,0.4898273736128237
Beni,General José Ballivián,Reyes,C1,telefono,basse,acces_2035,2050,1.0,0.8381128584643849
Beni,General José Ballivián,Reyes,C1,computadora,basse,acces_2035,2050,1.0,0.1470860314523589
Beni,General José Ballivián,Reyes,C1,internet,basse,acces_2035,2050,1.0,0.2238667900092507
Beni,General José Ballivián,Santa Rosa,C1,refrigerador,basse,acces_2035,2024,0.8522686025408348,0.4254826254826255
Beni,General José Ballivián,Santa Rosa,C1,microondas,basse,acces_2035,2024,0.8522686025408348,0.0513513513513513
Beni,General José Ballivián,Santa Rosa,C1,calefon,basse,acces_2035,2024,0.8522686025408348,0.025472790428406
Beni,General José Ballivián,Santa Rosa,C1,aire_acondicionado,basse,acces_2035,2024,0.8522686025408348,0.0621621621621621
Beni,General José Ballivián,Santa Rosa,C1,lavadora,basse,acces_2035,2024,0.8522686025408348,0.1678888460054033
Beni,General José Ballivián,Santa Rosa,C1,radio,basse,acces_2035,2024,0.8522686025408348,0.3172333848531685
Beni,General José Ballivián,Santa Rosa,C1,television,basse,acces_2035,2024,0.8522686025408348,0.4870506378044066
Beni,General José Ballivián,Santa Rosa,C1,telefono,basse,acces_2035,2024,0.8522686025408348,0.8758220502901354
Beni,General José Ballivián,Santa Rosa,C1,computadora,basse,acces_2035,2024,0.8522686025408348,0.1481624758220502
Beni,General José Ballivián,Santa Rosa,C1,internet,basse,acces_2035,2024,0.8522686025408348,0.2457430340557275
Beni,General José Ballivián,Santa Rosa,C1,refrigerador,basse,acces_2035,2035,1.0,0.4254826254826255
Beni,General José Ballivián,Santa Rosa,C1,microondas,basse,acces_2035,2035,1.0,0.0513513513513513
Beni,General José Ballivián,Santa Rosa,C1,calefon,basse,acces_2035,2035,1.0,0.025472790428406
Beni,General José Ballivián,Santa Rosa,C1,aire_acondicionado,basse,acces_2035,2035,1.0,0.0621621621621621
Beni,General José Ballivián,Santa Rosa,C1,lavadora,basse,acces_2035,2035,1.0,0.1678888460054033
Beni,General José Ballivián,Santa Rosa,C1,radio,basse,acces_2035,2035,1.0,0.3172333848531685
Beni,General José Ballivián,Santa Rosa,C1,television,basse,acces_2035,2035,1.0,0.4870506378044066
Beni,General José Ballivián,Santa Rosa,C1,telefono,basse,acces_2035,2035,1.0,0.8758220502901354
Beni,General José Ballivián,Santa Rosa,C1,computadora,basse,acces_2035,2035,1.0,0.1481624758220502
Beni,General José Ballivián,Santa Rosa,C1,internet,basse,acces_2035,2035,1.0,0.2457430340557275
Beni,General José Ballivián,Santa Rosa,C1,refrigerador,basse,acces_2035,2050,1.0,0.4254826254826255
Beni,General José Ballivián,Santa Rosa,C1,microondas,basse,acces_2035,2050,1.0,0.0513513513513513
Beni,General José Ballivián,Santa Rosa,C1,calefon,basse,acces_2035,2050,1.0,0.025472790428406
Beni,General José Ballivián,Santa Rosa,C1,aire_acondicionado,basse,acces_2035,2050,1.0,0.0621621621621621
Beni,General José Ballivián,Santa Rosa,C1,lavadora,basse,acces_2035,2050,1.0,0.1678888460054033
Beni,General José Ballivián,Santa Rosa,C1,radio,basse,acces_2035,2050,1.0,0.3172333848531685
Beni,General José Ballivián,Santa Rosa,C1,television,basse,acces_2035,2050,1.0,0.4870506378044066
Beni,General José Ballivián,Santa Rosa,C1,telefono,basse,acces_2035,2050,1.0,0.8758220502901354
Beni,General José Ballivián,Santa Rosa,C1,computadora,basse,acces_2035,2050,1.0,0.1481624758220502
Beni,General José Ballivián,Santa Rosa,C1,internet,basse,acces_2035,2050,1.0,0.2457430340557275
Beni,Yacuma,Exaltación,C1,refrigerador,basse,acces_2035,2024,0.8123711340206186,0.0985810306198655
Beni,Yacuma,Exaltación,C1,microondas,basse,acces_2035,2024,0.8123711340206186,0.0029873039581777
Beni,Yacuma,Exaltación,C1,calefon,basse,acces_2035,2024,0.8123711340206186,0.0164424514200298
Beni,Yacuma,Exaltación,C1,aire_acondicionado,basse,acces_2035,2024,0.8123711340206186,0.005227781926811
Beni,Yacuma,Exaltación,C1,lavadora,basse,acces_2035,2024,0.8123711340206186,0.022404779686333
Beni,Yacuma,Exaltación,C1,radio,basse,acces_2035,2024,0.8123711340206186,0.4846441947565543
Beni,Yacuma,Exaltación,C1,television,basse,acces_2035,2024,0.8123711340206186,0.29812734082397
Beni,Yacuma,Exaltación,C1,telefono,basse,acces_2035,2024,0.8123711340206186,0.7514970059880239
Beni,Yacuma,Exaltación,C1,computadora,basse,acces_2035,2024,0.8123711340206186,0.0696629213483146
Beni,Yacuma,Exaltación,C1,internet,basse,acces_2035,2024,0.8123711340206186,0.0434456928838951
Beni,Yacuma,Exaltación,C1,refrigerador,basse,acces_2035,2035,1.0,0.0985810306198655
Beni,Yacuma,Exaltación,C1,microondas,basse,acces_2035,2035,1.0,0.0029873039581777
Beni,Yacuma,Exaltación,C1,calefon,basse,acces_2035,2035,1.0,0.0164424514200298
Beni,Yacuma,Exaltación,C1,aire_acondicionado,basse,acces_2035,2035,1.0,0.005227781926811
Beni,Yacuma,Exaltación,C1,lavadora,basse,acces_2035,2035,1.0,0.022404779686333
Beni,Yacuma,Exaltación,C1,radio,basse,acces_2035,2035,1.0,0.4846441947565543
Beni,Yacuma,Exaltación,C1,television,basse,acces_2035,2035,1.0,0.29812734082397
Beni,Yacuma,Exaltación,C1,telefono,basse,acces_2035,2035,1.0,0.7514970059880239
Beni,Yacuma,Exaltación,C1,computadora,basse,acces_2035,2035,1.0,0.0696629213483146
Beni,Yacuma,Exaltación,C1,internet,basse,acces_2035,2035,1.0,0.0434456928838951
Beni,Yacuma,Exaltación,C1,refrigerador,basse,acces_2035,2050,1.0,0.0985810306198655
Beni,Yacuma,Exaltación,C1,microondas,basse,acces_2035,2050,1.0,0.0029873039581777
Beni,Yacuma,Exaltación,C1,calefon,basse,acces_2035,2050,1.0,0.0164424514200298
Beni,Yacuma,Exaltación,C1,aire_acondicionado,basse,acces_2035,2050,1.0,0.005227781926811
Beni,Yacuma,Exaltación,C1,lavadora,basse,acces_2035,2050,1.0,0.022404779686333
Beni,Yacuma,Exaltación,C1,radio,basse,acces_2035,2050,1.0,0.4846441947565543
Beni,Yacuma,Exaltación,C1,television,basse,acces_2035,2050,1.0,0.29812734082397
Beni,Yacuma,Exaltación,C1,telefono,basse,acces_2035,2050,1.0,0.7514970059880239
Beni,Yacuma,Exaltación,C1,computadora,basse,acces_2035,2050,1.0,0.0696629213483146
Beni,Yacuma,Exaltación,C1,internet,basse,acces_2035,2050,1.0,0.0434456928838951
Pando,Nicolás Suárez,Cobija,C5,refrigerador,basse,acces_2035,2024,0.9746209200719608,0.7561576354679803
Pando,Nicolás Suárez,Cobija,C5,microondas,basse,acces_2035,2024,0.9746209200719608,0.1357613689326852
Pando,Nicolás Suárez,Cobija,C5,calefon,basse,acces_2035,2024,0.9746209200719608,0.0352862849533954
Pando,Nicolás Suárez,Cobija,C5,aire_acondicionado,basse,acces_2035,2024,0.9746209200719608,0.188735769922109
Pando,Nicolás Suárez,Cobija,C5,lavadora,basse,acces_2035,2024,0.9746209200719608,0.5479297031021169
Pando,Nicolás Suárez,Cobija,C5,radio,basse,acces_2035,2024,0.9746209200719608,0.572103861517976
Pando,Nicolás Suárez,Cobija,C5,television,basse,acces_2035,2024,0.9746209200719608,0.7450562620680471
Pando,Nicolás Suárez,Cobija,C5,telefono,basse,acces_2035,2024,0.9746209200719608,0.9375416167265948
Pando,Nicolás Suárez,Cobija,C5,computadora,basse,acces_2035,2024,0.9746209200719608,0.4310161139965375
Pando,Nicolás Suárez,Cobija,C5,internet,basse,acces_2035,2024,0.9746209200719608,0.6279549843510688
Pando,Nicolás Suárez,Cobija,C5,refrigerador,basse,acces_2035,2035,1.0,0.7561576354679803
Pando,Nicolás Suárez,Cobija,C5,microondas,basse,acces_2035,2035,1.0,0.1357613689326852
Pando,Nicolás Suárez,Cobija,C5,calefon,basse,acces_2035,2035,1.0,0.0352862849533954
Pando,Nicolás Suárez,Cobija,C5,aire_acondicionado,basse,acces_2035,2035,1.0,0.188735769922109
Pando,Nicolás Suárez,Cobija,C5,lavadora,basse,acces_2035,2035,1.0,0.5479297031021169
Pando,Nicolás Suárez,Cobija,C5,radio,basse,acces_2035,2035,1.0,0.572103861517976
Pando,Nicolás Suárez,Cobija,C5,television,basse,acces_2035,2035,1.0,0.7450562620680471
Pando,Nicolás Suárez,Cobija,C5,telefono,basse,acces_2035,2035,1.0,0.9375416167265948
Pando,Nicolás Suárez,Cobija,C5,computadora,basse,acces_2035,2035,1.0,0.4310161139965375
Pando,Nicolás Suárez,Cobija,C5,internet,basse,acces_2035,2035,1.0,0.6279549843510688
Pando,Nicolás Suárez,Cobija,C5,refrigerador,basse,acces_2035,2050,1.0,0.7561576354679803
Pando,Nicolás Suárez,Cobija,C5,microondas,basse,acces_2035,2050,1.0,0.1357613689326852
Pando,Nicolás Suárez,Cobija,C5,calefon,basse,acces_2035,2050,1.0,0.0352862849533954
Pando,Nicolás Suárez,Cobija,C5,aire_acondicionado,basse,acces_2035,2050,1.0,0.188735769922109
Pando,Nicolás Suárez,Cobija,C5,lavadora,basse,acces_2035,2050,1.0,0.5479297031021169
Pando,Nicolás Suárez,Cobija,C5,radio,basse,acces_2035,2050,1.0,0.572103861517976
Pando,Nicolás Suárez,Cobija,C5,television,basse,acces_2035,2050,1.0,0.7450562620680471
Pando,Nicolás Suárez,Cobija,C5,telefono,basse,acces_2035,2050,1.0,0.9375416167265948
Pando,Nicolás Suárez,Cobija,C5,computadora,basse,acces_2035,2050,1.0,0.4310161139965375
Pando,Nicolás Suárez,Cobija,C5,internet,basse,acces_2035,2050,1.0,0.6279549843510688
Pando,Nicolás Suárez,Porvenir,C4,refrigerador,basse,acces_2035,2024,0.9044843049327356,0.5114244044725328
Pando,Nicolás Suárez,Porvenir,C4,microondas,basse,acces_2035,2024,0.9044843049327356,0.0661157024793388
Pando,Nicolás Suárez,Porvenir,C4,calefon,basse,acces_2035,2024,0.9044843049327356,0.0364608653378706
Pando,Nicolás Suárez,Porvenir,C4,aire_acondicionado,basse,acces_2035,2024,0.9044843049327356,0.0641711229946524
Pando,Nicolás Suárez,Porvenir,C4,lavadora,basse,acces_2035,2024,0.9044843049327356,0.4239183276616431
Pando,Nicolás Suárez,Porvenir,C4,radio,basse,acces_2035,2024,0.9044843049327356,0.5822784810126582
Pando,Nicolás Suárez,Porvenir,C4,television,basse,acces_2035,2024,0.9044843049327356,0.674135411592791
Pando,Nicolás Suárez,Porvenir,C4,telefono,basse,acces_2035,2024,0.9044843049327356,0.8362573099415205
Pando,Nicolás Suárez,Porvenir,C4,computadora,basse,acces_2035,2024,0.9044843049327356,0.1972722844617633
Pando,Nicolás Suárez,Porvenir,C4,internet,basse,acces_2035,2024,0.9044843049327356,0.2664393570384802
Pando,Nicolás Suárez,Porvenir,C4,refrigerador,basse,acces_2035,2035,1.0,0.5114244044725328
Pando,Nicolás Suárez,Porvenir,C4,microondas,basse,acces_2035,2035,1.0,0.0661157024793388
Pando,Nicolás Suárez,Porvenir,C4,calefon,basse,acces_2035,2035,1.0,0.0364608653378706
Pando,Nicolás Suárez,Porvenir,C4,aire_acondicionado,basse,acces_2035,2035,1.0,0.0641711229946524
Pando,Nicolás Suárez,Porvenir,C4,lavadora,basse,acces_2035,2035,1.0,0.4239183276616431
Pando,Nicolás Suárez,Porvenir,C4,radio,basse,acces_2035,2035,1.0,0.5822784810126582
Pando,Nicolás Suárez,Porvenir,C4,television,basse,acces_2035,2035,1.0,0.674135411592791
Pando,Nicolás Suárez,Porvenir,C4,telefono,basse,acces_2035,2035,1.0,0.8362573099415205
Pando,Nicolás Suárez,Porvenir,C4,computadora,basse,acces_2035,2035,1.0,0.1972722844617633
Pando,Nicolás Suárez,Porvenir,C4,internet,basse,acces_2035,2035,1.0,0.2664393570384802
Pando,Nicolás Suárez,Porvenir,C4,refrigerador,basse,acces_2035,2050,1.0,0.5114244044725328
Pando,Nicolás Suárez,Porvenir,C4,microondas,basse,acces_2035,2050,1.0,0.0661157024793388
Pando,Nicolás Suárez,Porvenir,C4,calefon,basse,acces_2035,2050,1.0,0.0364608653378706
Pando,Nicolás Suárez,Porvenir,C4,aire_acondicionado,basse,acces_2035,2050,1.0,0.0641711229946524
Pando,Nicolás Suárez,Porvenir,C4,lavadora,basse,acces_2035,2050,1.0,0.4239183276616431
Pando,Nicolás Suárez,Porvenir,C4,radio,basse,acces_2035,2050,1.0,0.5822784810126582
Pando,Nicolás Suárez,Porvenir,C4,television,basse,acces_2035,2050,1.0,0.674135411592791
Pando,Nicolás Suárez,Porvenir,C4,telefono,basse,acces_2035,2050,1.0,0.8362573099415205
Pando,Nicolás Suárez,Porvenir,C4,computadora,basse,acces_2035,2050,1.0,0.1972722844617633
Pando,Nicolás Suárez,Porvenir,C4,internet,basse,acces_2035,2050,1.0,0.2664393570384802
Pando,Nicolás Suárez,Bolpebra,C2,refrigerador,basse,acces_2035,2024,0.6845386533665836,0.1387434554973822
Pando,Nicolás Suárez,Bolpebra,C2,microondas,basse,acces_2035,2024,0.6845386533665836,0.0091623036649214
Pando,Nicolás Suárez,Bolpebra,C2,calefon,basse,acces_2035,2024,0.6845386533665836,0.0431937172774869
Pando,Nicolás Suárez,Bolpebra,C2,aire_acondicionado,basse,acces_2035,2024,0.6845386533665836,0.0039267015706806
Pando,Nicolás Suárez,Bolpebra,C2,lavadora,basse,acces_2035,2024,0.6845386533665836,0.0746073298429319
Pando,Nicolás Suárez,Bolpebra,C2,radio,basse,acces_2035,2024,0.6845386533665836,0.4588235294117647
Pando,Nicolás Suárez,Bolpebra,C2,television,basse,acces_2035,2024,0.6845386533665836,0.2840314136125654
Pando,Nicolás Suárez,Bolpebra,C2,telefono,basse,acces_2035,2024,0.6845386533665836,0.8416230366492147
Pando,Nicolás Suárez,Bolpebra,C2,computadora,basse,acces_2035,2024,0.6845386533665836,0.0667539267015706
Pando,Nicolás Suárez,Bolpebra,C2,internet,basse,acces_2035,2024,0.6845386533665836,0.0196335078534031
Pando,Nicolás Suárez,Bolpebra,C2,refrigerador,basse,acces_2035,2035,1.0,0.1387434554973822
Pando,Nicolás Suárez,Bolpebra,C2,microondas,basse,acces_2035,2035,1.0,0.0091623036649214
Pando,Nicolás Suárez,Bolpebra,C2,calefon,basse,acces_2035,2035,1.0,0.0431937172774869
Pando,Nicolás Suárez,Bolpebra,C2,aire_acondicionado,basse,acces_2035,2035,1.0,0.0039267015706806
Pando,Nicolás Suárez,Bolpebra,C2,lavadora,basse,acces_2035,2035,1.0,0.0746073298429319
Pando,Nicolás Suárez,Bolpebra,C2,radio,basse,acces_2035,2035,1.0,0.4588235294117647
Pando,Nicolás Suárez,Bolpebra,C2,television,basse,acces_2035,2035,1.0,0.2840314136125654
Pando,Nicolás Suárez,Bolpebra,C2,telefono,basse,acces_2035,2035,1.0,0.8416230366492147
Pando,Nicolás Suárez,Bolpebra,C2,computadora,basse,acces_2035,2035,1.0,0.0667539267015706
Pando,Nicolás Suárez,Bolpebra,C2,internet,basse,acces_2035,2035,1.0,0.0196335078534031
Pando,Nicolás Suárez,Bolpebra,C2,refrigerador,basse,acces_2035,2050,1.0,0.1387434554973822
Pando,Nicolás Suárez,Bolpebra,C2,microondas,basse,acces_2035,2050,1.0,0.0091623036649214
Pando,Nicolás Suárez,Bolpebra,C2,calefon,basse,acces_2035,2050,1.0,0.0431937172774869
Pando,Nicolás Suárez,Bolpebra,C2,aire_acondicionado,basse,acces_2035,2050,1.0,0.0039267015706806
Pando,Nicolás Suárez,Bolpebra,C2,lavadora,basse,acces_2035,2050,1.0,0.0746073298429319
Pando,Nicolás Suárez,Bolpebra,C2,radio,basse,acces_2035,2050,1.0,0.4588235294117647
Pando,Nicolás Suárez,Bolpebra,C2,television,basse,acces_2035,2050,1.0,0.2840314136125654
Pando,Nicolás Suárez,Bolpebra,C2,telefono,basse,acces_2035,2050,1.0,0.8416230366492147
Pando,Nicolás Suárez,Bolpebra,C2,computadora,basse,acces_2035,2050,1.0,0.0667539267015706
Pando,Nicolás Suárez,Bolpebra,C2,internet,basse,acces_2035,2050,1.0,0.0196335078534031
Pando,Nicolás Suárez,Bella Flor,C4,refrigerador,basse,acces_2035,2024,0.7157894736842105,0.3147208121827411
Pando,Nicolás Suárez,Bella Flor,C4,microondas,basse,acces_2035,2024,0.7157894736842105,0.032994923857868
Pando,Nicolás Suárez,Bella Flor,C4,calefon,basse,acces_2035,2024,0.7157894736842105,0.0143824027072758
Pando,Nicolás Suárez,Bella Flor,C4,aire_acondicionado,basse,acces_2035,2024,0.7157894736842105,0.0177664974619289
Pando,Nicolás Suárez,Bella Flor,C4,lavadora,basse,acces_2035,2024,0.7157894736842105,0.2030456852791878
Pando,Nicolás Suárez,Bella Flor,C4,radio,basse,acces_2035,2024,0.7157894736842105,0.4966101694915254
Pando,Nicolás Suárez,Bella Flor,C4,television,basse,acces_2035,2024,0.7157894736842105,0.3974576271186441
Pando,Nicolás Suárez,Bella Flor,C4,telefono,basse,acces_2035,2024,0.7157894736842105,0.8264182895850973
Pando,Nicolás Suárez,Bella Flor,C4,computadora,basse,acces_2035,2024,0.7157894736842105,0.1203389830508474
Pando,Nicolás Suárez,Bella Flor,C4,internet,basse,acces_2035,2024,0.7157894736842105,0.1
Pando,Nicolás Suárez,Bella Flor,C4,refrigerador,basse,acces_2035,2035,1.0,0.3147208121827411
Pando,Nicolás Suárez,Bella Flor,C4,microondas,basse,acces_2035,2035,1.0,0.032994923857868
Pando,Nicolás Suárez,Bella Flor,C4,calefon,basse,acces_2035,2035,1.0,0.0143824027072758
Pando,Nicolás Suárez,Bella Flor,C4,aire_acondicionado,basse,acces_2035,2035,1.0,0.0177664974619289
Pando,Nicolás Suárez,Bella Flor,C4,lavadora,basse,acces_2035,2035,1.0,0.2030456852791878
Pando,Nicolás Suárez,Bella Flor,C4,radio,basse,acces_2035,2035,1.0,0.4966101694915254
Pando,Nicolás Suárez,Bella Flor,C4,television,basse,acces_2035,2035,1.0,0.3974576271186441
Pando,Nicolás Suárez,Bella Flor,C4,telefono,basse,acces_2035,2035,1.0,0.8264182895850973
Pando,Nicolás Suárez,Bella Flor,C4,computadora,basse,acces_2035,2035,1.0,0.1203389830508474
Pando,Nicolás Suárez,Bella Flor,C4,internet,basse,acces_2035,2035,1.0,0.1
Pando,Nicolás Suárez,Bella Flor,C4,refrigerador,basse,acces_2035,2050,1.0,0.3147208121827411
Pando,Nicolás Suárez,Bella Flor,C4,microondas,basse,acces_2035,2050,1.0,0.032994923857868
Pando,Nicolás Suárez,Bella Flor,C4,calefon,basse,acces_2035,2050,1.0,0.0143824027072758
Pando,Nicolás Suárez,Bella Flor,C4,aire_acondicionado,basse,acces_2035,2050,1.0,0.0177664974619289
Pando,Nicolás Suárez,Bella Flor,C4,lavadora,basse,acces_2035,2050,1.0,0.2030456852791878
Pando,Nicolás Suárez,Bella Flor,C4,radio,basse,acces_2035,2050,1.0,0.4966101694915254
Pando,Nicolás Suárez,Bella Flor,C4,television,basse,acces_2035,2050,1.0,0.3974576271186441
Pando,Nicolás Suárez,Bella Flor,C4,telefono,basse,acces_2035,2050,1.0,0.8264182895850973
Pando,Nicolás Suárez,Bella Flor,C4,computadora,basse,acces_2035,2050,1.0,0.1203389830508474
Pando,Nicolás Suárez,Bella Flor,C4,internet,basse,acces_2035,2050,1.0,0.1
Pando,Manuripi,Puerto Rico,C4,refrigerador,basse,acces_2035,2024,0.8366013071895425,0.4104320337197049
Pando,Manuripi,Puerto Rico,C4,microondas,basse,acces_2035,2024,0.8366013071895425,0.0258030542390731
Pando,Manuripi,Puerto Rico,C4,calefon,basse,acces_2035,2024,0.8366013071895425,0.020010531858873
Pando,Manuripi,Puerto Rico,C4,aire_acondicionado,basse,acces_2035,2024,0.8366013071895425,0.0279094260136914
Pando,Manuripi,Puerto Rico,C4,lavadora,basse,acces_2035,2024,0.8366013071895425,0.1748288572933122
Pando,Manuripi,Puerto Rico,C4,radio,basse,acces_2035,2024,0.8366013071895425,0.3923117430226435
Pando,Manuripi,Puerto Rico,C4,television,basse,acces_2035,2024,0.8366013071895425,0.4507635597682991
Pando,Manuripi,Puerto Rico,C4,telefono,basse,acces_2035,2024,0.8366013071895425,0.8680336487907466
Pando,Manuripi,Puerto Rico,C4,computadora,basse,acces_2035,2024,0.8366013071895425,0.2726315789473684
Pando,Manuripi,Puerto Rico,C4,internet,basse,acces_2035,2024,0.8366013071895425,0.1748288572933122
Pando,Manuripi,Puerto Rico,C4,refrigerador,basse,acces_2035,2035,1.0,0.4104320337197049
Pando,Manuripi,Puerto Rico,C4,microondas,basse,acces_2035,2035,1.0,0.0258030542390731
Pando,Manuripi,Puerto Rico,C4,calefon,basse,acces_2035,2035,1.0,0.020010531858873
Pando,Manuripi,Puerto Rico,C4,aire_acondicionado,basse,acces_2035,2035,1.0,0.0279094260136914
Pando,Manuripi,Puerto Rico,C4,lavadora,basse,acces_2035,2035,1.0,0.1748288572933122
Pando,Manuripi,Puerto Rico,C4,radio,basse,acces_2035,2035,1.0,0.3923117430226435
Pando,Manuripi,Puerto Rico,C4,television,basse,acces_2035,2035,1.0,0.4507635597682991
Pando,Manuripi,Puerto Rico,C4,telefono,basse,acces_2035,2035,1.0,0.8680336487907466
Pando,Manuripi,Puerto Rico,C4,computadora,basse,acces_2035,2035,1.0,0.2726315789473684
Pando,Manuripi,Puerto Rico,C4,internet,basse,acces_2035,2035,1.0,0.1748288572933122
Pando,Manuripi,Puerto Rico,C4,refrigerador,basse,acces_2035,2050,1.0,0.4104320337197049
Pando,Manuripi,Puerto Rico,C4,microondas,basse,acces_2035,2050,1.0,0.0258030542390731
Pando,Manuripi,Puerto Rico,C4,calefon,basse,acces_2035,2050,1.0,0.020010531858873
Pando,Manuripi,Puerto Rico,C4,aire_acondicionado,basse,acces_2035,2050,1.0,0.0279094260136914
Pando,Manuripi,Puerto Rico,C4,lavadora,basse,acces_2035,2050,1.0,0.1748288572933122
Pando,Manuripi,Puerto Rico,C4,radio,basse,acces_2035,2050,1.0,0.3923117430226435
Pando,Manuripi,Puerto Rico,C4,television,basse,acces_2035,2050,1.0,0.4507635597682991
Pando,Manuripi,Puerto Rico,C4,telefono,basse,acces_2035,2050,1.0,0.8680336487907466
Pando,Manuripi,Puerto Rico,C4,computadora,basse,acces_2035,2050,1.0,0.2726315789473684
Pando,Manuripi,Puerto Rico,C4,internet,basse,acces_2035,2050,1.0,0.1748288572933122
Pando,Manuripi,San Pedro,C4,refrigerador,basse,acces_2035,2024,0.3970588235294117,0.0
Pando,Manuripi,San Pedro,C4,microondas,basse,acces_2035,2024,0.3970588235294117,0.0
Pando,Manuripi,San Pedro,C4,calefon,basse,acces_2035,2024,0.3970588235294117,0.0035523978685612
Pando,Manuripi,San Pedro,C4,aire_acondicionado,basse,acces_2035,2024,0.3970588235294117,0.0
Pando,Manuripi,San Pedro,C4,lavadora,basse,acces_2035,2024,0.3970588235294117,0.0
Pando,Manuripi,San Pedro,C4,radio,basse,acces_2035,2024,0.3970588235294117,0.6702127659574468
Pando,Manuripi,San Pedro,C4,television,basse,acces_2035,2024,0.3970588235294117,0.1719858156028368
Pando,Manuripi,San Pedro,C4,telefono,basse,acces_2035,2024,0.3970588235294117,0.6453900709219859
Pando,Manuripi,San Pedro,C4,computadora,basse,acces_2035,2024,0.3970588235294117,0.0479573712255772
Pando,Manuripi,San Pedro,C4,internet,basse,acces_2035,2024,0.3970588235294117,0.0035523978685612
Pando,Manuripi,San Pedro,C4,refrigerador,basse,acces_2035,2035,1.0,0.0
Pando,Manuripi,San Pedro,C4,microondas,basse,acces_2035,2035,1.0,0.0
Pando,Manuripi,San Pedro,C4,calefon,basse,acces_2035,2035,1.0,0.0035523978685612
Pando,Manuripi,San Pedro,C4,aire_acondicionado,basse,acces_2035,2035,1.0,0.0
Pando,Manuripi,San Pedro,C4,lavadora,basse,acces_2035,2035,1.0,0.0
Pando,Manuripi,San Pedro,C4,radio,basse,acces_2035,2035,1.0,0.6702127659574468
Pando,Manuripi,San Pedro,C4,television,basse,acces_2035,2035,1.0,0.1719858156028368
Pando,Manuripi,San Pedro,C4,telefono,basse,acces_2035,2035,1.0,0.6453900709219859
Pando,Manuripi,San Pedro,C4,computadora,basse,acces_2035,2035,1.0,0.0479573712255772
Pando,Manuripi,San Pedro,C4,internet,basse,acces_2035,2035,1.0,0.0035523978685612
Pando,Manuripi,San Pedro,C4,refrigerador,basse,acces_2035,2050,1.0,0.0
Pando,Manuripi,San Pedro,C4,microondas,basse,acces_2035,2050,1.0,0.0
Pando,Manuripi,San Pedro,C4,calefon,basse,acces_2035,2050,1.0,0.0035523978685612
Pando,Manuripi,San Pedro,C4,aire_acondicionado,basse,acces_2035,2050,1.0,0.0
Pando,Manuripi,San Pedro,C4,lavadora,basse,acces_2035,2050,1.0,0.0
Pando,Manuripi,San Pedro,C4,radio,basse,acces_2035,2050,1.0,0.6702127659574468
Pando,Manuripi,San Pedro,C4,television,basse,acces_2035,2050,1.0,0.1719858156028368
Pando,Manuripi,San Pedro,C4,telefono,basse,acces_2035,2050,1.0,0.6453900709219859
Pando,Manuripi,San Pedro,C4,computadora,basse,acces_2035,2050,1.0,0.0479573712255772
Pando,Manuripi,San Pedro,C4,internet,basse,acces_2035,2050,1.0,0.0035523978685612
Pando,Manuripi,Filadelfia,C4,refrigerador,basse,acces_2035,2024,0.7637231503579952,0.2855366763365106
Pando,Manuripi,Filadelfia,C4,microondas,basse,acces_2035,2024,0.7637231503579952,0.0198922503108164
Pando,Manuripi,Filadelfia,C4,calefon,basse,acces_2035,2024,0.7637231503579952,0.019485903814262
Pando,Manuripi,Filadelfia,C4,aire_acondicionado,basse,acces_2035,2024,0.7637231503579952,0.0078740157480314
Pando,Manuripi,Filadelfia,C4,lavadora,basse,acces_2035,2024,0.7637231503579952,0.1209610604805302
Pando,Manuripi,Filadelfia,C4,radio,basse,acces_2035,2024,0.7637231503579952,0.3974305843348529
Pando,Manuripi,Filadelfia,C4,television,basse,acces_2035,2024,0.7637231503579952,0.4101077050538525
Pando,Manuripi,Filadelfia,C4,telefono,basse,acces_2035,2024,0.7637231503579952,0.8475559237779619
Pando,Manuripi,Filadelfia,C4,computadora,basse,acces_2035,2024,0.7637231503579952,0.0981772990886495
Pando,Manuripi,Filadelfia,C4,internet,basse,acces_2035,2024,0.7637231503579952,0.0376967688483844
Pando,Manuripi,Filadelfia,C4,refrigerador,basse,acces_2035,2035,1.0,0.2855366763365106
Pando,Manuripi,Filadelfia,C4,microondas,basse,acces_2035,2035,1.0,0.0198922503108164
Pando,Manuripi,Filadelfia,C4,calefon,basse,acces_2035,2035,1.0,0.019485903814262
Pando,Manuripi,Filadelfia,C4,aire_acondicionado,basse,acces_2035,2035,1.0,0.0078740157480314
Pando,Manuripi,Filadelfia,C4,lavadora,basse,acces_2035,2035,1.0,0.1209610604805302
Pando,Manuripi,Filadelfia,C4,radio,basse,acces_2035,2035,1.0,0.3974305843348529
Pando,Manuripi,Filadelfia,C4,television,basse,acces_2035,2035,1.0,0.4101077050538525
Pando,Manuripi,Filadelfia,C4,telefono,basse,acces_2035,2035,1.0,0.8475559237779619
Pando,Manuripi,Filadelfia,C4,computadora,basse,acces_2035,2035,1.0,0.0981772990886495
Pando,Manuripi,Filadelfia,C4,internet,basse,acces_2035,2035,1.0,0.0376967688483844
Pando,Manuripi,Filadelfia,C4,refrigerador,basse,acces_2035,2050,1.0,0.2855366763365106
Pando,Manuripi,Filadelfia,C4,microondas,basse,acces_2035,2050,1.0,0.0198922503108164
Pando,Manuripi,Filadelfia,C4,calefon,basse,acces_2035,2050,1.0,0.019485903814262
Pando,Manuripi,Filadelfia,C4,aire_acondicionado,basse,acces_2035,2050,1.0,0.0078740157480314
Pando,Manuripi,Filadelfia,C4,lavadora,basse,acces_2035,2050,1.0,0.1209610604805302
Pando,Manuripi,Filadelfia,C4,radio,basse,acces_2035,2050,1.0,0.3974305843348529
Pando,Manuripi,Filadelfia,C4,television,basse,acces_2035,2050,1.0,0.4101077050538525
Pando,Manuripi,Filadelfia,C4,telefono,basse,acces_2035,2050,1.0,0.8475559237779619
Pando,Manuripi,Filadelfia,C4,computadora,basse,acces_2035,2050,1.0,0.0981772990886495
Pando,Manuripi,Filadelfia,C4,internet,basse,acces_2035,2050,1.0,0.0376967688483844
Pando,Madre de Dios,Puerto Gonzalo Moreno,C3,refrigerador,basse,acces_2035,2024,0.8229007633587786,0.2776859504132231
Pando,Madre de Dios,Puerto Gonzalo Moreno,C3,microondas,basse,acces_2035,2024,0.8229007633587786,0.0198347107438016
Pando,Madre de Dios,Puerto Gonzalo Moreno,C3,calefon,basse,acces_2035,2024,0.8229007633587786,0.015426997245179
Pando,Madre de Dios,Puerto Gonzalo Moreno,C3,aire_acondicionado,basse,acces_2035,2024,0.8229007633587786,0.009366391184573
Pando,Madre de Dios,Puerto Gonzalo Moreno,C3,lavadora,basse,acces_2035,2024,0.8229007633587786,0.0568119139547711
Pando,Madre de Dios,Puerto Gonzalo Moreno,C3,radio,basse,acces_2035,2024,0.8229007633587786,0.521763085399449
Pando,Madre de Dios,Puerto Gonzalo Moreno,C3,television,basse,acces_2035,2024,0.8229007633587786,0.4754820936639118
Pando,Madre de Dios,Puerto Gonzalo Moreno,C3,telefono,basse,acces_2035,2024,0.8229007633587786,0.74696802646086
Pando,Madre de Dios,Puerto Gonzalo Moreno,C3,computadora,basse,acces_2035,2024,0.8229007633587786,0.1063360881542699
Pando,Madre de Dios,Puerto Gonzalo Moreno,C3,internet,basse,acces_2035,2024,0.8229007633587786,0.0297684674751929
Pando,Madre de Dios,Puerto Gonzalo Moreno,C3,refrigerador,basse,acces_2035,2035,1.0,0.2776859504132231
Pando,Madre de Dios,Puerto Gonzalo Moreno,C3,microondas,basse,acces_2035,2035,1.0,0.0198347107438016
Pando,Madre de Dios,Puerto Gonzalo Moreno,C3,calefon,basse,acces_2035,2035,1.0,0.015426997245179
Pando,Madre de Dios,Puerto Gonzalo Moreno,C3,aire_acondicionado,basse,acces_2035,2035,1.0,0.009366391184573
Pando,Madre de Dios,Puerto Gonzalo Moreno,C3,lavadora,basse,acces_2035,2035,1.0,0.0568119139547711
Pando,Madre de Dios,Puerto Gonzalo Moreno,C3,radio,basse,acces_2035,2035,1.0,0.521763085399449
Pando,Madre de Dios,Puerto Gonzalo Moreno,C3,television,basse,acces_2035,2035,1.0,0.4754820936639118
Pando,Madre de Dios,Puerto Gonzalo Moreno,C3,telefono,basse,acces_2035,2035,1.0,0.74696802646086
Pando,Madre de Dios,Puerto Gonzalo Moreno,C3,computadora,basse,acces_2035,2035,1.0,0.1063360881542699
Pando,Madre de Dios,Puerto Gonzalo Moreno,C3,internet,basse,acces_2035,2035,1.0,0.0297684674751929
Pando,Madre de Dios,Puerto Gonzalo Moreno,C3,refrigerador,basse,acces_2035,2050,1.0,0.2776859504132231
Pando,Madre de Dios,Puerto Gonzalo Moreno,C3,microondas,basse,acces_2035,2050,1.0,0.0198347107438016
Pando,Madre de Dios,Puerto Gonzalo Moreno,C3,calefon,basse,acces_2035,2050,1.0,0.015426997245179
Pando,Madre de Dios,Puerto Gonzalo Moreno,C3,aire_acondicionado,basse,acces_2035,2050,1.0,0.009366391184573
Pando,Madre de Dios,Puerto Gonzalo Moreno,C3,lavadora,basse,acces_2035,2050,1.0,0.0568119139547711
Pando,Madre de Dios,Puerto Gonzalo Moreno,C3,radio,basse,acces_2035,2050,1.0,0.521763085399449
Pando,Madre de Dios,Puerto Gonzalo Moreno,C3,television,basse,acces_2035,2050,1.0,0.4754820936639118
Pando,Madre de Dios,Puerto Gonzalo Moreno,C3,telefono,basse,acces_2035,2050,1.0,0.74696802646086
Pando,Madre de Dios,Puerto Gonzalo Moreno,C3,computadora,basse,acces_2035,2050,1.0,0.1063360881542699
Pando,Madre de Dios,Puerto Gonzalo Moreno,C3,internet,basse,acces_2035,2050,1.0,0.0297684674751929
Pando,Madre de Dios,San Lorenzo,C4,refrigerador,basse,acces_2035,2024,0.8367567567567568,0.2832469775474956
Pando,Madre de Dios,San Lorenzo,C4,microondas,basse,acces_2035,2024,0.8367567567567568,0.0115074798619102
Pando,Madre de Dios,San Lorenzo,C4,calefon,basse,acces_2035,2024,0.8367567567567568,0.0097813578826237
Pando,Madre de Dios,San Lorenzo,C4,aire_acondicionado,basse,acces_2035,2024,0.8367567567567568,0.0086306098964326
Pando,Madre de Dios,San Lorenzo,C4,lavadora,basse,acces_2035,2024,0.8367567567567568,0.0909090909090909
Pando,Madre de Dios,San Lorenzo,C4,radio,basse,acces_2035,2024,0.8367567567567568,0.3906789413118527
Pando,Madre de Dios,San Lorenzo,C4,television,basse,acces_2035,2024,0.8367567567567568,0.4490500863557858
Pando,Madre de Dios,San Lorenzo,C4,telefono,basse,acces_2035,2024,0.8367567567567568,0.8301669545192861
Pando,Madre de Dios,San Lorenzo,C4,computadora,basse,acces_2035,2024,0.8367567567567568,0.1013241220495106
Pando,Madre de Dios,San Lorenzo,C4,internet,basse,acces_2035,2024,0.8367567567567568,0.0558434081750143
Pando,Madre de Dios,San Lorenzo,C4,refrigerador,basse,acces_2035,2035,1.0,0.2832469775474956
Pando,Madre de Dios,San Lorenzo,C4,microondas,basse,acces_2035,2035,1.0,0.0115074798619102
Pando,Madre de Dios,San Lorenzo,C4,calefon,basse,acces_2035,2035,1.0,0.0097813578826237
Pando,Madre de Dios,San Lorenzo,C4,aire_acondicionado,basse,acces_2035,2035,1.0,0.0086306098964326
Pando,Madre de Dios,San Lorenzo,C4,lavadora,basse,acces_2035,2035,1.0,0.0909090909090909
Pando,Madre de Dios,San Lorenzo,C4,radio,basse,acces_2035,2035,1.0,0.3906789413118527
Pando,Madre de Dios,San Lorenzo,C4,television,basse,acces_2035,2035,1.0,0.4490500863557858
Pando,Madre de Dios,San Lorenzo,C4,telefono,basse,acces_2035,2035,1.0,0.8301669545192861
Pando,Madre de Dios,San Lorenzo,C4,computadora,basse,acces_2035,2035,1.0,0.1013241220495106
Pando,Madre de Dios,San Lorenzo,C4,internet,basse,acces_2035,2035,1.0,0.0558434081750143
Pando,Madre de Dios,San Lorenzo,C4,refrigerador,basse,acces_2035,2050,1.0,0.2832469775474956
Pando,Madre de Dios,San Lorenzo,C4,microondas,basse,acces_2035,2050,1.0,0.0115074798619102
Pando,Madre de Dios,San Lorenzo,C4,calefon,basse,acces_2035,2050,1.0,0.0097813578826237
Pando,Madre de Dios,San Lorenzo,C4,aire_acondicionado,basse,acces_2035,2050,1.0,0.0086306098964326
Pando,Madre de Dios,San Lorenzo,C4,lavadora,basse,acces_2035,2050,1.0,0.0909090909090909
Pando,Madre de Dios,San Lorenzo,C4,radio,basse,acces_2035,2050,1.0,0.3906789413118527
Pando,Madre de Dios,San Lorenzo,C4,television,basse,acces_2035,2050,1.0,0.4490500863557858
Pando,Madre de Dios,San Lorenzo,C4,telefono,basse,acces_2035,2050,1.0,0.8301669545192861
Pando,Madre de Dios,San Lorenzo,C4,computadora,basse,acces_2035,2050,1.0,0.1013241220495106
Pando,Madre de Dios,San Lorenzo,C4,internet,basse,acces_2035,2050,1.0,0.0558434081750143
Pando,Madre de Dios,Sena,C4,refrigerador,basse,acces_2035,2024,0.6267826086956522,0.214075165806927
Pando,Madre de Dios,Sena,C4,microondas,basse,acces_2035,2024,0.6267826086956522,0.0143699336772291
Pando,Madre de Dios,Sena,C4,calefon,basse,acces_2035,2024,0.6267826086956522,0.0132645541635961
Pando,Madre de Dios,Sena,C4,aire_acondicionado,basse,acces_2035,2024,0.6267826086956522,0.0162182086251382
Pando,Madre de Dios,Sena,C4,lavadora,basse,acces_2035,2024,0.6267826086956522,0.0762992996682639
Pando,Madre de Dios,Sena,C4,radio,basse,acces_2035,2024,0.6267826086956522,0.3550644567219153
Pando,Madre de Dios,Sena,C4,television,basse,acces_2035,2024,0.6267826086956522,0.3667526723184666
Pando,Madre de Dios,Sena,C4,telefono,basse,acces_2035,2024,0.6267826086956522,0.7874769797421731
Pando,Madre de Dios,Sena,C4,computadora,basse,acces_2035,2024,0.6267826086956522,0.1046425939572586
Pando,Madre de Dios,Sena,C4,internet,basse,acces_2035,2024,0.6267826086956522,0.1201179071481208
Pando,Madre de Dios,Sena,C4,refrigerador,basse,acces_2035,2035,1.0,0.214075165806927
Pando,Madre de Dios,Sena,C4,microondas,basse,acces_2035,2035,1.0,0.0143699336772291
Pando,Madre de Dios,Sena,C4,calefon,basse,acces_2035,2035,1.0,0.0132645541635961
Pando,Madre de Dios,Sena,C4,aire_acondicionado,basse,acces_2035,2035,1.0,0.0162182086251382
Pando,Madre de Dios,Sena,C4,lavadora,basse,acces_2035,2035,1.0,0.0762992996682639
Pando,Madre de Dios,Sena,C4,radio,basse,acces_2035,2035,1.0,0.3550644567219153
Pando,Madre de Dios,Sena,C4,television,basse,acces_2035,2035,1.0,0.3667526723184666
Pando,Madre de Dios,Sena,C4,telefono,basse,acces_2035,2035,1.0,0.7874769797421731
Pando,Madre de Dios,Sena,C4,computadora,basse,acces_2035,2035,1.0,0.1046425939572586
Pando,Madre de Dios,Sena,C4,internet,basse,acces_2035,2035,1.0,0.1201179071481208
Pando,Madre de Dios,Sena,C4,refrigerador,basse,acces_2035,2050,1.0,0.214075165806927
Pando,Madre de Dios,Sena,C4,microondas,basse,acces_2035,2050,1.0,0.0143699336772291
Pando,Madre de Dios,Sena,C4,calefon,basse,acces_2035,2050,1.0,0.0132645541635961
Pando,Madre de Dios,Sena,C4,aire_acondicionado,basse,acces_2035,2050,1.0,0.0162182086251382
Pando,Madre de Dios,Sena,C4,lavadora,basse,acces_2035,2050,1.0,0.0762992996682639
Pando,Madre de Dios,Sena,C4,radio,basse,acces_2035,2050,1.0,0.3550644567219153
Pando,Madre de Dios,Sena,C4,television,basse,acces_2035,2050,1.0,0.3667526723184666
Pando,Madre de Dios,Sena,C4,telefono,basse,acces_2035,2050,1.0,0.7874769797421731
Pando,Madre de Dios,Sena,C4,computadora,basse,acces_2035,2050,1.0,0.1046425939572586
Pando,Madre de Dios,Sena,C4,internet,basse,acces_2035,2050,1.0,0.1201179071481208
Pando,Abuná,Santa Rosa,C4,refrigerador,basse,acces_2035,2024,0.8267441860465117,0.3933823529411764
Pando,Abuná,Santa Rosa,C4,microondas,basse,acces_2035,2024,0.8267441860465117,0.0183823529411764
Pando,Abuná,Santa Rosa,C4,calefon,basse,acces_2035,2024,0.8267441860465117,0.0208333333333333
Pando,Abuná,Santa Rosa,C4,aire_acondicionado,basse,acces_2035,2024,0.8267441860465117,0.0098039215686274
Pando,Abuná,Santa Rosa,C4,lavadora,basse,acces_2035,2024,0.8267441860465117,0.1580882352941176
Pando,Abuná,Santa Rosa,C4,radio,basse,acces_2035,2024,0.8267441860465117,0.3644171779141104
Pando,Abuná,Santa Rosa,C4,television,basse,acces_2035,2024,0.8267441860465117,0.4392638036809816
Pando,Abuná,Santa Rosa,C4,telefono,basse,acces_2035,2024,0.8267441860465117,0.8355828220858895
Pando,Abuná,Santa Rosa,C4,computadora,basse,acces_2035,2024,0.8267441860465117,0.1482843137254902
Pando,Abuná,Santa Rosa,C4,internet,basse,acces_2035,2024,0.8267441860465117,0.0429447852760736
Pando,Abuná,Santa Rosa,C4,refrigerador,basse,acces_2035,2035,1.0,0.3933823529411764
Pando,Abuná,Santa Rosa,C4,microondas,basse,acces_2035,2035,1.0,0.0183823529411764
Pando,Abuná,Santa Rosa,C4,calefon,basse,acces_2035,2035,1.0,0.0208333333333333
Pando,Abuná,Santa Rosa,C4,aire_acondicionado,basse,acces_2035,2035,1.0,0.0098039215686274
Pando,Abuná,Santa Rosa,C4,lavadora,basse,acces_2035,2035,1.0,0.1580882352941176
Pando,Abuná,Santa Rosa,C4,radio,basse,acces_2035,2035,1.0,0.3644171779141104
Pando,Abuná,Santa Rosa,C4,television,basse,acces_2035,2035,1.0,0.4392638036809816
Pando,Abuná,Santa Rosa,C4,telefono,basse,acces_2035,2035,1.0,0.8355828220858895
Pando,Abuná,Santa Rosa,C4,computadora,basse,acces_2035,2035,1.0,0.1482843137254902
Pando,Abuná,Santa Rosa,C4,internet,basse,acces_2035,2035,1.0,0.0429447852760736
Pando,Abuná,Santa Rosa,C4,refrigerador,basse,acces_2035,2050,1.0,0.3933823529411764
Pando,Abuná,Santa Rosa,C4,microondas,basse,acces_2035,2050,1.0,0.0183823529411764
Pando,Abuná,Santa Rosa,C4,calefon,basse,acces_2035,2050,1.0,0.0208333333333333
Pando,Abuná,Santa Rosa,C4,aire_acondicionado,basse,acces_2035,2050,1.0,0.0098039215686274
Pando,Abuná,Santa Rosa,C4,lavadora,basse,acces_2035,2050,1.0,0.1580882352941176
Pando,Abuná,Santa Rosa,C4,radio,basse,acces_2035,2050,1.0,0.3644171779141104
Pando,Abuná,Santa Rosa,C4,television,basse,acces_2035,2050,1.0,0.4392638036809816
Pando,Abuná,Santa Rosa,C4,telefono,basse,acces_2035,2050,1.0,0.8355828220858895
Pando,Abuná,Santa Rosa,C4,computadora,basse,acces_2035,2050,1.0,0.1482843137254902
Pando,Abuná,Santa Rosa,C4,internet,basse,acces_2035,2050,1.0,0.0429447852760736
Pando,Abuná,Ingavi,C4,refrigerador,basse,acces_2035,2024,0.5978428351309707,0.0425531914893617
Pando,Abuná,Ingavi,C4,microondas,basse,acces_2035,2024,0.5978428351309707,0.0032733224222585
Pando,Abuná,Ingavi,C4,calefon,basse,acces_2035,2024,0.5978428351309707,0.0130932896890343
Pando,Abuná,Ingavi,C4,aire_acondicionado,basse,acces_2035,2024,0.5978428351309707,0.0
Pando,Abuná,Ingavi,C4,lavadora,basse,acces_2035,2024,0.5978428351309707,0.0098199672667757
Pando,Abuná,Ingavi,C4,radio,basse,acces_2035,2024,0.5978428351309707,0.4173486088379705
Pando,Abuná,Ingavi,C4,television,basse,acces_2035,2024,0.5978428351309707,0.2945990180032733
Pando,Abuná,Ingavi,C4,telefono,basse,acces_2035,2024,0.5978428351309707,0.7855973813420621
Pando,Abuná,Ingavi,C4,computadora,basse,acces_2035,2024,0.5978428351309707,0.0704918032786885
Pando,Abuná,Ingavi,C4,internet,basse,acces_2035,2024,0.5978428351309707,0.0344262295081967
Pando,Abuná,Ingavi,C4,refrigerador,basse,acces_2035,2035,1.0,0.0425531914893617
Pando,Abuná,Ingavi,C4,microondas,basse,acces_2035,2035,1.0,0.0032733224222585
Pando,Abuná,Ingavi,C4,calefon,basse,acces_2035,2035,1.0,0.0130932896890343
Pando,Abuná,Ingavi,C4,aire_acondicionado,basse,acces_2035,2035,1.0,0.0
Pando,Abuná,Ingavi,C4,lavadora,basse,acces_2035,2035,1.0,0.0098199672667757
Pando,Abuná,Ingavi,C4,radio,basse,acces_2035,2035,1.0,0.4173486088379705
Pando,Abuná,Ingavi,C4,television,basse,acces_2035,2035,1.0,0.2945990180032733
Pando,Abuná,Ingavi,C4,telefono,basse,acces_2035,2035,1.0,0.7855973813420621
Pando,Abuná,Ingavi,C4,computadora,basse,acces_2035,2035,1.0,0.0704918032786885
Pando,Abuná,Ingavi,C4,internet,basse,acces_2035,2035,1.0,0.0344262295081967
Pando,Abuná,Ingavi,C4,refrigerador,basse,acces_2035,2050,1.0,0.0425531914893617
Pando,Abuná,Ingavi,C4,microondas,basse,acces_2035,2050,1.0,0.0032733224222585
Pando,Abuná,Ingavi,C4,calefon,basse,acces_2035,2050,1.0,0.0130932896890343
Pando,Abuná,Ingavi,C4,aire_acondicionado,basse,acces_2035,2050,1.0,0.0
Pando,Abuná,Ingavi,C4,lavadora,basse,acces_2035,2050,1.0,0.0098199672667757
Pando,Abuná,Ingavi,C4,radio,basse,acces_2035,2050,1.0,0.4173486088379705
Pando,Abuná,Ingavi,C4,television,basse,acces_2035,2050,1.0,0.2945990180032733
Pando,Abuná,Ingavi,C4,telefono,basse,acces_2035,2050,1.0,0.7855973813420621
Pando,Abuná,Ingavi,C4,computadora,basse,acces_2035,2050,1.0,0.0704918032786885
Pando,Abuná,Ingavi,C4,internet,basse,acces_2035,2050,1.0,0.0344262295081967
Pando,Federico Román,Nueva Esperanza,C4,refrigerador,basse,acces_2035,2024,0.6912065439672802,0.038543897216274
Pando,Federico Román,Nueva Esperanza,C4,microondas,basse,acces_2035,2024,0.6912065439672802,0.0021459227467811
Pando,Federico Román,Nueva Esperanza,C4,calefon,basse,acces_2035,2024,0.6912065439672802,0.0064377682403433
Pando,Federico Román,Nueva Esperanza,C4,aire_acondicionado,basse,acces_2035,2024,0.6912065439672802,0.0
Pando,Federico Román,Nueva Esperanza,C4,lavadora,basse,acces_2035,2024,0.6912065439672802,0.0085836909871244
Pando,Federico Román,Nueva Esperanza,C4,radio,basse,acces_2035,2024,0.6912065439672802,0.3049040511727079
Pando,Federico Román,Nueva Esperanza,C4,television,basse,acces_2035,2024,0.6912065439672802,0.3867521367521367
Pando,Federico Román,Nueva Esperanza,C4,telefono,basse,acces_2035,2024,0.6912065439672802,0.7841880341880342
Pando,Federico Román,Nueva Esperanza,C4,computadora,basse,acces_2035,2024,0.6912065439672802,0.1047008547008547
Pando,Federico Román,Nueva Esperanza,C4,internet,basse,acces_2035,2024,0.6912065439672802,0.0405982905982906
Pando,Federico Román,Nueva Esperanza,C4,refrigerador,basse,acces_2035,2035,1.0,0.038543897216274
Pando,Federico Román,Nueva Esperanza,C4,microondas,basse,acces_2035,2035,1.0,0.0021459227467811
Pando,Federico Román,Nueva Esperanza,C4,calefon,basse,acces_2035,2035,1.0,0.0064377682403433
Pando,Federico Román,Nueva Esperanza,C4,aire_acondicionado,basse,acces_2035,2035,1.0,0.0
Pando,Federico Román,Nueva Esperanza,C4,lavadora,basse,acces_2035,2035,1.0,0.0085836909871244
Pando,Federico Román,Nueva Esperanza,C4,radio,basse,acces_2035,2035,1.0,0.3049040511727079
Pando,Federico Román,Nueva Esperanza,C4,television,basse,acces_2035,2035,1.0,0.3867521367521367
Pando,Federico Román,Nueva Esperanza,C4,telefono,basse,acces_2035,2035,1.0,0.7841880341880342
Pando,Federico Román,Nueva Esperanza,C4,computadora,basse,acces_2035,2035,1.0,0.1047008547008547
Pando,Federico Román,Nueva Esperanza,C4,internet,basse,acces_2035,2035,1.0,0.0405982905982906
Pando,Federico Román,Nueva Esperanza,C4,refrigerador,basse,acces_2035,2050,1.0,0.038543897216274
Pando,Federico Román,Nueva Esperanza,C4,microondas,basse,acces_2035,2050,1.0,0.0021459227467811
Pando,Federico Román,Nueva Esperanza,C4,calefon,basse,acces_2035,2050,1.0,0.0064377682403433
Pando,Federico Román,Nueva Esperanza,C4,aire_acondicionado,basse,acces_2035,2050,1.0,0.0
Pando,Federico Román,Nueva Esperanza,C4,lavadora,basse,acces_2035,2050,1.0,0.0085836909871244
Pando,Federico Román,Nueva Esperanza,C4,radio,basse,acces_2035,2050,1.0,0.3049040511727079
Pando,Federico Román,Nueva Esperanza,C4,television,basse,acces_2035,2050,1.0,0.3867521367521367
Pando,Federico Román,Nueva Esperanza,C4,telefono,basse,acces_2035,2050,1.0,0.7841880341880342
Pando,Federico Román,Nueva Esperanza,C4,computadora,basse,acces_2035,2050,1.0,0.1047008547008547
Pando,Federico Román,Nueva Esperanza,C4,internet,basse,acces_2035,2050,1.0,0.0405982905982906
Pando,Federico Román,Villa Nueva,C4,refrigerador,basse,acces_2035,2024,0.6991525423728814,0.1714285714285714
Pando,Federico Román,Villa Nueva,C4,microondas,basse,acces_2035,2024,0.6991525423728814,0.0063492063492063
Pando,Federico Román,Villa Nueva,C4,calefon,basse,acces_2035,2024,0.6991525423728814,0.0031746031746031
Pando,Federico Román,Villa Nueva,C4,aire_acondicionado,basse,acces_2035,2024,0.6991525423728814,0.0031746031746031
Pando,Federico Román,Villa Nueva,C4,lavadora,basse,acces_2035,2024,0.6991525423728814,0.0206349206349206
Pando,Federico Román,Villa Nueva,C4,radio,basse,acces_2035,2024,0.6991525423728814,0.3946117274167987
Pando,Federico Román,Villa Nueva,C4,television,basse,acces_2035,2024,0.6991525423728814,0.319047619047619
Pando,Federico Román,Villa Nueva,C4,telefono,basse,acces_2035,2024,0.6991525423728814,0.7429022082018928
Pando,Federico Román,Villa Nueva,C4,computadora,basse,acces_2035,2024,0.6991525423728814,0.0555555555555555
Pando,Federico Román,Villa Nueva,C4,internet,basse,acces_2035,2024,0.6991525423728814,0.0253968253968253
Pando,Federico Román,Villa Nueva,C4,refrigerador,basse,acces_2035,2035,1.0,0.1714285714285714
Pando,Federico Román,Villa Nueva,C4,microondas,basse,acces_2035,2035,1.0,0.0063492063492063
Pando,Federico Román,Villa Nueva,C4,calefon,basse,acces_2035,2035,1.0,0.0031746031746031
Pando,Federico Román,Villa Nueva,C4,aire_acondicionado,basse,acces_2035,2035,1.0,0.0031746031746031
Pando,Federico Román,Villa Nueva,C4,lavadora,basse,acces_2035,2035,1.0,0.0206349206349206
Pando,Federico Román,Villa Nueva,C4,radio,basse,acces_2035,2035,1.0,0.3946117274167987
Pando,Federico Román,Villa Nueva,C4,television,basse,acces_2035,2035,1.0,0.319047619047619
Pando,Federico Román,Villa Nueva,C4,telefono,basse,acces_2035,2035,1.0,0.7429022082018928
Pando,Federico Román,Villa Nueva,C4,computadora,basse,acces_2035,2035,1.0,0.0555555555555555
Pando,Federico Román,Villa Nueva,C4,internet,basse,acces_2035,2035,1.0,0.0253968253968253
Pando,Federico Román,Villa Nueva,C4,refrigerador,basse,acces_2035,2050,1.0,0.1714285714285714
Pando,Federico Román,Villa Nueva,C4,microondas,basse,acces_2035,2050,1.0,0.0063492063492063
Pando,Federico Román,Villa Nueva,C4,calefon,basse,acces_2035,2050,1.0,0.0031746031746031
Pando,Federico Román,Villa Nueva,C4,aire_acondicionado,basse,acces_2035,2050,1.0,0.0031746031746031
Pando,Federico Román,Villa Nueva,C4,lavadora,basse,acces_2035,2050,1.0,0.0206349206349206
Pando,Federico Román,Villa Nueva,C4,radio,basse,acces_2035,2050,1.0,0.3946117274167987
Pando,Federico Román,Villa Nueva,C4,television,basse,acces_2035,2050,1.0,0.319047619047619
Pando,Federico Román,Villa Nueva,C4,telefono,basse,acces_2035,2050,1.0,0.7429022082018928
Pando,Federico Román,Villa Nueva,C4,computadora,basse,acces_2035,2050,1.0,0.0555555555555555
Pando,Federico Román,Villa Nueva,C4,internet,basse,acces_2035,2050,1.0,0.0253968253968253
Pando,Federico Román,Santos Mercado,C4,refrigerador,basse,acces_2035,2024,0.653910149750416,0.1161048689138576
Pando,Federico Román,Santos Mercado,C4,microondas,basse,acces_2035,2024,0.653910149750416,0.0074906367041198
Pando,Federico Román,Santos Mercado,C4,calefon,basse,acces_2035,2024,0.653910149750416,0.0037453183520599
Pando,Federico Román,Santos Mercado,C4,aire_acondicionado,basse,acces_2035,2024,0.653910149750416,0.0037453183520599
Pando,Federico Román,Santos Mercado,C4,lavadora,basse,acces_2035,2024,0.653910149750416,0.0262664165103189
Pando,Federico Román,Santos Mercado,C4,radio,basse,acces_2035,2024,0.653910149750416,0.3670411985018726
Pando,Federico Román,Santos Mercado,C4,television,basse,acces_2035,2024,0.653910149750416,0.3146067415730337
Pando,Federico Román,Santos Mercado,C4,telefono,basse,acces_2035,2024,0.653910149750416,0.7434456928838952
Pando,Federico Román,Santos Mercado,C4,computadora,basse,acces_2035,2024,0.653910149750416,0.048689138576779
Pando,Federico Román,Santos Mercado,C4,internet,basse,acces_2035,2024,0.653910149750416,0.0149812734082397
Pando,Federico Román,Santos Mercado,C4,refrigerador,basse,acces_2035,2035,1.0,0.1161048689138576
Pando,Federico Román,Santos Mercado,C4,microondas,basse,acces_2035,2035,1.0,0.0074906367041198
Pando,Federico Román,Santos Mercado,C4,calefon,basse,acces_2035,2035,1.0,0.0037453183520599
Pando,Federico Román,Santos Mercado,C4,aire_acondicionado,basse,acces_2035,2035,1.0,0.0037453183520599
Pando,Federico Román,Santos Mercado,C4,lavadora,basse,acces_2035,2035,1.0,0.0262664165103189
Pando,Federico Román,Santos Mercado,C4,radio,basse,acces_2035,2035,1.0,0.3670411985018726
Pando,Federico Román,Santos Mercado,C4,television,basse,acces_2035,2035,1.0,0.3146067415730337
Pando,Federico Román,Santos Mercado,C4,telefono,basse,acces_2035,2035,1.0,0.7434456928838952
Pando,Federico Román,Santos Mercado,C4,computadora,basse,acces_2035,2035,1.0,0.048689138576779
Pando,Federico Román,Santos Mercado,C4,internet,basse,acces_2035,2035,1.0,0.0149812734082397
Pando,Federico Román,Santos Mercado,C4,refrigerador,basse,acces_2035,2050,1.0,0.1161048689138576
Pando,Federico Román,Santos Mercado,C4,microondas,basse,acces_2035,2050,1.0,0.0074906367041198
Pando,Federico Román,Santos Mercado,C4,calefon,basse,acces_2035,2050,1.0,0.0037453183520599
Pando,Federico Román,Santos Mercado,C4,aire_acondicionado,basse,acces_2035,2050,1.0,0.0037453183520599
Pando,Federico Román,Santos Mercado,C4,lavadora,basse,acces_2035,2050,1.0,0.0262664165103189
Pando,Federico Román,Santos Mercado,C4,radio,basse,acces_2035,2050,1.0,0.3670411985018726
Pando,Federico Román,Santos Mercado,C4,television,basse,acces_2035,2050,1.0,0.3146067415730337
Pando,Federico Román,Santos Mercado,C4,telefono,basse,acces_2035,2050,1.0,0.7434456928838952
Pando,Federico Román,Santos Mercado,C4,computadora,basse,acces_2035,2050,1.0,0.048689138576779
Pando,Federico Román,Santos Mercado,C4,internet,basse,acces_2035,2050,1.0,0.0149812734082397
La Paz,Abel Iturralde,Ixiamas,C1,refrigerador,basse,acces_2050,2024,0.6845130066545675,0.2695058517555266
La Paz,Abel Iturralde,Ixiamas,C1,microondas,basse,acces_2050,2024,0.6845130066545675,0.0347741306467338
La Paz,Abel Iturralde,Ixiamas,C1,calefon,basse,acces_2050,2024,0.6845130066545675,0.0285992850178745
La Paz,Abel Iturralde,Ixiamas,C1,aire_acondicionado,basse,acces_2050,2024,0.6845130066545675,0.0143042912873862
La Paz,Abel Iturralde,Ixiamas,C1,lavadora,basse,acces_2050,2024,0.6845130066545675,0.0900520156046814
La Paz,Abel Iturralde,Ixiamas,C1,radio,basse,acces_2050,2024,0.6845130066545675,0.390497884803124
La Paz,Abel Iturralde,Ixiamas,C1,television,basse,acces_2050,2024,0.6845130066545675,0.4152845528455284
La Paz,Abel Iturralde,Ixiamas,C1,telefono,basse,acces_2050,2024,0.6845130066545675,0.7751383013342011
La Paz,Abel Iturralde,Ixiamas,C1,computadora,basse,acces_2050,2024,0.6845130066545675,0.1187764399609502
La Paz,Abel Iturralde,Ixiamas,C1,internet,basse,acces_2050,2024,0.6845130066545675,0.0553205336804425
La Paz,Abel Iturralde,Ixiamas,C1,refrigerador,basse,acces_2050,2035,0.8448732409155981,0.2695058517555266
La Paz,Abel Iturralde,Ixiamas,C1,microondas,basse,acces_2050,2035,0.8448732409155981,0.0347741306467338
La Paz,Abel Iturralde,Ixiamas,C1,calefon,basse,acces_2050,2035,0.8448732409155981,0.0285992850178745
La Paz,Abel Iturralde,Ixiamas,C1,aire_acondicionado,basse,acces_2050,2035,0.8448732409155981,0.0143042912873862
La Paz,Abel Iturralde,Ixiamas,C1,lavadora,basse,acces_2050,2035,0.8448732409155981,0.0900520156046814
La Paz,Abel Iturralde,Ixiamas,C1,radio,basse,acces_2050,2035,0.8448732409155981,0.390497884803124
La Paz,Abel Iturralde,Ixiamas,C1,television,basse,acces_2050,2035,0.8448732409155981,0.4152845528455284
La Paz,Abel Iturralde,Ixiamas,C1,telefono,basse,acces_2050,2035,0.8448732409155981,0.7751383013342011
La Paz,Abel Iturralde,Ixiamas,C1,computadora,basse,acces_2050,2035,0.8448732409155981,0.1187764399609502
La Paz,Abel Iturralde,Ixiamas,C1,internet,basse,acces_2050,2035,0.8448732409155981,0.0553205336804425
La Paz,Abel Iturralde,Ixiamas,C1,refrigerador,basse,acces_2050,2050,1.0,0.2695058517555266
La Paz,Abel Iturralde,Ixiamas,C1,microondas,basse,acces_2050,2050,1.0,0.0347741306467338
La Paz,Abel Iturralde,Ixiamas,C1,calefon,basse,acces_2050,2050,1.0,0.0285992850178745
La Paz,Abel Iturralde,Ixiamas,C1,aire_acondicionado,basse,acces_2050,2050,1.0,0.0143042912873862
La Paz,Abel Iturralde,Ixiamas,C1,lavadora,basse,acces_2050,2050,1.0,0.0900520156046814
La Paz,Abel Iturralde,Ixiamas,C1,radio,basse,acces_2050,2050,1.0,0.390497884803124
La Paz,Abel Iturralde,Ixiamas,C1,television,basse,acces_2050,2050,1.0,0.4152845528455284
La Paz,Abel Iturralde,Ixiamas,C1,telefono,basse,acces_2050,2050,1.0,0.7751383013342011
La Paz,Abel Iturralde,Ixiamas,C1,computadora,basse,acces_2050,2050,1.0,0.1187764399609502
La Paz,Abel Iturralde,Ixiamas,C1,internet,basse,acces_2050,2050,1.0,0.0553205336804425
Beni,Vaca Diez,Riberalta,C3,refrigerador,basse,acces_2050,2024,0.8934115589242767,0.497653683716565
Beni,Vaca Diez,Riberalta,C3,microondas,basse,acces_2050,2024,0.8934115589242767,0.0735064122614951
Beni,Vaca Diez,Riberalta,C3,calefon,basse,acces_2050,2024,0.8934115589242767,0.0261583577712609
Beni,Vaca Diez,Riberalta,C3,aire_acondicionado,basse,acces_2050,2024,0.8934115589242767,0.0686972161401313
Beni,Vaca Diez,Riberalta,C3,lavadora,basse,acces_2050,2024,0.8934115589242767,0.2351239346313238
Beni,Vaca Diez,Riberalta,C3,radio,basse,acces_2050,2024,0.8934115589242767,0.547266403532768
Beni,Vaca Diez,Riberalta,C3,television,basse,acces_2050,2024,0.8934115589242767,0.6485789123890692
Beni,Vaca Diez,Riberalta,C3,telefono,basse,acces_2050,2024,0.8934115589242767,0.867712040042232
Beni,Vaca Diez,Riberalta,C3,computadora,basse,acces_2050,2024,0.8934115589242767,0.2281902824505124
Beni,Vaca Diez,Riberalta,C3,internet,basse,acces_2050,2024,0.8934115589242767,0.3706485175623875
Beni,Vaca Diez,Riberalta,C3,refrigerador,basse,acces_2050,2035,0.9443169045850032,0.497653683716565
Beni,Vaca Diez,Riberalta,C3,microondas,basse,acces_2050,2035,0.9443169045850032,0.0735064122614951
Beni,Vaca Diez,Riberalta,C3,calefon,basse,acces_2050,2035,0.9443169045850032,0.0261583577712609
Beni,Vaca Diez,Riberalta,C3,aire_acondicionado,basse,acces_2050,2035,0.9443169045850032,0.0686972161401313
Beni,Vaca Diez,Riberalta,C3,lavadora,basse,acces_2050,2035,0.9443169045850032,0.2351239346313238
Beni,Vaca Diez,Riberalta,C3,radio,basse,acces_2050,2035,0.9443169045850032,0.547266403532768
Beni,Vaca Diez,Riberalta,C3,television,basse,acces_2050,2035,0.9443169045850032,0.6485789123890692
Beni,Vaca Diez,Riberalta,C3,telefono,basse,acces_2050,2035,0.9443169045850032,0.867712040042232
Beni,Vaca Diez,Riberalta,C3,computadora,basse,acces_2050,2035,0.9443169045850032,0.2281902824505124
Beni,Vaca Diez,Riberalta,C3,internet,basse,acces_2050,2035,0.9443169045850032,0.3706485175623875
Beni,Vaca Diez,Riberalta,C3,refrigerador,basse,acces_2050,2050,1.0,0.497653683716565
Beni,Vaca Diez,Riberalta,C3,microondas,basse,acces_2050,2050,1.0,0.0735064122614951
Beni,Vaca Diez,Riberalta,C3,calefon,basse,acces_2050,2050,1.0,0.0261583577712609
Beni,Vaca Diez,Riberalta,C3,aire_acondicionado,basse,acces_2050,2050,1.0,0.0686972161401313
Beni,Vaca Diez,Riberalta,C3,lavadora,basse,acces_2050,2050,1.0,0.2351239346313238
Beni,Vaca Diez,Riberalta,C3,radio,basse,acces_2050,2050,1.0,0.547266403532768
Beni,Vaca Diez,Riberalta,C3,television,basse,acces_2050,2050,1.0,0.6485789123890692
Beni,Vaca Diez,Riberalta,C3,telefono,basse,acces_2050,2050,1.0,0.867712040042232
Beni,Vaca Diez,Riberalta,C3,computadora,basse,acces_2050,2050,1.0,0.2281902824505124
Beni,Vaca Diez,Riberalta,C3,internet,basse,acces_2050,2050,1.0,0.3706485175623875
Beni,Vaca Diez,Guayaramerín,C3,refrigerador,basse,acces_2050,2024,0.9242493802222018,0.5411799352115442
Beni,Vaca Diez,Guayaramerín,C3,microondas,basse,acces_2050,2024,0.9242493802222018,0.0847158142730931
Beni,Vaca Diez,Guayaramerín,C3,calefon,basse,acces_2050,2024,0.9242493802222018,0.0249337390792186
Beni,Vaca Diez,Guayaramerín,C3,aire_acondicionado,basse,acces_2050,2024,0.9242493802222018,0.1135872766542313
Beni,Vaca Diez,Guayaramerín,C3,lavadora,basse,acces_2050,2024,0.9242493802222018,0.3520172769215667
Beni,Vaca Diez,Guayaramerín,C3,radio,basse,acces_2050,2024,0.9242493802222018,0.475461327051433
Beni,Vaca Diez,Guayaramerín,C3,television,basse,acces_2050,2024,0.9242493802222018,0.6636863823933975
Beni,Vaca Diez,Guayaramerín,C3,telefono,basse,acces_2050,2024,0.9242493802222018,0.8390330188679245
Beni,Vaca Diez,Guayaramerín,C3,computadora,basse,acces_2050,2024,0.9242493802222018,0.2262630233929624
Beni,Vaca Diez,Guayaramerín,C3,internet,basse,acces_2050,2024,0.9242493802222018,0.3903086298407706
Beni,Vaca Diez,Guayaramerín,C3,refrigerador,basse,acces_2050,2035,0.9626513592257788,0.5411799352115442
Beni,Vaca Diez,Guayaramerín,C3,microondas,basse,acces_2050,2035,0.9626513592257788,0.0847158142730931
Beni,Vaca Diez,Guayaramerín,C3,calefon,basse,acces_2050,2035,0.9626513592257788,0.0249337390792186
Beni,Vaca Diez,Guayaramerín,C3,aire_acondicionado,basse,acces_2050,2035,0.9626513592257788,0.1135872766542313
Beni,Vaca Diez,Guayaramerín,C3,lavadora,basse,acces_2050,2035,0.9626513592257788,0.3520172769215667
Beni,Vaca Diez,Guayaramerín,C3,radio,basse,acces_2050,2035,0.9626513592257788,0.475461327051433
Beni,Vaca Diez,Guayaramerín,C3,television,basse,acces_2050,2035,0.9626513592257788,0.6636863823933975
Beni,Vaca Diez,Guayaramerín,C3,telefono,basse,acces_2050,2035,0.9626513592257788,0.8390330188679245
Beni,Vaca Diez,Guayaramerín,C3,computadora,basse,acces_2050,2035,0.9626513592257788,0.2262630233929624
Beni,Vaca Diez,Guayaramerín,C3,internet,basse,acces_2050,2035,0.9626513592257788,0.3903086298407706
Beni,Vaca Diez,Guayaramerín,C3,refrigerador,basse,acces_2050,2050,1.0,0.5411799352115442
Beni,Vaca Diez,Guayaramerín,C3,microondas,basse,acces_2050,2050,1.0,0.0847158142730931
Beni,Vaca Diez,Guayaramerín,C3,calefon,basse,acces_2050,2050,1.0,0.0249337390792186
Beni,Vaca Diez,Guayaramerín,C3,aire_acondicionado,basse,acces_2050,2050,1.0,0.1135872766542313
Beni,Vaca Diez,Guayaramerín,C3,lavadora,basse,acces_2050,2050,1.0,0.3520172769215667
Beni,Vaca Diez,Guayaramerín,C3,radio,basse,acces_2050,2050,1.0,0.475461327051433
Beni,Vaca Diez,Guayaramerín,C3,television,basse,acces_2050,2050,1.0,0.6636863823933975
Beni,Vaca Diez,Guayaramerín,C3,telefono,basse,acces_2050,2050,1.0,0.8390330188679245
Beni,Vaca Diez,Guayaramerín,C3,computadora,basse,acces_2050,2050,1.0,0.2262630233929624
Beni,Vaca Diez,Guayaramerín,C3,internet,basse,acces_2050,2050,1.0,0.3903086298407706
Beni,General José Ballivián,Reyes,C1,refrigerador,basse,acces_2050,2024,0.7919227392449517,0.4228043143297381
Beni,General José Ballivián,Reyes,C1,microondas,basse,acces_2050,2024,0.7919227392449517,0.0644067796610169
Beni,General José Ballivián,Reyes,C1,calefon,basse,acces_2050,2024,0.7919227392449517,0.0117139334155363
Beni,General José Ballivián,Reyes,C1,aire_acondicionado,basse,acces_2050,2024,0.7919227392449517,0.0523882896764252
Beni,General José Ballivián,Reyes,C1,lavadora,basse,acces_2050,2024,0.7919227392449517,0.1796056685150955
Beni,General José Ballivián,Reyes,C1,radio,basse,acces_2050,2024,0.7919227392449517,0.4182322143517092
Beni,General José Ballivián,Reyes,C1,television,basse,acces_2050,2024,0.7919227392449517,0.4898273736128237
Beni,General José Ballivián,Reyes,C1,telefono,basse,acces_2050,2024,0.7919227392449517,0.8381128584643849
Beni,General José Ballivián,Reyes,C1,computadora,basse,acces_2050,2024,0.7919227392449517,0.1470860314523589
Beni,General José Ballivián,Reyes,C1,internet,basse,acces_2050,2024,0.7919227392449517,0.2238667900092507
Beni,General José Ballivián,Reyes,C1,refrigerador,basse,acces_2050,2035,0.9041333818807412,0.4228043143297381
Beni,General José Ballivián,Reyes,C1,microondas,basse,acces_2050,2035,0.9041333818807412,0.0644067796610169
Beni,General José Ballivián,Reyes,C1,calefon,basse,acces_2050,2035,0.9041333818807412,0.0117139334155363
Beni,General José Ballivián,Reyes,C1,aire_acondicionado,basse,acces_2050,2035,0.9041333818807412,0.0523882896764252
Beni,General José Ballivián,Reyes,C1,lavadora,basse,acces_2050,2035,0.9041333818807412,0.1796056685150955
Beni,General José Ballivián,Reyes,C1,radio,basse,acces_2050,2035,0.9041333818807412,0.4182322143517092
Beni,General José Ballivián,Reyes,C1,television,basse,acces_2050,2035,0.9041333818807412,0.4898273736128237
Beni,General José Ballivián,Reyes,C1,telefono,basse,acces_2050,2035,0.9041333818807412,0.8381128584643849
Beni,General José Ballivián,Reyes,C1,computadora,basse,acces_2050,2035,0.9041333818807412,0.1470860314523589
Beni,General José Ballivián,Reyes,C1,internet,basse,acces_2050,2035,0.9041333818807412,0.2238667900092507
Beni,General José Ballivián,Reyes,C1,refrigerador,basse,acces_2050,2050,1.0,0.4228043143297381
Beni,General José Ballivián,Reyes,C1,microondas,basse,acces_2050,2050,1.0,0.0644067796610169
Beni,General José Ballivián,Reyes,C1,calefon,basse,acces_2050,2050,1.0,0.0117139334155363
Beni,General José Ballivián,Reyes,C1,aire_acondicionado,basse,acces_2050,2050,1.0,0.0523882896764252
Beni,General José Ballivián,Reyes,C1,lavadora,basse,acces_2050,2050,1.0,0.1796056685150955
Beni,General José Ballivián,Reyes,C1,radio,basse,acces_2050,2050,1.0,0.4182322143517092
Beni,General José Ballivián,Reyes,C1,television,basse,acces_2050,2050,1.0,0.4898273736128237
Beni,General José Ballivián,Reyes,C1,telefono,basse,acces_2050,2050,1.0,0.8381128584643849
Beni,General José Ballivián,Reyes,C1,computadora,basse,acces_2050,2050,1.0,0.1470860314523589
Beni,General José Ballivián,Reyes,C1,internet,basse,acces_2050,2050,1.0,0.2238667900092507
Beni,General José Ballivián,Santa Rosa,C1,refrigerador,basse,acces_2050,2024,0.8522686025408348,0.4254826254826255
Beni,General José Ballivián,Santa Rosa,C1,microondas,basse,acces_2050,2024,0.8522686025408348,0.0513513513513513
Beni,General José Ballivián,Santa Rosa,C1,calefon,basse,acces_2050,2024,0.8522686025408348,0.025472790428406
Beni,General José Ballivián,Santa Rosa,C1,aire_acondicionado,basse,acces_2050,2024,0.8522686025408348,0.0621621621621621
Beni,General José Ballivián,Santa Rosa,C1,lavadora,basse,acces_2050,2024,0.8522686025408348,0.1678888460054033
Beni,General José Ballivián,Santa Rosa,C1,radio,basse,acces_2050,2024,0.8522686025408348,0.3172333848531685
Beni,General José Ballivián,Santa Rosa,C1,television,basse,acces_2050,2024,0.8522686025408348,0.4870506378044066
Beni,General José Ballivián,Santa Rosa,C1,telefono,basse,acces_2050,2024,0.8522686025408348,0.8758220502901354
Beni,General José Ballivián,Santa Rosa,C1,computadora,basse,acces_2050,2024,0.8522686025408348,0.1481624758220502
Beni,General José Ballivián,Santa Rosa,C1,internet,basse,acces_2050,2024,0.8522686025408348,0.2457430340557275
Beni,General José Ballivián,Santa Rosa,C1,refrigerador,basse,acces_2050,2035,0.9172517051603928,0.4254826254826255
Beni,General José Ballivián,Santa Rosa,C1,microondas,basse,acces_2050,2035,0.9172517051603928,0.0513513513513513
Beni,General José Ballivián,Santa Rosa,C1,calefon,basse,acces_2050,2035,0.9172517051603928,0.025472790428406
Beni,General José Ballivián,Santa Rosa,C1,aire_acondicionado,basse,acces_2050,2035,0.9172517051603928,0.0621621621621621
Beni,General José Ballivián,Santa Rosa,C1,lavadora,basse,acces_2050,2035,0.9172517051603928,0.1678888460054033
Beni,General José Ballivián,Santa Rosa,C1,radio,basse,acces_2050,2035,0.9172517051603928,0.3172333848531685
Beni,General José Ballivián,Santa Rosa,C1,television,basse,acces_2050,2035,0.9172517051603928,0.4870506378044066
Beni,General José Ballivián,Santa Rosa,C1,telefono,basse,acces_2050,2035,0.9172517051603928,0.8758220502901354
Beni,General José Ballivián,Santa Rosa,C1,computadora,basse,acces_2050,2035,0.9172517051603928,0.1481624758220502
Beni,General José Ballivián,Santa Rosa,C1,internet,basse,acces_2050,2035,0.9172517051603928,0.2457430340557275
Beni,General José Ballivián,Santa Rosa,C1,refrigerador,basse,acces_2050,2050,1.0,0.4254826254826255
Beni,General José Ballivián,Santa Rosa,C1,microondas,basse,acces_2050,2050,1.0,0.0513513513513513
Beni,General José Ballivián,Santa Rosa,C1,calefon,basse,acces_2050,2050,1.0,0.025472790428406
Beni,General José Ballivián,Santa Rosa,C1,aire_acondicionado,basse,acces_2050,2050,1.0,0.0621621621621621
Beni,General José Ballivián,Santa Rosa,C1,lavadora,basse,acces_2050,2050,1.0,0.1678888460054033
Beni,General José Ballivián,Santa Rosa,C1,radio,basse,acces_2050,2050,1.0,0.3172333848531685
Beni,General José Ballivián,Santa Rosa,C1,television,basse,acces_2050,2050,1.0,0.4870506378044066
Beni,General José Ballivián,Santa Rosa,C1,telefono,basse,acces_2050,2050,1.0,0.8758220502901354
Beni,General José Ballivián,Santa Rosa,C1,computadora,basse,acces_2050,2050,1.0,0.1481624758220502
Beni,General José Ballivián,Santa Rosa,C1,internet,basse,acces_2050,2050,1.0,0.2457430340557275
Beni,Yacuma,Exaltación,C1,refrigerador,basse,acces_2050,2024,0.8123711340206186,0.0985810306198655
Beni,Yacuma,Exaltación,C1,microondas,basse,acces_2050,2024,0.8123711340206186,0.0029873039581777
Beni,Yacuma,Exaltación,C1,calefon,basse,acces_2050,2024,0.8123711340206186,0.0164424514200298
Beni,Yacuma,Exaltación,C1,aire_acondicionado,basse,acces_2050,2024,0.8123711340206186,0.005227781926811
Beni,Yacuma,Exaltación,C1,lavadora,basse,acces_2050,2024,0.8123711340206186,0.022404779686333
Beni,Yacuma,Exaltación,C1,radio,basse,acces_2050,2024,0.8123711340206186,0.4846441947565543
Beni,Yacuma,Exaltación,C1,television,basse,acces_2050,2024,0.8123711340206186,0.29812734082397
Beni,Yacuma,Exaltación,C1,telefono,basse,acces_2050,2024,0.8123711340206186,0.7514970059880239
Beni,Yacuma,Exaltación,C1,computadora,basse,acces_2050,2024,0.8123711340206186,0.0696629213483146
Beni,Yacuma,Exaltación,C1,internet,basse,acces_2050,2024,0.8123711340206186,0.0434456928838951
Beni,Yacuma,Exaltación,C1,refrigerador,basse,acces_2050,2035,0.9132965697518204,0.0985810306198655
Beni,Yacuma,Exaltación,C1,microondas,basse,acces_2050,2035,0.9132965697518204,0.0029873039581777
Beni,Yacuma,Exaltación,C1,calefon,basse,acces_2050,2035,0.9132965697518204,0.0164424514200298
Beni,Yacuma,Exaltación,C1,aire_acondicionado,basse,acces_2050,2035,0.9132965697518204,0.005227781926811
Beni,Yacuma,Exaltación,C1,lavadora,basse,acces_2050,2035,0.9132965697518204,0.022404779686333
Beni,Yacuma,Exaltación,C1,radio,basse,acces_2050,2035,0.9132965697518204,0.4846441947565543
Beni,Yacuma,Exaltación,C1,television,basse,acces_2050,2035,0.9132965697518204,0.29812734082397
Beni,Yacuma,Exaltación,C1,telefono,basse,acces_2050,2035,0.9132965697518204,0.7514970059880239
Beni,Yacuma,Exaltación,C1,computadora,basse,acces_2050,2035,0.9132965697518204,0.0696629213483146
Beni,Yacuma,Exaltación,C1,internet,basse,acces_2050,2035,0.9132965697518204,0.0434456928838951
Beni,Yacuma,Exaltación,C1,refrigerador,basse,acces_2050,2050,1.0,0.0985810306198655
Beni,Yacuma,Exaltación,C1,microondas,basse,acces_2050,2050,1.0,0.0029873039581777
Beni,Yacuma,Exaltación,C1,calefon,basse,acces_2050,2050,1.0,0.0164424514200298
Beni,Yacuma,Exaltación,C1,aire_acondicionado,basse,acces_2050,2050,1.0,0.005227781926811
Beni,Yacuma,Exaltación,C1,lavadora,basse,acces_2050,2050,1.0,0.022404779686333
Beni,Yacuma,Exaltación,C1,radio,basse,acces_2050,2050,1.0,0.4846441947565543
Beni,Yacuma,Exaltación,C1,television,basse,acces_2050,2050,1.0,0.29812734082397
Beni,Yacuma,Exaltación,C1,telefono,basse,acces_2050,2050,1.0,0.7514970059880239
Beni,Yacuma,Exaltación,C1,computadora,basse,acces_2050,2050,1.0,0.0696629213483146
Beni,Yacuma,Exaltación,C1,internet,basse,acces_2050,2050,1.0,0.0434456928838951
Pando,Nicolás Suárez,Cobija,C5,refrigerador,basse,acces_2050,2024,0.9746209200719608,0.7561576354679803
Pando,Nicolás Suárez,Cobija,C5,microondas,basse,acces_2050,2024,0.9746209200719608,0.1357613689326852
Pando,Nicolás Suárez,Cobija,C5,calefon,basse,acces_2050,2024,0.9746209200719608,0.0352862849533954
Pando,Nicolás Suárez,Cobija,C5,aire_acondicionado,basse,acces_2050,2024,0.9746209200719608,0.188735769922109
Pando,Nicolás Suárez,Cobija,C5,lavadora,basse,acces_2050,2024,0.9746209200719608,0.5479297031021169
Pando,Nicolás Suárez,Cobija,C5,radio,basse,acces_2050,2024,0.9746209200719608,0.572103861517976
Pando,Nicolás Suárez,Cobija,C5,television,basse,acces_2050,2024,0.9746209200719608,0.7450562620680471
Pando,Nicolás Suárez,Cobija,C5,telefono,basse,acces_2050,2024,0.9746209200719608,0.9375416167265948
Pando,Nicolás Suárez,Cobija,C5,computadora,basse,acces_2050,2024,0.9746209200719608,0.4310161139965375
Pando,Nicolás Suárez,Cobija,C5,internet,basse,acces_2050,2024,0.9746209200719608,0.6279549843510688
Pando,Nicolás Suárez,Cobija,C5,refrigerador,basse,acces_2050,2035,0.9928153736738896,0.7561576354679803
Pando,Nicolás Suárez,Cobija,C5,microondas,basse,acces_2050,2035,0.9928153736738896,0.1357613689326852
Pando,Nicolás Suárez,Cobija,C5,calefon,basse,acces_2050,2035,0.9928153736738896,0.0352862849533954
Pando,Nicolás Suárez,Cobija,C5,aire_acondicionado,basse,acces_2050,2035,0.9928153736738896,0.188735769922109
Pando,Nicolás Suárez,Cobija,C5,lavadora,basse,acces_2050,2035,0.9928153736738896,0.5479297031021169
Pando,Nicolás Suárez,Cobija,C5,radio,basse,acces_2050,2035,0.9928153736738896,0.572103861517976
Pando,Nicolás Suárez,Cobija,C5,television,basse,acces_2050,2035,0.9928153736738896,0.7450562620680471
Pando,Nicolás Suárez,Cobija,C5,telefono,basse,acces_2050,2035,0.9928153736738896,0.9375416167265948
Pando,Nicolás Suárez,Cobija,C5,computadora,basse,acces_2050,2035,0.9928153736738896,0.4310161139965375
Pando,Nicolás Suárez,Cobija,C5,internet,basse,acces_2050,2035,0.9928153736738896,0.6279549843510688
Pando,Nicolás Suárez,Cobija,C5,refrigerador,basse,acces_2050,2050,1.0,0.7561576354679803
Pando,Nicolás Suárez,Cobija,C5,microondas,basse,acces_2050,2050,1.0,0.1357613689326852
Pando,Nicolás Suárez,Cobija,C5,calefon,basse,acces_2050,2050,1.0,0.0352862849533954
Pando,Nicolás Suárez,Cobija,C5,aire_acondicionado,basse,acces_2050,2050,1.0,0.188735769922109
Pando,Nicolás Suárez,Cobija,C5,lavadora,basse,acces_2050,2050,1.0,0.5479297031021169
Pando,Nicolás Suárez,Cobija,C5,radio,basse,acces_2050,2050,1.0,0.572103861517976
Pando,Nicolás Suárez,Cobija,C5,television,basse,acces_2050,2050,1.0,0.7450562620680471
Pando,Nicolás Suárez,Cobija,C5,telefono,basse,acces_2050,2050,1.0,0.9375416167265948
Pando,Nicolás Suárez,Cobija,C5,computadora,basse,acces_2050,2050,1.0,0.4310161139965375
Pando,Nicolás Suárez,Cobija,C5,internet,basse,acces_2050,2050,1.0,0.6279549843510688
Pando,Nicolás Suárez,Porvenir,C4,refrigerador,basse,acces_2050,2024,0.9044843049327356,0.5114244044725328
Pando,Nicolás Suárez,Porvenir,C4,microondas,basse,acces_2050,2024,0.9044843049327356,0.0661157024793388
Pando,Nicolás Suárez,Porvenir,C4,calefon,basse,acces_2050,2024,0.9044843049327356,0.0364608653378706
Pando,Nicolás Suárez,Porvenir,C4,aire_acondicionado,basse,acces_2050,2024,0.9044843049327356,0.0641711229946524
Pando,Nicolás Suárez,Porvenir,C4,lavadora,basse,acces_2050,2024,0.9044843049327356,0.4239183276616431
Pando,Nicolás Suárez,Porvenir,C4,radio,basse,acces_2050,2024,0.9044843049327356,0.5822784810126582
Pando,Nicolás Suárez,Porvenir,C4,television,basse,acces_2050,2024,0.9044843049327356,0.674135411592791
Pando,Nicolás Suárez,Porvenir,C4,telefono,basse,acces_2050,2024,0.9044843049327356,0.8362573099415205
Pando,Nicolás Suárez,Porvenir,C4,computadora,basse,acces_2050,2024,0.9044843049327356,0.1972722844617633
Pando,Nicolás Suárez,Porvenir,C4,internet,basse,acces_2050,2024,0.9044843049327356,0.2664393570384802
Pando,Nicolás Suárez,Porvenir,C4,refrigerador,basse,acces_2050,2035,0.967109965336432,0.5114244044725328
Pando,Nicolás Suárez,Porvenir,C4,microondas,basse,acces_2050,2035,0.967109965336432,0.0661157024793388
Pando,Nicolás Suárez,Porvenir,C4,calefon,basse,acces_2050,2035,0.967109965336432,0.0364608653378706
Pando,Nicolás Suárez,Porvenir,C4,aire_acondicionado,basse,acces_2050,2035,0.967109965336432,0.0641711229946524
Pando,Nicolás Suárez,Porvenir,C4,lavadora,basse,acces_2050,2035,0.967109965336432,0.4239183276616431
Pando,Nicolás Suárez,Porvenir,C4,radio,basse,acces_2050,2035,0.967109965336432,0.5822784810126582
Pando,Nicolás Suárez,Porvenir,C4,television,basse,acces_2050,2035,0.967109965336432,0.674135411592791
Pando,Nicolás Suárez,Porvenir,C4,telefono,basse,acces_2050,2035,0.967109965336432,0.8362573099415205
Pando,Nicolás Suárez,Porvenir,C4,computadora,basse,acces_2050,2035,0.967109965336432,0.1972722844617633
Pando,Nicolás Suárez,Porvenir,C4,internet,basse,acces_2050,2035,0.967109965336432,0.2664393570384802
Pando,Nicolás Suárez,Porvenir,C4,refrigerador,basse,acces_2050,2050,1.0,0.5114244044725328
Pando,Nicolás Suárez,Porvenir,C4,microondas,basse,acces_2050,2050,1.0,0.0661157024793388
Pando,Nicolás Suárez,Porvenir,C4,calefon,basse,acces_2050,2050,1.0,0.0364608653378706
Pando,Nicolás Suárez,Porvenir,C4,aire_acondicionado,basse,acces_2050,2050,1.0,0.0641711229946524
Pando,Nicolás Suárez,Porvenir,C4,lavadora,basse,acces_2050,2050,1.0,0.4239183276616431
Pando,Nicolás Suárez,Porvenir,C4,radio,basse,acces_2050,2050,1.0,0.5822784810126582
Pando,Nicolás Suárez,Porvenir,C4,television,basse,acces_2050,2050,1.0,0.674135411592791
Pando,Nicolás Suárez,Porvenir,C4,telefono,basse,acces_2050,2050,1.0,0.8362573099415205
Pando,Nicolás Suárez,Porvenir,C4,computadora,basse,acces_2050,2050,1.0,0.1972722844617633
Pando,Nicolás Suárez,Porvenir,C4,internet,basse,acces_2050,2050,1.0,0.2664393570384802
Pando,Nicolás Suárez,Bolpebra,C2,refrigerador,basse,acces_2050,2024,0.6845386533665836,0.1387434554973822
Pando,Nicolás Suárez,Bolpebra,C2,microondas,basse,acces_2050,2024,0.6845386533665836,0.0091623036649214
Pando,Nicolás Suárez,Bolpebra,C2,calefon,basse,acces_2050,2024,0.6845386533665836,0.0431937172774869
Pando,Nicolás Suárez,Bolpebra,C2,aire_acondicionado,basse,acces_2050,2024,0.6845386533665836,0.0039267015706806
Pando,Nicolás Suárez,Bolpebra,C2,lavadora,basse,acces_2050,2024,0.6845386533665836,0.0746073298429319
Pando,Nicolás Suárez,Bolpebra,C2,radio,basse,acces_2050,2024,0.6845386533665836,0.4588235294117647
Pando,Nicolás Suárez,Bolpebra,C2,television,basse,acces_2050,2024,0.6845386533665836,0.2840314136125654
Pando,Nicolás Suárez,Bolpebra,C2,telefono,basse,acces_2050,2024,0.6845386533665836,0.8416230366492147
Pando,Nicolás Suárez,Bolpebra,C2,computadora,basse,acces_2050,2024,0.6845386533665836,0.0667539267015706
Pando,Nicolás Suárez,Bolpebra,C2,internet,basse,acces_2050,2024,0.6845386533665836,0.0196335078534031
Pando,Nicolás Suárez,Bolpebra,C2,refrigerador,basse,acces_2050,2035,0.8655671845289354,0.1387434554973822
Pando,Nicolás Suárez,Bolpebra,C2,microondas,basse,acces_2050,2035,0.8655671845289354,0.0091623036649214
Pando,Nicolás Suárez,Bolpebra,C2,calefon,basse,acces_2050,2035,0.8655671845289354,0.0431937172774869
Pando,Nicolás Suárez,Bolpebra,C2,aire_acondicionado,basse,acces_2050,2035,0.8655671845289354,0.0039267015706806
Pando,Nicolás Suárez,Bolpebra,C2,lavadora,basse,acces_2050,2035,0.8655671845289354,0.0746073298429319
Pando,Nicolás Suárez,Bolpebra,C2,radio,basse,acces_2050,2035,0.8655671845289354,0.4588235294117647
Pando,Nicolás Suárez,Bolpebra,C2,television,basse,acces_2050,2035,0.8655671845289354,0.2840314136125654
Pando,Nicolás Suárez,Bolpebra,C2,telefono,basse,acces_2050,2035,0.8655671845289354,0.8416230366492147
Pando,Nicolás Suárez,Bolpebra,C2,computadora,basse,acces_2050,2035,0.8655671845289354,0.0667539267015706
Pando,Nicolás Suárez,Bolpebra,C2,internet,basse,acces_2050,2035,0.8655671845289354,0.0196335078534031
Pando,Nicolás Suárez,Bolpebra,C2,refrigerador,basse,acces_2050,2050,1.0,0.1387434554973822
Pando,Nicolás Suárez,Bolpebra,C2,microondas,basse,acces_2050,2050,1.0,0.0091623036649214
Pando,Nicolás Suárez,Bolpebra,C2,calefon,basse,acces_2050,2050,1.0,0.0431937172774869
Pando,Nicolás Suárez,Bolpebra,C2,aire_acondicionado,basse,acces_2050,2050,1.0,0.0039267015706806
Pando,Nicolás Suárez,Bolpebra,C2,lavadora,basse,acces_2050,2050,1.0,0.0746073298429319
Pando,Nicolás Suárez,Bolpebra,C2,radio,basse,acces_2050,2050,1.0,0.4588235294117647
Pando,Nicolás Suárez,Bolpebra,C2,television,basse,acces_2050,2050,1.0,0.2840314136125654
Pando,Nicolás Suárez,Bolpebra,C2,telefono,basse,acces_2050,2050,1.0,0.8416230366492147
Pando,Nicolás Suárez,Bolpebra,C2,computadora,basse,acces_2050,2050,1.0,0.0667539267015706
Pando,Nicolás Suárez,Bolpebra,C2,internet,basse,acces_2050,2050,1.0,0.0196335078534031
Pando,Nicolás Suárez,Bella Flor,C4,refrigerador,basse,acces_2050,2024,0.7157894736842105,0.3147208121827411
Pando,Nicolás Suárez,Bella Flor,C4,microondas,basse,acces_2050,2024,0.7157894736842105,0.032994923857868
Pando,Nicolás Suárez,Bella Flor,C4,calefon,basse,acces_2050,2024,0.7157894736842105,0.0143824027072758
Pando,Nicolás Suárez,Bella Flor,C4,aire_acondicionado,basse,acces_2050,2024,0.7157894736842105,0.0177664974619289
Pando,Nicolás Suárez,Bella Flor,C4,lavadora,basse,acces_2050,2024,0.7157894736842105,0.2030456852791878
Pando,Nicolás Suárez,Bella Flor,C4,radio,basse,acces_2050,2024,0.7157894736842105,0.4966101694915254
Pando,Nicolás Suárez,Bella Flor,C4,television,basse,acces_2050,2024,0.7157894736842105,0.3974576271186441
Pando,Nicolás Suárez,Bella Flor,C4,telefono,basse,acces_2050,2024,0.7157894736842105,0.8264182895850973
Pando,Nicolás Suárez,Bella Flor,C4,computadora,basse,acces_2050,2024,0.7157894736842105,0.1203389830508474
Pando,Nicolás Suárez,Bella Flor,C4,internet,basse,acces_2050,2024,0.7157894736842105,0.1
Pando,Nicolás Suárez,Bella Flor,C4,refrigerador,basse,acces_2050,2035,0.8697204745028234,0.3147208121827411
Pando,Nicolás Suárez,Bella Flor,C4,microondas,basse,acces_2050,2035,0.8697204745028234,0.032994923857868
Pando,Nicolás Suárez,Bella Flor,C4,calefon,basse,acces_2050,2035,0.8697204745028234,0.0143824027072758
Pando,Nicolás Suárez,Bella Flor,C4,aire_acondicionado,basse,acces_2050,2035,0.8697204745028234,0.0177664974619289
Pando,Nicolás Suárez,Bella Flor,C4,lavadora,basse,acces_2050,2035,0.8697204745028234,0.2030456852791878
Pando,Nicolás Suárez,Bella Flor,C4,radio,basse,acces_2050,2035,0.8697204745028234,0.4966101694915254
Pando,Nicolás Suárez,Bella Flor,C4,television,basse,acces_2050,2035,0.8697204745028234,0.3974576271186441
Pando,Nicolás Suárez,Bella Flor,C4,telefono,basse,acces_2050,2035,0.8697204745028234,0.8264182895850973
Pando,Nicolás Suárez,Bella Flor,C4,computadora,basse,acces_2050,2035,0.8697204745028234,0.1203389830508474
Pando,Nicolás Suárez,Bella Flor,C4,internet,basse,acces_2050,2035,0.8697204745028234,0.1
Pando,Nicolás Suárez,Bella Flor,C4,refrigerador,basse,acces_2050,2050,1.0,0.3147208121827411
Pando,Nicolás Suárez,Bella Flor,C4,microondas,basse,acces_2050,2050,1.0,0.032994923857868
Pando,Nicolás Suárez,Bella Flor,C4,calefon,basse,acces_2050,2050,1.0,0.0143824027072758
Pando,Nicolás Suárez,Bella Flor,C4,aire_acondicionado,basse,acces_2050,2050,1.0,0.0177664974619289
Pando,Nicolás Suárez,Bella Flor,C4,lavadora,basse,acces_2050,2050,1.0,0.2030456852791878
Pando,Nicolás Suárez,Bella Flor,C4,radio,basse,acces_2050,2050,1.0,0.4966101694915254
Pando,Nicolás Suárez,Bella Flor,C4,television,basse,acces_2050,2050,1.0,0.3974576271186441
Pando,Nicolás Suárez,Bella Flor,C4,telefono,basse,acces_2050,2050,1.0,0.8264182895850973
Pando,Nicolás Suárez,Bella Flor,C4,computadora,basse,acces_2050,2050,1.0,0.1203389830508474
Pando,Nicolás Suárez,Bella Flor,C4,internet,basse,acces_2050,2050,1.0,0.1
Pando,Manuripi,Puerto Rico,C4,refrigerador,basse,acces_2050,2024,0.8366013071895425,0.4104320337197049
Pando,Manuripi,Puerto Rico,C4,microondas,basse,acces_2050,2024,0.8366013071895425,0.0258030542390731
Pando,Manuripi,Puerto Rico,C4,calefon,basse,acces_2050,2024,0.8366013071895425,0.020010531858873
Pando,Manuripi,Puerto Rico,C4,aire_acondicionado,basse,acces_2050,2024,0.8366013071895425,0.0279094260136914
Pando,Manuripi,Puerto Rico,C4,lavadora,basse,acces_2050,2024,0.8366013071895425,0.1748288572933122
Pando,Manuripi,Puerto Rico,C4,radio,basse,acces_2050,2024,0.8366013071895425,0.3923117430226435
Pando,Manuripi,Puerto Rico,C4,television,basse,acces_2050,2024,0.8366013071895425,0.4507635597682991
Pando,Manuripi,Puerto Rico,C4,telefono,basse,acces_2050,2024,0.8366013071895425,0.8680336487907466
Pando,Manuripi,Puerto Rico,C4,computadora,basse,acces_2050,2024,0.8366013071895425,0.2726315789473684
Pando,Manuripi,Puerto Rico,C4,internet,basse,acces_2050,2024,0.8366013071895425,0.1748288572933122
Pando,Manuripi,Puerto Rico,C4,refrigerador,basse,acces_2050,2035,0.9359410417323027,0.4104320337197049
Pando,Manuripi,Puerto Rico,C4,microondas,basse,acces_2050,2035,0.9359410417323027,0.0258030542390731
Pando,Manuripi,Puerto Rico,C4,calefon,basse,acces_2050,2035,0.9359410417323027,0.020010531858873
Pando,Manuripi,Puerto Rico,C4,aire_acondicionado,basse,acces_2050,2035,0.9359410417323027,0.0279094260136914
Pando,Manuripi,Puerto Rico,C4,lavadora,basse,acces_2050,2035,0.9359410417323027,0.1748288572933122
Pando,Manuripi,Puerto Rico,C4,radio,basse,acces_2050,2035,0.9359410417323027,0.3923117430226435
Pando,Manuripi,Puerto Rico,C4,television,basse,acces_2050,2035,0.9359410417323027,0.4507635597682991
Pando,Manuripi,Puerto Rico,C4,telefono,basse,acces_2050,2035,0.9359410417323027,0.8680336487907466
Pando,Manuripi,Puerto Rico,C4,computadora,basse,acces_2050,2035,0.9359410417323027,0.2726315789473684
Pando,Manuripi,Puerto Rico,C4,internet,basse,acces_2050,2035,0.9359410417323027,0.1748288572933122
Pando,Manuripi,Puerto Rico,C4,refrigerador,basse,acces_2050,2050,1.0,0.4104320337197049
Pando,Manuripi,Puerto Rico,C4,microondas,basse,acces_2050,2050,1.0,0.0258030542390731
Pando,Manuripi,Puerto Rico,C4,calefon,basse,acces_2050,2050,1.0,0.020010531858873
Pando,Manuripi,Puerto Rico,C4,aire_acondicionado,basse,acces_2050,2050,1.0,0.0279094260136914
Pando,Manuripi,Puerto Rico,C4,lavadora,basse,acces_2050,2050,1.0,0.1748288572933122
Pando,Manuripi,Puerto Rico,C4,radio,basse,acces_2050,2050,1.0,0.3923117430226435
Pando,Manuripi,Puerto Rico,C4,television,basse,acces_2050,2050,1.0,0.4507635597682991
Pando,Manuripi,Puerto Rico,C4,telefono,basse,acces_2050,2050,1.0,0.8680336487907466
Pando,Manuripi,Puerto Rico,C4,computadora,basse,acces_2050,2050,1.0,0.2726315789473684
Pando,Manuripi,Puerto Rico,C4,internet,basse,acces_2050,2050,1.0,0.1748288572933122
Pando,Manuripi,San Pedro,C4,refrigerador,basse,acces_2050,2024,0.3970588235294117,0.0
Pando,Manuripi,San Pedro,C4,microondas,basse,acces_2050,2024,0.3970588235294117,0.0
Pando,Manuripi,San Pedro,C4,calefon,basse,acces_2050,2024,0.3970588235294117,0.0035523978685612
Pando,Manuripi,San Pedro,C4,aire_acondicionado,basse,acces_2050,2024,0.3970588235294117,0.0
Pando,Manuripi,San Pedro,C4,lavadora,basse,acces_2050,2024,0.3970588235294117,0.0
Pando,Manuripi,San Pedro,C4,radio,basse,acces_2050,2024,0.3970588235294117,0.6702127659574468
Pando,Manuripi,San Pedro,C4,television,basse,acces_2050,2024,0.3970588235294117,0.1719858156028368
Pando,Manuripi,San Pedro,C4,telefono,basse,acces_2050,2024,0.3970588235294117,0.6453900709219859
Pando,Manuripi,San Pedro,C4,computadora,basse,acces_2050,2024,0.3970588235294117,0.0479573712255772
Pando,Manuripi,San Pedro,C4,internet,basse,acces_2050,2024,0.3970588235294117,0.0035523978685612
Pando,Manuripi,San Pedro,C4,refrigerador,basse,acces_2050,2035,0.6795574765696962,0.0
Pando,Manuripi,San Pedro,C4,microondas,basse,acces_2050,2035,0.6795574765696962,0.0
Pando,Manuripi,San Pedro,C4,calefon,basse,acces_2050,2035,0.6795574765696962,0.0035523978685612
Pando,Manuripi,San Pedro,C4,aire_acondicionado,basse,acces_2050,2035,0.6795574765696962,0.0
Pando,Manuripi,San Pedro,C4,lavadora,basse,acces_2050,2035,0.6795574765696962,0.0
Pando,Manuripi,San Pedro,C4,radio,basse,acces_2050,2035,0.6795574765696962,0.6702127659574468
Pando,Manuripi,San Pedro,C4,television,basse,acces_2050,2035,0.6795574765696962,0.1719858156028368
Pando,Manuripi,San Pedro,C4,telefono,basse,acces_2050,2035,0.6795574765696962,0.6453900709219859
Pando,Manuripi,San Pedro,C4,computadora,basse,acces_2050,2035,0.6795574765696962,0.0479573712255772
Pando,Manuripi,San Pedro,C4,internet,basse,acces_2050,2035,0.6795574765696962,0.0035523978685612
Pando,Manuripi,San Pedro,C4,refrigerador,basse,acces_2050,2050,1.0,0.0
Pando,Manuripi,San Pedro,C4,microondas,basse,acces_2050,2050,1.0,0.0
Pando,Manuripi,San Pedro,C4,calefon,basse,acces_2050,2050,1.0,0.0035523978685612
Pando,Manuripi,San Pedro,C4,aire_acondicionado,basse,acces_2050,2050,1.0,0.0
Pando,Manuripi,San Pedro,C4,lavadora,basse,acces_2050,2050,1.0,0.0
Pando,Manuripi,San Pedro,C4,radio,basse,acces_2050,2050,1.0,0.6702127659574468
Pando,Manuripi,San Pedro,C4,television,basse,acces_2050,2050,1.0,0.1719858156028368
Pando,Manuripi,San Pedro,C4,telefono,basse,acces_2050,2050,1.0,0.6453900709219859
Pando,Manuripi,San Pedro,C4,computadora,basse,acces_2050,2050,1.0,0.0479573712255772
Pando,Manuripi,San Pedro,C4,internet,basse,acces_2050,2050,1.0,0.0035523978685612
Pando,Manuripi,Filadelfia,C4,refrigerador,basse,acces_2050,2024,0.7637231503579952,0.2855366763365106
Pando,Manuripi,Filadelfia,C4,microondas,basse,acces_2050,2024,0.7637231503579952,0.0198922503108164
Pando,Manuripi,Filadelfia,C4,calefon,basse,acces_2050,2024,0.7637231503579952,0.019485903814262
Pando,Manuripi,Filadelfia,C4,aire_acondicionado,basse,acces_2050,2024,0.7637231503579952,0.0078740157480314
Pando,Manuripi,Filadelfia,C4,lavadora,basse,acces_2050,2024,0.7637231503579952,0.1209610604805302
Pando,Manuripi,Filadelfia,C4,radio,basse,acces_2050,2024,0.7637231503579952,0.3974305843348529
Pando,Manuripi,Filadelfia,C4,television,basse,acces_2050,2024,0.7637231503579952,0.4101077050538525
Pando,Manuripi,Filadelfia,C4,telefono,basse,acces_2050,2024,0.7637231503579952,0.8475559237779619
Pando,Manuripi,Filadelfia,C4,computadora,basse,acces_2050,2024,0.7637231503579952,0.0981772990886495
Pando,Manuripi,Filadelfia,C4,internet,basse,acces_2050,2024,0.7637231503579952,0.0376967688483844
Pando,Manuripi,Filadelfia,C4,refrigerador,basse,acces_2050,2035,0.9040425271970838,0.2855366763365106
Pando,Manuripi,Filadelfia,C4,microondas,basse,acces_2050,2035,0.9040425271970838,0.0198922503108164
Pando,Manuripi,Filadelfia,C4,calefon,basse,acces_2050,2035,0.9040425271970838,0.019485903814262
Pando,Manuripi,Filadelfia,C4,aire_acondicionado,basse,acces_2050,2035,0.9040425271970838,0.0078740157480314
Pando,Manuripi,Filadelfia,C4,lavadora,basse,acces_2050,2035,0.9040425271970838,0.1209610604805302
Pando,Manuripi,Filadelfia,C4,radio,basse,acces_2050,2035,0.9040425271970838,0.3974305843348529
Pando,Manuripi,Filadelfia,C4,television,basse,acces_2050,2035,0.9040425271970838,0.4101077050538525
Pando,Manuripi,Filadelfia,C4,telefono,basse,acces_2050,2035,0.9040425271970838,0.8475559237779619
Pando,Manuripi,Filadelfia,C4,computadora,basse,acces_2050,2035,0.9040425271970838,0.0981772990886495
Pando,Manuripi,Filadelfia,C4,internet,basse,acces_2050,2035,0.9040425271970838,0.0376967688483844
Pando,Manuripi,Filadelfia,C4,refrigerador,basse,acces_2050,2050,1.0,0.2855366763365106
Pando,Manuripi,Filadelfia,C4,microondas,basse,acces_2050,2050,1.0,0.0198922503108164
Pando,Manuripi,Filadelfia,C4,calefon,basse,acces_2050,2050,1.0,0.019485903814262
Pando,Manuripi,Filadelfia,C4,aire_acondicionado,basse,acces_2050,2050,1.0,0.0078740157480314
Pando,Manuripi,Filadelfia,C4,lavadora,basse,acces_2050,2050,1.0,0.1209610604805302
Pando,Manuripi,Filadelfia,C4,radio,basse,acces_2050,2050,1.0,0.3974305843348529
Pando,Manuripi,Filadelfia,C4,television,basse,acces_2050,2050,1.0,0.4101077050538525
Pando,Manuripi,Filadelfia,C4,telefono,basse,acces_2050,2050,1.0,0.8475559237779619
Pando,Manuripi,Filadelfia,C4,computadora,basse,acces_2050,2050,1.0,0.0981772990886495
Pando,Manuripi,Filadelfia,C4,internet,basse,acces_2050,2050,1.0,0.0376967688483844
Pando,Madre de Dios,Puerto Gonzalo Moreno,C3,refrigerador,basse,acces_2050,2024,0.8229007633587786,0.2776859504132231
Pando,Madre de Dios,Puerto Gonzalo Moreno,C3,microondas,basse,acces_2050,2024,0.8229007633587786,0.0198347107438016
Pando,Madre de Dios,Puerto Gonzalo Moreno,C3,calefon,basse,acces_2050,2024,0.8229007633587786,0.015426997245179
Pando,Madre de Dios,Puerto Gonzalo Moreno,C3,aire_acondicionado,basse,acces_2050,2024,0.8229007633587786,0.009366391184573
Pando,Madre de Dios,Puerto Gonzalo Moreno,C3,lavadora,basse,acces_2050,2024,0.8229007633587786,0.0568119139547711
Pando,Madre de Dios,Puerto Gonzalo Moreno,C3,radio,basse,acces_2050,2024,0.8229007633587786,0.521763085399449
Pando,Madre de Dios,Puerto Gonzalo Moreno,C3,television,basse,acces_2050,2024,0.8229007633587786,0.4754820936639118
Pando,Madre de Dios,Puerto Gonzalo Moreno,C3,telefono,basse,acces_2050,2024,0.8229007633587786,0.74696802646086
Pando,Madre de Dios,Puerto Gonzalo Moreno,C3,computadora,basse,acces_2050,2024,0.8229007633587786,0.1063360881542699
Pando,Madre de Dios,Puerto Gonzalo Moreno,C3,internet,basse,acces_2050,2024,0.8229007633587786,0.0297684674751929
Pando,Madre de Dios,Puerto Gonzalo Moreno,C3,refrigerador,basse,acces_2050,2035,0.9308407913287676,0.2776859504132231
Pando,Madre de Dios,Puerto Gonzalo Moreno,C3,microondas,basse,acces_2050,2035,0.9308407913287676,0.0198347107438016
Pando,Madre de Dios,Puerto Gonzalo Moreno,C3,calefon,basse,acces_2050,2035,0.9308407913287676,0.015426997245179
Pando,Madre de Dios,Puerto Gonzalo Moreno,C3,aire_acondicionado,basse,acces_2050,2035,0.9308407913287676,0.009366391184573
Pando,Madre de Dios,Puerto Gonzalo Moreno,C3,lavadora,basse,acces_2050,2035,0.9308407913287676,0.0568119139547711
Pando,Madre de Dios,Puerto Gonzalo Moreno,C3,radio,basse,acces_2050,2035,0.9308407913287676,0.521763085399449
Pando,Madre de Dios,Puerto Gonzalo Moreno,C3,television,basse,acces_2050,2035,0.9308407913287676,0.4754820936639118
Pando,Madre de Dios,Puerto Gonzalo Moreno,C3,telefono,basse,acces_2050,2035,0.9308407913287676,0.74696802646086
Pando,Madre de Dios,Puerto Gonzalo Moreno,C3,computadora,basse,acces_2050,2035,0.9308407913287676,0.1063360881542699
Pando,Madre de Dios,Puerto Gonzalo Moreno,C3,internet,basse,acces_2050,2035,0.9308407913287676,0.0297684674751929
Pando,Madre de Dios,Puerto Gonzalo Moreno,C3,refrigerador,basse,acces_2050,2050,1.0,0.2776859504132231
Pando,Madre de Dios,Puerto Gonzalo Moreno,C3,microondas,basse,acces_2050,2050,1.0,0.0198347107438016
Pando,Madre de Dios,Puerto Gonzalo Moreno,C3,calefon,basse,acces_2050,2050,1.0,0.015426997245179
Pando,Madre de Dios,Puerto Gonzalo Moreno,C3,aire_acondicionado,basse,acces_2050,2050,1.0,0.009366391184573
Pando,Madre de Dios,Puerto Gonzalo Moreno,C3,lavadora,basse,acces_2050,2050,1.0,0.0568119139547711
Pando,Madre de Dios,Puerto Gonzalo Moreno,C3,radio,basse,acces_2050,2050,1.0,0.521763085399449
Pando,Madre de Dios,Puerto Gonzalo Moreno,C3,television,basse,acces_2050,2050,1.0,0.4754820936639118
Pando,Madre de Dios,Puerto Gonzalo Moreno,C3,telefono,basse,acces_2050,2050,1.0,0.74696802646086
Pando,Madre de Dios,Puerto Gonzalo Moreno,C3,computadora,basse,acces_2050,2050,1.0,0.1063360881542699
Pando,Madre de Dios,Puerto Gonzalo Moreno,C3,internet,basse,acces_2050,2050,1.0,0.0297684674751929
Pando,Madre de Dios,San Lorenzo,C4,refrigerador,basse,acces_2050,2024,0.8367567567567568,0.2832469775474956
Pando,Madre de Dios,San Lorenzo,C4,microondas,basse,acces_2050,2024,0.8367567567567568,0.0115074798619102
Pando,Madre de Dios,San Lorenzo,C4,calefon,basse,acces_2050,2024,0.8367567567567568,0.0097813578826237
Pando,Madre de Dios,San Lorenzo,C4,aire_acondicionado,basse,acces_2050,2024,0.8367567567567568,0.0086306098964326
Pando,Madre de Dios,San Lorenzo,C4,lavadora,basse,acces_2050,2024,0.8367567567567568,0.0909090909090909
Pando,Madre de Dios,San Lorenzo,C4,radio,basse,acces_2050,2024,0.8367567567567568,0.3906789413118527
Pando,Madre de Dios,San Lorenzo,C4,television,basse,acces_2050,2024,0.8367567567567568,0.4490500863557858
Pando,Madre de Dios,San Lorenzo,C4,telefono,basse,acces_2050,2024,0.8367567567567568,0.8301669545192861
Pando,Madre de Dios,San Lorenzo,C4,computadora,basse,acces_2050,2024,0.8367567567567568,0.1013241220495106
Pando,Madre de Dios,San Lorenzo,C4,internet,basse,acces_2050,2024,0.8367567567567568,0.0558434081750143
Pando,Madre de Dios,San Lorenzo,C4,refrigerador,basse,acces_2050,2035,0.9461771481834212,0.2832469775474956
Pando,Madre de Dios,San Lorenzo,C4,microondas,basse,acces_2050,2035,0.9461771481834212,0.0115074798619102
Pando,Madre de Dios,San Lorenzo,C4,calefon,basse,acces_2050,2035,0.9461771481834212,0.0097813578826237
Pando,Madre de Dios,San Lorenzo,C4,aire_acondicionado,basse,acces_2050,2035,0.9461771481834212,0.0086306098964326
Pando,Madre de Dios,San Lorenzo,C4,lavadora,basse,acces_2050,2035,0.9461771481834212,0.0909090909090909
Pando,Madre de Dios,San Lorenzo,C4,radio,basse,acces_2050,2035,0.9461771481834212,0.3906789413118527
Pando,Madre de Dios,San Lorenzo,C4,television,basse,acces_2050,2035,0.9461771481834212,0.4490500863557858
Pando,Madre de Dios,San Lorenzo,C4,telefono,basse,acces_2050,2035,0.9461771481834212,0.8301669545192861
Pando,Madre de Dios,San Lorenzo,C4,computadora,basse,acces_2050,2035,0.9461771481834212,0.1013241220495106
Pando,Madre de Dios,San Lorenzo,C4,internet,basse,acces_2050,2035,0.9461771481834212,0.0558434081750143
Pando,Madre de Dios,San Lorenzo,C4,refrigerador,basse,acces_2050,2050,1.0,0.2832469775474956
Pando,Madre de Dios,San Lorenzo,C4,microondas,basse,acces_2050,2050,1.0,0.0115074798619102
Pando,Madre de Dios,San Lorenzo,C4,calefon,basse,acces_2050,2050,1.0,0.0097813578826237
Pando,Madre de Dios,San Lorenzo,C4,aire_acondicionado,basse,acces_2050,2050,1.0,0.0086306098964326
Pando,Madre de Dios,San Lorenzo,C4,lavadora,basse,acces_2050,2050,1.0,0.0909090909090909
Pando,Madre de Dios,San Lorenzo,C4,radio,basse,acces_2050,2050,1.0,0.3906789413118527
Pando,Madre de Dios,San Lorenzo,C4,television,basse,acces_2050,2050,1.0,0.4490500863557858
Pando,Madre de Dios,San Lorenzo,C4,telefono,basse,acces_2050,2050,1.0,0.8301669545192861
Pando,Madre de Dios,San Lorenzo,C4,computadora,basse,acces_2050,2050,1.0,0.1013241220495106
Pando,Madre de Dios,San Lorenzo,C4,internet,basse,acces_2050,2050,1.0,0.0558434081750143
Pando,Madre de Dios,Sena,C4,refrigerador,basse,acces_2050,2024,0.6267826086956522,0.214075165806927
Pando,Madre de Dios,Sena,C4,microondas,basse,acces_2050,2024,0.6267826086956522,0.0143699336772291
Pando,Madre de Dios,Sena,C4,calefon,basse,acces_2050,2024,0.6267826086956522,0.0132645541635961
Pando,Madre de Dios,Sena,C4,aire_acondicionado,basse,acces_2050,2024,0.6267826086956522,0.0162182086251382
Pando,Madre de Dios,Sena,C4,lavadora,basse,acces_2050,2024,0.6267826086956522,0.0762992996682639
Pando,Madre de Dios,Sena,C4,radio,basse,acces_2050,2024,0.6267826086956522,0.3550644567219153
Pando,Madre de Dios,Sena,C4,television,basse,acces_2050,2024,0.6267826086956522,0.3667526723184666
Pando,Madre de Dios,Sena,C4,telefono,basse,acces_2050,2024,0.6267826086956522,0.7874769797421731
Pando,Madre de Dios,Sena,C4,computadora,basse,acces_2050,2024,0.6267826086956522,0.1046425939572586
Pando,Madre de Dios,Sena,C4,internet,basse,acces_2050,2024,0.6267826086956522,0.1201179071481208
Pando,Madre de Dios,Sena,C4,refrigerador,basse,acces_2050,2035,0.8654448704901772,0.214075165806927
Pando,Madre de Dios,Sena,C4,microondas,basse,acces_2050,2035,0.8654448704901772,0.0143699336772291
Pando,Madre de Dios,Sena,C4,calefon,basse,acces_2050,2035,0.8654448704901772,0.0132645541635961
Pando,Madre de Dios,Sena,C4,aire_acondicionado,basse,acces_2050,2035,0.8654448704901772,0.0162182086251382
Pando,Madre de Dios,Sena,C4,lavadora,basse,acces_2050,2035,0.8654448704901772,0.0762992996682639
Pando,Madre de Dios,Sena,C4,radio,basse,acces_2050,2035,0.8654448704901772,0.3550644567219153
Pando,Madre de Dios,Sena,C4,television,basse,acces_2050,2035,0.8654448704901772,0.3667526723184666
Pando,Madre de Dios,Sena,C4,telefono,basse,acces_2050,2035,0.8654448704901772,0.7874769797421731
Pando,Madre de Dios,Sena,C4,computadora,basse,acces_2050,2035,0.8654448704901772,0.1046425939572586
Pando,Madre de Dios,Sena,C4,internet,basse,acces_2050,2035,0.8654448704901772,0.1201179071481208
Pando,Madre de Dios,Sena,C4,refrigerador,basse,acces_2050,2050,1.0,0.214075165806927
Pando,Madre de Dios,Sena,C4,microondas,basse,acces_2050,2050,1.0,0.0143699336772291
Pando,Madre de Dios,Sena,C4,calefon,basse,acces_2050,2050,1.0,0.0132645541635961
Pando,Madre de Dios,Sena,C4,aire_acondicionado,basse,acces_2050,2050,1.0,0.0162182086251382
Pando,Madre de Dios,Sena,C4,lavadora,basse,acces_2050,2050,1.0,0.0762992996682639
Pando,Madre de Dios,Sena,C4,radio,basse,acces_2050,2050,1.0,0.3550644567219153
Pando,Madre de Dios,Sena,C4,television,basse,acces_2050,2050,1.0,0.3667526723184666
Pando,Madre de Dios,Sena,C4,telefono,basse,acces_2050,2050,1.0,0.7874769797421731
Pando,Madre de Dios,Sena,C4,computadora,basse,acces_2050,2050,1.0,0.1046425939572586
Pando,Madre de Dios,Sena,C4,internet,basse,acces_2050,2050,1.0,0.1201179071481208
Pando,Abuná,Santa Rosa,C4,refrigerador,basse,acces_2050,2024,0.8267441860465117,0.3933823529411764
Pando,Abuná,Santa Rosa,C4,microondas,basse,acces_2050,2024,0.8267441860465117,0.0183823529411764
Pando,Abuná,Santa Rosa,C4,calefon,basse,acces_2050,2024,0.8267441860465117,0.0208333333333333
Pando,Abuná,Santa Rosa,C4,aire_acondicionado,basse,acces_2050,2024,0.8267441860465117,0.0098039215686274
Pando,Abuná,Santa Rosa,C4,lavadora,basse,acces_2050,2024,0.8267441860465117,0.1580882352941176
Pando,Abuná,Santa Rosa,C4,radio,basse,acces_2050,2024,0.8267441860465117,0.3644171779141104
Pando,Abuná,Santa Rosa,C4,television,basse,acces_2050,2024,0.8267441860465117,0.4392638036809816
Pando,Abuná,Santa Rosa,C4,telefono,basse,acces_2050,2024,0.8267441860465117,0.8355828220858895
Pando,Abuná,Santa Rosa,C4,computadora,basse,acces_2050,2024,0.8267441860465117,0.1482843137254902
Pando,Abuná,Santa Rosa,C4,internet,basse,acces_2050,2024,0.8267441860465117,0.0429447852760736
Pando,Abuná,Santa Rosa,C4,refrigerador,basse,acces_2050,2035,0.9303815922460258,0.3933823529411764
Pando,Abuná,Santa Rosa,C4,microondas,basse,acces_2050,2035,0.9303815922460258,0.0183823529411764
Pando,Abuná,Santa Rosa,C4,calefon,basse,acces_2050,2035,0.9303815922460258,0.0208333333333333
Pando,Abuná,Santa Rosa,C4,aire_acondicionado,basse,acces_2050,2035,0.9303815922460258,0.0098039215686274
Pando,Abuná,Santa Rosa,C4,lavadora,basse,acces_2050,2035,0.9303815922460258,0.1580882352941176
Pando,Abuná,Santa Rosa,C4,radio,basse,acces_2050,2035,0.9303815922460258,0.3644171779141104
Pando,Abuná,Santa Rosa,C4,television,basse,acces_2050,2035,0.9303815922460258,0.4392638036809816
Pando,Abuná,Santa Rosa,C4,telefono,basse,acces_2050,2035,0.9303815922460258,0.8355828220858895
Pando,Abuná,Santa Rosa,C4,computadora,basse,acces_2050,2035,0.9303815922460258,0.1482843137254902
Pando,Abuná,Santa Rosa,C4,internet,basse,acces_2050,2035,0.9303815922460258,0.0429447852760736
Pando,Abuná,Santa Rosa,C4,refrigerador,basse,acces_2050,2050,1.0,0.3933823529411764
Pando,Abuná,Santa Rosa,C4,microondas,basse,acces_2050,2050,1.0,0.0183823529411764
Pando,Abuná,Santa Rosa,C4,calefon,basse,acces_2050,2050,1.0,0.0208333333333333
Pando,Abuná,Santa Rosa,C4,aire_acondicionado,basse,acces_2050,2050,1.0,0.0098039215686274
Pando,Abuná,Santa Rosa,C4,lavadora,basse,acces_2050,2050,1.0,0.1580882352941176
Pando,Abuná,Santa Rosa,C4,radio,basse,acces_2050,2050,1.0,0.3644171779141104
Pando,Abuná,Santa Rosa,C4,television,basse,acces_2050,2050,1.0,0.4392638036809816
Pando,Abuná,Santa Rosa,C4,telefono,basse,acces_2050,2050,1.0,0.8355828220858895
Pando,Abuná,Santa Rosa,C4,computadora,basse,acces_2050,2050,1.0,0.1482843137254902
Pando,Abuná,Santa Rosa,C4,internet,basse,acces_2050,2050,1.0,0.0429447852760736
Pando,Abuná,Ingavi,C4,refrigerador,basse,acces_2050,2024,0.5978428351309707,0.0425531914893617
Pando,Abuná,Ingavi,C4,microondas,basse,acces_2050,2024,0.5978428351309707,0.0032733224222585
Pando,Abuná,Ingavi,C4,calefon,basse,acces_2050,2024,0.5978428351309707,0.0130932896890343
Pando,Abuná,Ingavi,C4,aire_acondicionado,basse,acces_2050,2024,0.5978428351309707,0.0
Pando,Abuná,Ingavi,C4,lavadora,basse,acces_2050,2024,0.5978428351309707,0.0098199672667757
Pando,Abuná,Ingavi,C4,radio,basse,acces_2050,2024,0.5978428351309707,0.4173486088379705
Pando,Abuná,Ingavi,C4,television,basse,acces_2050,2024,0.5978428351309707,0.2945990180032733
Pando,Abuná,Ingavi,C4,telefono,basse,acces_2050,2024,0.5978428351309707,0.7855973813420621
Pando,Abuná,Ingavi,C4,computadora,basse,acces_2050,2024,0.5978428351309707,0.0704918032786885
Pando,Abuná,Ingavi,C4,internet,basse,acces_2050,2024,0.5978428351309707,0.0344262295081967
Pando,Abuná,Ingavi,C4,refrigerador,basse,acces_2050,2035,0.7679862510370985,0.0425531914893617
Pando,Abuná,Ingavi,C4,microondas,basse,acces_2050,2035,0.7679862510370985,0.0032733224222585
Pando,Abuná,Ingavi,C4,calefon,basse,acces_2050,2035,0.7679862510370985,0.0130932896890343
Pando,Abuná,Ingavi,C4,aire_acondicionado,basse,acces_2050,2035,0.7679862510370985,0.0
Pando,Abuná,Ingavi,C4,lavadora,basse,acces_2050,2035,0.7679862510370985,0.0098199672667757
Pando,Abuná,Ingavi,C4,radio,basse,acces_2050,2035,0.7679862510370985,0.4173486088379705
Pando,Abuná,Ingavi,C4,television,basse,acces_2050,2035,0.7679862510370985,0.2945990180032733
Pando,Abuná,Ingavi,C4,telefono,basse,acces_2050,2035,0.7679862510370985,0.7855973813420621
Pando,Abuná,Ingavi,C4,computadora,basse,acces_2050,2035,0.7679862510370985,0.0704918032786885
Pando,Abuná,Ingavi,C4,internet,basse,acces_2050,2035,0.7679862510370985,0.0344262295081967
Pando,Abuná,Ingavi,C4,refrigerador,basse,acces_2050,2050,1.0,0.0425531914893617
Pando,Abuná,Ingavi,C4,microondas,basse,acces_2050,2050,1.0,0.0032733224222585
Pando,Abuná,Ingavi,C4,calefon,basse,acces_2050,2050,1.0,0.0130932896890343
Pando,Abuná,Ingavi,C4,aire_acondicionado,basse,acces_2050,2050,1.0,0.0
Pando,Abuná,Ingavi,C4,lavadora,basse,acces_2050,2050,1.0,0.0098199672667757
Pando,Abuná,Ingavi,C4,radio,basse,acces_2050,2050,1.0,0.4173486088379705
Pando,Abuná,Ingavi,C4,television,basse,acces_2050,2050,1.0,0.2945990180032733
Pando,Abuná,Ingavi,C4,telefono,basse,acces_2050,2050,1.0,0.7855973813420621
Pando,Abuná,Ingavi,C4,computadora,basse,acces_2050,2050,1.0,0.0704918032786885
Pando,Abuná,Ingavi,C4,internet,basse,acces_2050,2050,1.0,0.0344262295081967
Pando,Federico Román,Nueva Esperanza,C4,refrigerador,basse,acces_2050,2024,0.6912065439672802,0.038543897216274
Pando,Federico Román,Nueva Esperanza,C4,microondas,basse,acces_2050,2024,0.6912065439672802,0.0021459227467811
Pando,Federico Román,Nueva Esperanza,C4,calefon,basse,acces_2050,2024,0.6912065439672802,0.0064377682403433
Pando,Federico Román,Nueva Esperanza,C4,aire_acondicionado,basse,acces_2050,2024,0.6912065439672802,0.0
Pando,Federico Román,Nueva Esperanza,C4,lavadora,basse,acces_2050,2024,0.6912065439672802,0.0085836909871244
Pando,Federico Román,Nueva Esperanza,C4,radio,basse,acces_2050,2024,0.6912065439672802,0.3049040511727079
Pando,Federico Román,Nueva Esperanza,C4,television,basse,acces_2050,2024,0.6912065439672802,0.3867521367521367
Pando,Federico Román,Nueva Esperanza,C4,telefono,basse,acces_2050,2024,0.6912065439672802,0.7841880341880342
Pando,Federico Román,Nueva Esperanza,C4,computadora,basse,acces_2050,2024,0.6912065439672802,0.1047008547008547
Pando,Federico Román,Nueva Esperanza,C4,internet,basse,acces_2050,2024,0.6912065439672802,0.0405982905982906
Pando,Federico Román,Nueva Esperanza,C4,refrigerador,basse,acces_2050,2035,0.8640845343714169,0.038543897216274
Pando,Federico Román,Nueva Esperanza,C4,microondas,basse,acces_2050,2035,0.8640845343714169,0.0021459227467811
Pando,Federico Román,Nueva Esperanza,C4,calefon,basse,acces_2050,2035,0.8640845343714169,0.0064377682403433
Pando,Federico Román,Nueva Esperanza,C4,aire_acondicionado,basse,acces_2050,2035,0.8640845343714169,0.0
Pando,Federico Román,Nueva Esperanza,C4,lavadora,basse,acces_2050,2035,0.8640845343714169,0.0085836909871244
Pando,Federico Román,Nueva Esperanza,C4,radio,basse,acces_2050,2035,0.8640845343714169,0.3049040511727079
Pando,Federico Román,Nueva Esperanza,C4,television,basse,acces_2050,2035,0.8640845343714169,0.3867521367521367
Pando,Federico Román,Nueva Esperanza,C4,telefono,basse,acces_2050,2035,0.8640845343714169,0.7841880341880342
Pando,Federico Román,Nueva Esperanza,C4,computadora,basse,acces_2050,2035,0.8640845343714169,0.1047008547008547
Pando,Federico Román,Nueva Esperanza,C4,internet,basse,acces_2050,2035,0.8640845343714169,0.0405982905982906
Pando,Federico Román,Nueva Esperanza,C4,refrigerador,basse,acces_2050,2050,1.0,0.038543897216274
Pando,Federico Román,Nueva Esperanza,C4,microondas,basse,acces_2050,2050,1.0,0.0021459227467811
Pando,Federico Román,Nueva Esperanza,C4,calefon,basse,acces_2050,2050,1.0,0.0064377682403433
Pando,Federico Román,Nueva Esperanza,C4,aire_acondicionado,basse,acces_2050,2050,1.0,0.0
Pando,Federico Román,Nueva Esperanza,C4,lavadora,basse,acces_2050,2050,1.0,0.0085836909871244
Pando,Federico Román,Nueva Esperanza,C4,radio,basse,acces_2050,2050,1.0,0.3049040511727079
Pando,Federico Román,Nueva Esperanza,C4,television,basse,acces_2050,2050,1.0,0.3867521367521367
Pando,Federico Román,Nueva Esperanza,C4,telefono,basse,acces_2050,2050,1.0,0.7841880341880342
Pando,Federico Román,Nueva Esperanza,C4,computadora,basse,acces_2050,2050,1.0,0.1047008547008547
Pando,Federico Román,Nueva Esperanza,C4,internet,basse,acces_2050,2050,1.0,0.0405982905982906
Pando,Federico Román,Villa Nueva,C4,refrigerador,basse,acces_2050,2024,0.6991525423728814,0.1714285714285714
Pando,Federico Román,Villa Nueva,C4,microondas,basse,acces_2050,2024,0.6991525423728814,0.0063492063492063
Pando,Federico Román,Villa Nueva,C4,calefon,basse,acces_2050,2024,0.6991525423728814,0.0031746031746031
Pando,Federico Román,Villa Nueva,C4,aire_acondicionado,basse,acces_2050,2024,0.6991525423728814,0.0031746031746031
Pando,Federico Román,Villa Nueva,C4,lavadora,basse,acces_2050,2024,0.6991525423728814,0.0206349206349206
Pando,Federico Román,Villa Nueva,C4,radio,basse,acces_2050,2024,0.6991525423728814,0.3946117274167987
Pando,Federico Román,Villa Nueva,C4,television,basse,acces_2050,2024,0.6991525423728814,0.319047619047619
Pando,Federico Román,Villa Nueva,C4,telefono,basse,acces_2050,2024,0.6991525423728814,0.7429022082018928
Pando,Federico Román,Villa Nueva,C4,computadora,basse,acces_2050,2024,0.6991525423728814,0.0555555555555555
Pando,Federico Román,Villa Nueva,C4,internet,basse,acces_2050,2024,0.6991525423728814,0.0253968253968253
Pando,Federico Román,Villa Nueva,C4,refrigerador,basse,acces_2050,2035,0.856226825712185,0.1714285714285714
Pando,Federico Román,Villa Nueva,C4,microondas,basse,acces_2050,2035,0.856226825712185,0.0063492063492063
Pando,Federico Román,Villa Nueva,C4,calefon,basse,acces_2050,2035,0.856226825712185,0.0031746031746031
Pando,Federico Román,Villa Nueva,C4,aire_acondicionado,basse,acces_2050,2035,0.856226825712185,0.0031746031746031
Pando,Federico Román,Villa Nueva,C4,lavadora,basse,acces_2050,2035,0.856226825712185,0.0206349206349206
Pando,Federico Román,Villa Nueva,C4,radio,basse,acces_2050,2035,0.856226825712185,0.3946117274167987
Pando,Federico Román,Villa Nueva,C4,television,basse,acces_2050,2035,0.856226825712185,0.319047619047619
Pando,Federico Román,Villa Nueva,C4,telefono,basse,acces_2050,2035,0.856226825712185,0.7429022082018928
Pando,Federico Román,Villa Nueva,C4,computadora,basse,acces_2050,2035,0.856226825712185,0.0555555555555555
Pando,Federico Román,Villa Nueva,C4,internet,basse,acces_2050,2035,0.856226825712185,0.0253968253968253
Pando,Federico Román,Villa Nueva,C4,refrigerador,basse,acces_2050,2050,1.0,0.1714285714285714
Pando,Federico Román,Villa Nueva,C4,microondas,basse,acces_2050,2050,1.0,0.0063492063492063
Pando,Federico Román,Villa Nueva,C4,calefon,basse,acces_2050,2050,1.0,0.0031746031746031
Pando,Federico Román,Villa Nueva,C4,aire_acondicionado,basse,acces_2050,2050,1.0,0.0031746031746031
Pando,Federico Román,Villa Nueva,C4,lavadora,basse,acces_2050,2050,1.0,0.0206349206349206
Pando,Federico Román,Villa Nueva,C4,radio,basse,acces_2050,2050,1.0,0.3946117274167987
Pando,Federico Román,Villa Nueva,C4,television,basse,acces_2050,2050,1.0,0.319047619047619
Pando,Federico Román,Villa Nueva,C4,telefono,basse,acces_2050,2050,1.0,0.7429022082018928
Pando,Federico Román,Villa Nueva,C4,computadora,basse,acces_2050,2050,1.0,0.0555555555555555
Pando,Federico Román,Villa Nueva,C4,internet,basse,acces_2050,2050,1.0,0.0253968253968253
Pando,Federico Román,Santos Mercado,C4,refrigerador,basse,acces_2050,2024,0.653910149750416,0.1161048689138576
Pando,Federico Román,Santos Mercado,C4,microondas,basse,acces_2050,2024,0.653910149750416,0.0074906367041198
Pando,Federico Román,Santos Mercado,C4,calefon,basse,acces_2050,2024,0.653910149750416,0.0037453183520599
Pando,Federico Román,Santos Mercado,C4,aire_acondicionado,basse,acces_2050,2024,0.653910149750416,0.0037453183520599
Pando,Federico Román,Santos Mercado,C4,lavadora,basse,acces_2050,2024,0.653910149750416,0.0262664165103189
Pando,Federico Román,Santos Mercado,C4,radio,basse,acces_2050,2024,0.653910149750416,0.3670411985018726
Pando,Federico Román,Santos Mercado,C4,television,basse,acces_2050,2024,0.653910149750416,0.3146067415730337
Pando,Federico Román,Santos Mercado,C4,telefono,basse,acces_2050,2024,0.653910149750416,0.7434456928838952
Pando,Federico Román,Santos Mercado,C4,computadora,basse,acces_2050,2024,0.653910149750416,0.048689138576779
Pando,Federico Román,Santos Mercado,C4,internet,basse,acces_2050,2024,0.653910149750416,0.0149812734082397
Pando,Federico Román,Santos Mercado,C4,refrigerador,basse,acces_2050,2035,0.8342490606325665,0.1161048689138576
Pando,Federico Román,Santos Mercado,C4,microondas,basse,acces_2050,2035,0.8342490606325665,0.0074906367041198
Pando,Federico Román,Santos Mercado,C4,calefon,basse,acces_2050,2035,0.8342490606325665,0.0037453183520599
Pando,Federico Román,Santos Mercado,C4,aire_acondicionado,basse,acces_2050,2035,0.8342490606325665,0.0037453183520599
Pando,Federico Román,Santos Mercado,C4,lavadora,basse,acces_2050,2035,0.8342490606325665,0.0262664165103189
Pando,Federico Román,Santos Mercado,C4,radio,basse,acces_2050,2035,0.8342490606325665,0.3670411985018726
Pando,Federico Román,Santos Mercado,C4,television,basse,acces_2050,2035,0.8342490606325665,0.3146067415730337
Pando,Federico Román,Santos Mercado,C4,telefono,basse,acces_2050,2035,0.8342490606325665,0.7434456928838952
Pando,Federico Román,Santos Mercado,C4,computadora,basse,acces_2050,2035,0.8342490606325665,0.048689138576779
Pando,Federico Román,Santos Mercado,C4,internet,basse,acces_2050,2035,0.8342490606325665,0.0149812734082397
Pando,Federico Román,Santos Mercado,C4,refrigerador,basse,acces_2050,2050,1.0,0.1161048689138576
Pando,Federico Román,Santos Mercado,C4,microondas,basse,acces_2050,2050,1.0,0.0074906367041198
Pando,Federico Román,Santos Mercado,C4,calefon,basse,acces_2050,2050,1.0,0.0037453183520599
Pando,Federico Román,Santos Mercado,C4,aire_acondicionado,basse,acces_2050,2050,1.0,0.0037453183520599
Pando,Federico Román,Santos Mercado,C4,lavadora,basse,acces_2050,2050,1.0,0.0262664165103189
Pando,Federico Román,Santos Mercado,C4,radio,basse,acces_2050,2050,1.0,0.3670411985018726
Pando,Federico Román,Santos Mercado,C4,television,basse,acces_2050,2050,1.0,0.3146067415730337
Pando,Federico Román,Santos Mercado,C4,telefono,basse,acces_2050,2050,1.0,0.7434456928838952
Pando,Federico Román,Santos Mercado,C4,computadora,basse,acces_2050,2050,1.0,0.048689138576779
Pando,Federico Román,Santos Mercado,C4,internet,basse,acces_2050,2050,1.0,0.0149812734082397
La Paz,Abel Iturralde,Ixiamas,C1,refrigerador,hybride,acces_2035,2024,0.6845130066545675,0.2695058517555266
La Paz,Abel Iturralde,Ixiamas,C1,microondas,hybride,acces_2035,2024,0.6845130066545675,0.0347741306467338
La Paz,Abel Iturralde,Ixiamas,C1,aire_acondicionado,hybride,acces_2035,2024,0.6845130066545675,0.0143042912873862
La Paz,Abel Iturralde,Ixiamas,C1,lavadora,hybride,acces_2035,2024,0.6845130066545675,0.0900520156046814
La Paz,Abel Iturralde,Ixiamas,C1,telefono,hybride,acces_2035,2024,0.6845130066545675,0.7751383013342011
La Paz,Abel Iturralde,Ixiamas,C1,computadora,hybride,acces_2035,2024,0.6845130066545675,0.1187764399609502
La Paz,Abel Iturralde,Ixiamas,C1,internet,hybride,acces_2035,2024,0.6845130066545675,0.0553205336804425
La Paz,Abel Iturralde,Ixiamas,C1,refrigerador,hybride,acces_2035,2035,1.0,0.5881040953481024
La Paz,Abel Iturralde,Ixiamas,C1,microondas,hybride,acces_2035,2035,1.0,0.0766864514812912
La Paz,Abel Iturralde,Ixiamas,C1,aire_acondicionado,hybride,acces_2035,2035,1.0,0.0886685431673337
La Paz,Abel Iturralde,Ixiamas,C1,lavadora,hybride,acces_2035,2035,1.0,0.3360973045851914
La Paz,Abel Iturralde,Ixiamas,C1,telefono,hybride,acces_2035,2035,1.0,0.8980726264535877
La Paz,Abel Iturralde,Ixiamas,C1,computadora,hybride,acces_2035,2035,1.0,0.2563569960474675
La Paz,Abel Iturralde,Ixiamas,C1,internet,hybride,acces_2035,2035,1.0,0.3408245193887109
La Paz,Abel Iturralde,Ixiamas,C1,refrigerador,hybride,acces_2035,2050,1.0,0.5881040953481024
La Paz,Abel Iturralde,Ixiamas,C1,microondas,hybride,acces_2035,2050,1.0,0.0766864514812912
La Paz,Abel Iturralde,Ixiamas,C1,aire_acondicionado,hybride,acces_2035,2050,1.0,0.0886685431673337
La Paz,Abel Iturralde,Ixiamas,C1,lavadora,hybride,acces_2035,2050,1.0,0.3360973045851914
La Paz,Abel Iturralde,Ixiamas,C1,telefono,hybride,acces_2035,2050,1.0,0.8980726264535877
La Paz,Abel Iturralde,Ixiamas,C1,computadora,hybride,acces_2035,2050,1.0,0.2563569960474675
La Paz,Abel Iturralde,Ixiamas,C1,internet,hybride,acces_2035,2050,1.0,0.3408245193887109
Beni,Vaca Diez,Riberalta,C3,refrigerador,hybride,acces_2035,2024,0.8934115589242767,0.497653683716565
Beni,Vaca Diez,Riberalta,C3,microondas,hybride,acces_2035,2024,0.8934115589242767,0.0735064122614951
Beni,Vaca Diez,Riberalta,C3,aire_acondicionado,hybride,acces_2035,2024,0.8934115589242767,0.0686972161401313
Beni,Vaca Diez,Riberalta,C3,lavadora,hybride,acces_2035,2024,0.8934115589242767,0.2351239346313238
Beni,Vaca Diez,Riberalta,C3,telefono,hybride,acces_2035,2024,0.8934115589242767,0.867712040042232
Beni,Vaca Diez,Riberalta,C3,computadora,hybride,acces_2035,2024,0.8934115589242767,0.2281902824505124
Beni,Vaca Diez,Riberalta,C3,internet,hybride,acces_2035,2024,0.8934115589242767,0.3706485175623875
Beni,Vaca Diez,Riberalta,C3,refrigerador,hybride,acces_2035,2035,1.0,0.5881040953481024
Beni,Vaca Diez,Riberalta,C3,microondas,hybride,acces_2035,2035,1.0,0.0766864514812912
Beni,Vaca Diez,Riberalta,C3,aire_acondicionado,hybride,acces_2035,2035,1.0,0.0886685431673337
Beni,Vaca Diez,Riberalta,C3,lavadora,hybride,acces_2035,2035,1.0,0.3360973045851914
Beni,Vaca Diez,Riberalta,C3,telefono,hybride,acces_2035,2035,1.0,0.8980726264535877
Beni,Vaca Diez,Riberalta,C3,computadora,hybride,acces_2035,2035,1.0,0.2563569960474675
Beni,Vaca Diez,Riberalta,C3,internet,hybride,acces_2035,2035,1.0,0.3408245193887109
Beni,Vaca Diez,Riberalta,C3,refrigerador,hybride,acces_2035,2050,1.0,0.5881040953481024
Beni,Vaca Diez,Riberalta,C3,microondas,hybride,acces_2035,2050,1.0,0.0766864514812912
Beni,Vaca Diez,Riberalta,C3,aire_acondicionado,hybride,acces_2035,2050,1.0,0.0886685431673337
Beni,Vaca Diez,Riberalta,C3,lavadora,hybride,acces_2035,2050,1.0,0.3360973045851914
Beni,Vaca Diez,Riberalta,C3,telefono,hybride,acces_2035,2050,1.0,0.8980726264535877
Beni,Vaca Diez,Riberalta,C3,computadora,hybride,acces_2035,2050,1.0,0.2563569960474675
Beni,Vaca Diez,Riberalta,C3,internet,hybride,acces_2035,2050,1.0,0.3408245193887109
Beni,Vaca Diez,Guayaramerín,C3,refrigerador,hybride,acces_2035,2024,0.9242493802222018,0.5411799352115442
Beni,Vaca Diez,Guayaramerín,C3,microondas,hybride,acces_2035,2024,0.9242493802222018,0.0847158142730931
Beni,Vaca Diez,Guayaramerín,C3,aire_acondicionado,hybride,acces_2035,2024,0.9242493802222018,0.1135872766542313
Beni,Vaca Diez,Guayaramerín,C3,lavadora,hybride,acces_2035,2024,0.9242493802222018,0.3520172769215667
Beni,Vaca Diez,Guayaramerín,C3,telefono,hybride,acces_2035,2024,0.9242493802222018,0.8390330188679245
Beni,Vaca Diez,Guayaramerín,C3,computadora,hybride,acces_2035,2024,0.9242493802222018,0.2262630233929624
Beni,Vaca Diez,Guayaramerín,C3,internet,hybride,acces_2035,2024,0.9242493802222018,0.3903086298407706
Beni,Vaca Diez,Guayaramerín,C3,refrigerador,hybride,acces_2035,2035,1.0,0.5881040953481024
Beni,Vaca Diez,Guayaramerín,C3,microondas,hybride,acces_2035,2035,1.0,0.0766864514812912
Beni,Vaca Diez,Guayaramerín,C3,aire_acondicionado,hybride,acces_2035,2035,1.0,0.0886685431673337
Beni,Vaca Diez,Guayaramerín,C3,lavadora,hybride,acces_2035,2035,1.0,0.3360973045851914
Beni,Vaca Diez,Guayaramerín,C3,telefono,hybride,acces_2035,2035,1.0,0.8980726264535877
Beni,Vaca Diez,Guayaramerín,C3,computadora,hybride,acces_2035,2035,1.0,0.2563569960474675
Beni,Vaca Diez,Guayaramerín,C3,internet,hybride,acces_2035,2035,1.0,0.3408245193887109
Beni,Vaca Diez,Guayaramerín,C3,refrigerador,hybride,acces_2035,2050,1.0,0.5881040953481024
Beni,Vaca Diez,Guayaramerín,C3,microondas,hybride,acces_2035,2050,1.0,0.0766864514812912
Beni,Vaca Diez,Guayaramerín,C3,aire_acondicionado,hybride,acces_2035,2050,1.0,0.0886685431673337
Beni,Vaca Diez,Guayaramerín,C3,lavadora,hybride,acces_2035,2050,1.0,0.3360973045851914
Beni,Vaca Diez,Guayaramerín,C3,telefono,hybride,acces_2035,2050,1.0,0.8980726264535877
Beni,Vaca Diez,Guayaramerín,C3,computadora,hybride,acces_2035,2050,1.0,0.2563569960474675
Beni,Vaca Diez,Guayaramerín,C3,internet,hybride,acces_2035,2050,1.0,0.3408245193887109
Beni,General José Ballivián,Reyes,C1,refrigerador,hybride,acces_2035,2024,0.7919227392449517,0.4228043143297381
Beni,General José Ballivián,Reyes,C1,microondas,hybride,acces_2035,2024,0.7919227392449517,0.0644067796610169
Beni,General José Ballivián,Reyes,C1,aire_acondicionado,hybride,acces_2035,2024,0.7919227392449517,0.0523882896764252
Beni,General José Ballivián,Reyes,C1,lavadora,hybride,acces_2035,2024,0.7919227392449517,0.1796056685150955
Beni,General José Ballivián,Reyes,C1,telefono,hybride,acces_2035,2024,0.7919227392449517,0.8381128584643849
Beni,General José Ballivián,Reyes,C1,computadora,hybride,acces_2035,2024,0.7919227392449517,0.1470860314523589
Beni,General José Ballivián,Reyes,C1,internet,hybride,acces_2035,2024,0.7919227392449517,0.2238667900092507
Beni,General José Ballivián,Reyes,C1,refrigerador,hybride,acces_2035,2035,1.0,0.5881040953481024
Beni,General José Ballivián,Reyes,C1,microondas,hybride,acces_2035,2035,1.0,0.0766864514812912
Beni,General José Ballivián,Reyes,C1,aire_acondicionado,hybride,acces_2035,2035,1.0,0.0886685431673337
Beni,General José Ballivián,Reyes,C1,lavadora,hybride,acces_2035,2035,1.0,0.3360973045851914
Beni,General José Ballivián,Reyes,C1,telefono,hybride,acces_2035,2035,1.0,0.8980726264535877
Beni,General José Ballivián,Reyes,C1,computadora,hybride,acces_2035,2035,1.0,0.2563569960474675
Beni,General José Ballivián,Reyes,C1,internet,hybride,acces_2035,2035,1.0,0.3408245193887109
Beni,General José Ballivián,Reyes,C1,refrigerador,hybride,acces_2035,2050,1.0,0.5881040953481024
Beni,General José Ballivián,Reyes,C1,microondas,hybride,acces_2035,2050,1.0,0.0766864514812912
Beni,General José Ballivián,Reyes,C1,aire_acondicionado,hybride,acces_2035,2050,1.0,0.0886685431673337
Beni,General José Ballivián,Reyes,C1,lavadora,hybride,acces_2035,2050,1.0,0.3360973045851914
Beni,General José Ballivián,Reyes,C1,telefono,hybride,acces_2035,2050,1.0,0.8980726264535877
Beni,General José Ballivián,Reyes,C1,computadora,hybride,acces_2035,2050,1.0,0.2563569960474675
Beni,General José Ballivián,Reyes,C1,internet,hybride,acces_2035,2050,1.0,0.3408245193887109
Beni,General José Ballivián,Santa Rosa,C1,refrigerador,hybride,acces_2035,2024,0.8522686025408348,0.4254826254826255
Beni,General José Ballivián,Santa Rosa,C1,microondas,hybride,acces_2035,2024,0.8522686025408348,0.0513513513513513
Beni,General José Ballivián,Santa Rosa,C1,aire_acondicionado,hybride,acces_2035,2024,0.8522686025408348,0.0621621621621621
Beni,General José Ballivián,Santa Rosa,C1,lavadora,hybride,acces_2035,2024,0.8522686025408348,0.1678888460054033
Beni,General José Ballivián,Santa Rosa,C1,telefono,hybride,acces_2035,2024,0.8522686025408348,0.8758220502901354
Beni,General José Ballivián,Santa Rosa,C1,computadora,hybride,acces_2035,2024,0.8522686025408348,0.1481624758220502
Beni,General José Ballivián,Santa Rosa,C1,internet,hybride,acces_2035,2024,0.8522686025408348,0.2457430340557275
Beni,General José Ballivián,Santa Rosa,C1,refrigerador,hybride,acces_2035,2035,1.0,0.5881040953481024
Beni,General José Ballivián,Santa Rosa,C1,microondas,hybride,acces_2035,2035,1.0,0.0766864514812912
Beni,General José Ballivián,Santa Rosa,C1,aire_acondicionado,hybride,acces_2035,2035,1.0,0.0886685431673337
Beni,General José Ballivián,Santa Rosa,C1,lavadora,hybride,acces_2035,2035,1.0,0.3360973045851914
Beni,General José Ballivián,Santa Rosa,C1,telefono,hybride,acces_2035,2035,1.0,0.8980726264535877
Beni,General José Ballivián,Santa Rosa,C1,computadora,hybride,acces_2035,2035,1.0,0.2563569960474675
Beni,General José Ballivián,Santa Rosa,C1,internet,hybride,acces_2035,2035,1.0,0.3408245193887109
Beni,General José Ballivián,Santa Rosa,C1,refrigerador,hybride,acces_2035,2050,1.0,0.5881040953481024
Beni,General José Ballivián,Santa Rosa,C1,microondas,hybride,acces_2035,2050,1.0,0.0766864514812912
Beni,General José Ballivián,Santa Rosa,C1,aire_acondicionado,hybride,acces_2035,2050,1.0,0.0886685431673337
Beni,General José Ballivián,Santa Rosa,C1,lavadora,hybride,acces_2035,2050,1.0,0.3360973045851914
Beni,General José Ballivián,Santa Rosa,C1,telefono,hybride,acces_2035,2050,1.0,0.8980726264535877
Beni,General José Ballivián,Santa Rosa,C1,computadora,hybride,acces_2035,2050,1.0,0.2563569960474675
Beni,General José Ballivián,Santa Rosa,C1,internet,hybride,acces_2035,2050,1.0,0.3408245193887109
Beni,Yacuma,Exaltación,C1,refrigerador,hybride,acces_2035,2024,0.8123711340206186,0.0985810306198655
Beni,Yacuma,Exaltación,C1,microondas,hybride,acces_2035,2024,0.8123711340206186,0.0029873039581777
Beni,Yacuma,Exaltación,C1,aire_acondicionado,hybride,acces_2035,2024,0.8123711340206186,0.005227781926811
Beni,Yacuma,Exaltación,C1,lavadora,hybride,acces_2035,2024,0.8123711340206186,0.022404779686333
Beni,Yacuma,Exaltación,C1,telefono,hybride,acces_2035,2024,0.8123711340206186,0.7514970059880239
Beni,Yacuma,Exaltación,C1,computadora,hybride,acces_2035,2024,0.8123711340206186,0.0696629213483146
Beni,Yacuma,Exaltación,C1,internet,hybride,acces_2035,2024,0.8123711340206186,0.0434456928838951
Beni,Yacuma,Exaltación,C1,refrigerador,hybride,acces_2035,2035,1.0,0.5881040953481024
Beni,Yacuma,Exaltación,C1,microondas,hybride,acces_2035,2035,1.0,0.0766864514812912
Beni,Yacuma,Exaltación,C1,aire_acondicionado,hybride,acces_2035,2035,1.0,0.0886685431673337
Beni,Yacuma,Exaltación,C1,lavadora,hybride,acces_2035,2035,1.0,0.3360973045851914
Beni,Yacuma,Exaltación,C1,telefono,hybride,acces_2035,2035,1.0,0.8980726264535877
Beni,Yacuma,Exaltación,C1,computadora,hybride,acces_2035,2035,1.0,0.2563569960474675
Beni,Yacuma,Exaltación,C1,internet,hybride,acces_2035,2035,1.0,0.3408245193887109
Beni,Yacuma,Exaltación,C1,refrigerador,hybride,acces_2035,2050,1.0,0.5881040953481024
Beni,Yacuma,Exaltación,C1,microondas,hybride,acces_2035,2050,1.0,0.0766864514812912
Beni,Yacuma,Exaltación,C1,aire_acondicionado,hybride,acces_2035,2050,1.0,0.0886685431673337
Beni,Yacuma,Exaltación,C1,lavadora,hybride,acces_2035,2050,1.0,0.3360973045851914
Beni,Yacuma,Exaltación,C1,telefono,hybride,acces_2035,2050,1.0,0.8980726264535877
Beni,Yacuma,Exaltación,C1,computadora,hybride,acces_2035,2050,1.0,0.2563569960474675
Beni,Yacuma,Exaltación,C1,internet,hybride,acces_2035,2050,1.0,0.3408245193887109
Pando,Nicolás Suárez,Cobija,C5,refrigerador,hybride,acces_2035,2024,0.9746209200719608,0.7561576354679803
Pando,Nicolás Suárez,Cobija,C5,microondas,hybride,acces_2035,2024,0.9746209200719608,0.1357613689326852
Pando,Nicolás Suárez,Cobija,C5,aire_acondicionado,hybride,acces_2035,2024,0.9746209200719608,0.188735769922109
Pando,Nicolás Suárez,Cobija,C5,lavadora,hybride,acces_2035,2024,0.9746209200719608,0.5479297031021169
Pando,Nicolás Suárez,Cobija,C5,telefono,hybride,acces_2035,2024,0.9746209200719608,0.9375416167265948
Pando,Nicolás Suárez,Cobija,C5,computadora,hybride,acces_2035,2024,0.9746209200719608,0.4310161139965375
Pando,Nicolás Suárez,Cobija,C5,internet,hybride,acces_2035,2024,0.9746209200719608,0.6279549843510688
Pando,Nicolás Suárez,Cobija,C5,refrigerador,hybride,acces_2035,2035,1.0,0.5881040953481024
Pando,Nicolás Suárez,Cobija,C5,microondas,hybride,acces_2035,2035,1.0,0.0766864514812912
Pando,Nicolás Suárez,Cobija,C5,aire_acondicionado,hybride,acces_2035,2035,1.0,0.0886685431673337
Pando,Nicolás Suárez,Cobija,C5,lavadora,hybride,acces_2035,2035,1.0,0.3360973045851914
Pando,Nicolás Suárez,Cobija,C5,telefono,hybride,acces_2035,2035,1.0,0.8980726264535877
Pando,Nicolás Suárez,Cobija,C5,computadora,hybride,acces_2035,2035,1.0,0.2563569960474675
Pando,Nicolás Suárez,Cobija,C5,internet,hybride,acces_2035,2035,1.0,0.3408245193887109
Pando,Nicolás Suárez,Cobija,C5,refrigerador,hybride,acces_2035,2050,1.0,0.5881040953481024
Pando,Nicolás Suárez,Cobija,C5,microondas,hybride,acces_2035,2050,1.0,0.0766864514812912
Pando,Nicolás Suárez,Cobija,C5,aire_acondicionado,hybride,acces_2035,2050,1.0,0.0886685431673337
Pando,Nicolás Suárez,Cobija,C5,lavadora,hybride,acces_2035,2050,1.0,0.3360973045851914
Pando,Nicolás Suárez,Cobija,C5,telefono,hybride,acces_2035,2050,1.0,0.8980726264535877
Pando,Nicolás Suárez,Cobija,C5,computadora,hybride,acces_2035,2050,1.0,0.2563569960474675
Pando,Nicolás Suárez,Cobija,C5,internet,hybride,acces_2035,2050,1.0,0.3408245193887109
Pando,Nicolás Suárez,Porvenir,C4,refrigerador,hybride,acces_2035,2024,0.9044843049327356,0.5114244044725328
Pando,Nicolás Suárez,Porvenir,C4,microondas,hybride,acces_2035,2024,0.9044843049327356,0.0661157024793388
Pando,Nicolás Suárez,Porvenir,C4,aire_acondicionado,hybride,acces_2035,2024,0.9044843049327356,0.0641711229946524
Pando,Nicolás Suárez,Porvenir,C4,lavadora,hybride,acces_2035,2024,0.9044843049327356,0.4239183276616431
Pando,Nicolás Suárez,Porvenir,C4,telefono,hybride,acces_2035,2024,0.9044843049327356,0.8362573099415205
Pando,Nicolás Suárez,Porvenir,C4,computadora,hybride,acces_2035,2024,0.9044843049327356,0.1972722844617633
Pando,Nicolás Suárez,Porvenir,C4,internet,hybride,acces_2035,2024,0.9044843049327356,0.2664393570384802
Pando,Nicolás Suárez,Porvenir,C4,refrigerador,hybride,acces_2035,2035,1.0,0.5881040953481024
Pando,Nicolás Suárez,Porvenir,C4,microondas,hybride,acces_2035,2035,1.0,0.0766864514812912
Pando,Nicolás Suárez,Porvenir,C4,aire_acondicionado,hybride,acces_2035,2035,1.0,0.0886685431673337
Pando,Nicolás Suárez,Porvenir,C4,lavadora,hybride,acces_2035,2035,1.0,0.3360973045851914
Pando,Nicolás Suárez,Porvenir,C4,telefono,hybride,acces_2035,2035,1.0,0.8980726264535877
Pando,Nicolás Suárez,Porvenir,C4,computadora,hybride,acces_2035,2035,1.0,0.2563569960474675
Pando,Nicolás Suárez,Porvenir,C4,internet,hybride,acces_2035,2035,1.0,0.3408245193887109
Pando,Nicolás Suárez,Porvenir,C4,refrigerador,hybride,acces_2035,2050,1.0,0.5881040953481024
Pando,Nicolás Suárez,Porvenir,C4,microondas,hybride,acces_2035,2050,1.0,0.0766864514812912
Pando,Nicolás Suárez,Porvenir,C4,aire_acondicionado,hybride,acces_2035,2050,1.0,0.0886685431673337
Pando,Nicolás Suárez,Porvenir,C4,lavadora,hybride,acces_2035,2050,1.0,0.3360973045851914
Pando,Nicolás Suárez,Porvenir,C4,telefono,hybride,acces_2035,2050,1.0,0.8980726264535877
Pando,Nicolás Suárez,Porvenir,C4,computadora,hybride,acces_2035,2050,1.0,0.2563569960474675
Pando,Nicolás Suárez,Porvenir,C4,internet,hybride,acces_2035,2050,1.0,0.3408245193887109
Pando,Nicolás Suárez,Bolpebra,C2,refrigerador,hybride,acces_2035,2024,0.6845386533665836,0.1387434554973822
Pando,Nicolás Suárez,Bolpebra,C2,microondas,hybride,acces_2035,2024,0.6845386533665836,0.0091623036649214
Pando,Nicolás Suárez,Bolpebra,C2,aire_acondicionado,hybride,acces_2035,2024,0.6845386533665836,0.0039267015706806
Pando,Nicolás Suárez,Bolpebra,C2,lavadora,hybride,acces_2035,2024,0.6845386533665836,0.0746073298429319
Pando,Nicolás Suárez,Bolpebra,C2,telefono,hybride,acces_2035,2024,0.6845386533665836,0.8416230366492147
Pando,Nicolás Suárez,Bolpebra,C2,computadora,hybride,acces_2035,2024,0.6845386533665836,0.0667539267015706
Pando,Nicolás Suárez,Bolpebra,C2,internet,hybride,acces_2035,2024,0.6845386533665836,0.0196335078534031
Pando,Nicolás Suárez,Bolpebra,C2,refrigerador,hybride,acces_2035,2035,1.0,0.5881040953481024
Pando,Nicolás Suárez,Bolpebra,C2,microondas,hybride,acces_2035,2035,1.0,0.0766864514812912
Pando,Nicolás Suárez,Bolpebra,C2,aire_acondicionado,hybride,acces_2035,2035,1.0,0.0886685431673337
Pando,Nicolás Suárez,Bolpebra,C2,lavadora,hybride,acces_2035,2035,1.0,0.3360973045851914
Pando,Nicolás Suárez,Bolpebra,C2,telefono,hybride,acces_2035,2035,1.0,0.8980726264535877
Pando,Nicolás Suárez,Bolpebra,C2,computadora,hybride,acces_2035,2035,1.0,0.2563569960474675
Pando,Nicolás Suárez,Bolpebra,C2,internet,hybride,acces_2035,2035,1.0,0.3408245193887109
Pando,Nicolás Suárez,Bolpebra,C2,refrigerador,hybride,acces_2035,2050,1.0,0.5881040953481024
Pando,Nicolás Suárez,Bolpebra,C2,microondas,hybride,acces_2035,2050,1.0,0.0766864514812912
Pando,Nicolás Suárez,Bolpebra,C2,aire_acondicionado,hybride,acces_2035,2050,1.0,0.0886685431673337
Pando,Nicolás Suárez,Bolpebra,C2,lavadora,hybride,acces_2035,2050,1.0,0.3360973045851914
Pando,Nicolás Suárez,Bolpebra,C2,telefono,hybride,acces_2035,2050,1.0,0.8980726264535877
Pando,Nicolás Suárez,Bolpebra,C2,computadora,hybride,acces_2035,2050,1.0,0.2563569960474675
Pando,Nicolás Suárez,Bolpebra,C2,internet,hybride,acces_2035,2050,1.0,0.3408245193887109
Pando,Nicolás Suárez,Bella Flor,C4,refrigerador,hybride,acces_2035,2024,0.7157894736842105,0.3147208121827411
Pando,Nicolás Suárez,Bella Flor,C4,microondas,hybride,acces_2035,2024,0.7157894736842105,0.032994923857868
Pando,Nicolás Suárez,Bella Flor,C4,aire_acondicionado,hybride,acces_2035,2024,0.7157894736842105,0.0177664974619289
Pando,Nicolás Suárez,Bella Flor,C4,lavadora,hybride,acces_2035,2024,0.7157894736842105,0.2030456852791878
Pando,Nicolás Suárez,Bella Flor,C4,telefono,hybride,acces_2035,2024,0.7157894736842105,0.8264182895850973
Pando,Nicolás Suárez,Bella Flor,C4,computadora,hybride,acces_2035,2024,0.7157894736842105,0.1203389830508474
Pando,Nicolás Suárez,Bella Flor,C4,internet,hybride,acces_2035,2024,0.7157894736842105,0.1
Pando,Nicolás Suárez,Bella Flor,C4,refrigerador,hybride,acces_2035,2035,1.0,0.5881040953481024
Pando,Nicolás Suárez,Bella Flor,C4,microondas,hybride,acces_2035,2035,1.0,0.0766864514812912
Pando,Nicolás Suárez,Bella Flor,C4,aire_acondicionado,hybride,acces_2035,2035,1.0,0.0886685431673337
Pando,Nicolás Suárez,Bella Flor,C4,lavadora,hybride,acces_2035,2035,1.0,0.3360973045851914
Pando,Nicolás Suárez,Bella Flor,C4,telefono,hybride,acces_2035,2035,1.0,0.8980726264535877
Pando,Nicolás Suárez,Bella Flor,C4,computadora,hybride,acces_2035,2035,1.0,0.2563569960474675
Pando,Nicolás Suárez,Bella Flor,C4,internet,hybride,acces_2035,2035,1.0,0.3408245193887109
Pando,Nicolás Suárez,Bella Flor,C4,refrigerador,hybride,acces_2035,2050,1.0,0.5881040953481024
Pando,Nicolás Suárez,Bella Flor,C4,microondas,hybride,acces_2035,2050,1.0,0.0766864514812912
Pando,Nicolás Suárez,Bella Flor,C4,aire_acondicionado,hybride,acces_2035,2050,1.0,0.0886685431673337
Pando,Nicolás Suárez,Bella Flor,C4,lavadora,hybride,acces_2035,2050,1.0,0.3360973045851914
Pando,Nicolás Suárez,Bella Flor,C4,telefono,hybride,acces_2035,2050,1.0,0.8980726264535877
Pando,Nicolás Suárez,Bella Flor,C4,computadora,hybride,acces_2035,2050,1.0,0.2563569960474675
Pando,Nicolás Suárez,Bella Flor,C4,internet,hybride,acces_2035,2050,1.0,0.3408245193887109
Pando,Manuripi,Puerto Rico,C4,refrigerador,hybride,acces_2035,2024,0.8366013071895425,0.4104320337197049
Pando,Manuripi,Puerto Rico,C4,microondas,hybride,acces_2035,2024,0.8366013071895425,0.0258030542390731
Pando,Manuripi,Puerto Rico,C4,aire_acondicionado,hybride,acces_2035,2024,0.8366013071895425,0.0279094260136914
Pando,Manuripi,Puerto Rico,C4,lavadora,hybride,acces_2035,2024,0.8366013071895425,0.1748288572933122
Pando,Manuripi,Puerto Rico,C4,telefono,hybride,acces_2035,2024,0.8366013071895425,0.8680336487907466
Pando,Manuripi,Puerto Rico,C4,computadora,hybride,acces_2035,2024,0.8366013071895425,0.2726315789473684
Pando,Manuripi,Puerto Rico,C4,internet,hybride,acces_2035,2024,0.8366013071895425,0.1748288572933122
Pando,Manuripi,Puerto Rico,C4,refrigerador,hybride,acces_2035,2035,1.0,0.5881040953481024
Pando,Manuripi,Puerto Rico,C4,microondas,hybride,acces_2035,2035,1.0,0.0766864514812912
Pando,Manuripi,Puerto Rico,C4,aire_acondicionado,hybride,acces_2035,2035,1.0,0.0886685431673337
Pando,Manuripi,Puerto Rico,C4,lavadora,hybride,acces_2035,2035,1.0,0.3360973045851914
Pando,Manuripi,Puerto Rico,C4,telefono,hybride,acces_2035,2035,1.0,0.8980726264535877
Pando,Manuripi,Puerto Rico,C4,computadora,hybride,acces_2035,2035,1.0,0.2563569960474675
Pando,Manuripi,Puerto Rico,C4,internet,hybride,acces_2035,2035,1.0,0.3408245193887109
Pando,Manuripi,Puerto Rico,C4,refrigerador,hybride,acces_2035,2050,1.0,0.5881040953481024
Pando,Manuripi,Puerto Rico,C4,microondas,hybride,acces_2035,2050,1.0,0.0766864514812912
Pando,Manuripi,Puerto Rico,C4,aire_acondicionado,hybride,acces_2035,2050,1.0,0.0886685431673337
Pando,Manuripi,Puerto Rico,C4,lavadora,hybride,acces_2035,2050,1.0,0.3360973045851914
Pando,Manuripi,Puerto Rico,C4,telefono,hybride,acces_2035,2050,1.0,0.8980726264535877
Pando,Manuripi,Puerto Rico,C4,computadora,hybride,acces_2035,2050,1.0,0.2563569960474675
Pando,Manuripi,Puerto Rico,C4,internet,hybride,acces_2035,2050,1.0,0.3408245193887109
Pando,Manuripi,San Pedro,C4,refrigerador,hybride,acces_2035,2024,0.3970588235294117,0.0
Pando,Manuripi,San Pedro,C4,microondas,hybride,acces_2035,2024,0.3970588235294117,0.0
Pando,Manuripi,San Pedro,C4,aire_acondicionado,hybride,acces_2035,2024,0.3970588235294117,0.0
Pando,Manuripi,San Pedro,C4,lavadora,hybride,acces_2035,2024,0.3970588235294117,0.0
Pando,Manuripi,San Pedro,C4,telefono,hybride,acces_2035,2024,0.3970588235294117,0.6453900709219859
Pando,Manuripi,San Pedro,C4,computadora,hybride,acces_2035,2024,0.3970588235294117,0.0479573712255772
Pando,Manuripi,San Pedro,C4,internet,hybride,acces_2035,2024,0.3970588235294117,0.0035523978685612
Pando,Manuripi,San Pedro,C4,refrigerador,hybride,acces_2035,2035,1.0,0.5881040953481024
Pando,Manuripi,San Pedro,C4,microondas,hybride,acces_2035,2035,1.0,0.0766864514812912
Pando,Manuripi,San Pedro,C4,aire_acondicionado,hybride,acces_2035,2035,1.0,0.0886685431673337
Pando,Manuripi,San Pedro,C4,lavadora,hybride,acces_2035,2035,1.0,0.3360973045851914
Pando,Manuripi,San Pedro,C4,telefono,hybride,acces_2035,2035,1.0,0.8980726264535877
Pando,Manuripi,San Pedro,C4,computadora,hybride,acces_2035,2035,1.0,0.2563569960474675
Pando,Manuripi,San Pedro,C4,internet,hybride,acces_2035,2035,1.0,0.3408245193887109
Pando,Manuripi,San Pedro,C4,refrigerador,hybride,acces_2035,2050,1.0,0.5881040953481024
Pando,Manuripi,San Pedro,C4,microondas,hybride,acces_2035,2050,1.0,0.0766864514812912
Pando,Manuripi,San Pedro,C4,aire_acondicionado,hybride,acces_2035,2050,1.0,0.0886685431673337
Pando,Manuripi,San Pedro,C4,lavadora,hybride,acces_2035,2050,1.0,0.3360973045851914
Pando,Manuripi,San Pedro,C4,telefono,hybride,acces_2035,2050,1.0,0.8980726264535877
Pando,Manuripi,San Pedro,C4,computadora,hybride,acces_2035,2050,1.0,0.2563569960474675
Pando,Manuripi,San Pedro,C4,internet,hybride,acces_2035,2050,1.0,0.3408245193887109
Pando,Manuripi,Filadelfia,C4,refrigerador,hybride,acces_2035,2024,0.7637231503579952,0.2855366763365106
Pando,Manuripi,Filadelfia,C4,microondas,hybride,acces_2035,2024,0.7637231503579952,0.0198922503108164
Pando,Manuripi,Filadelfia,C4,aire_acondicionado,hybride,acces_2035,2024,0.7637231503579952,0.0078740157480314
Pando,Manuripi,Filadelfia,C4,lavadora,hybride,acces_2035,2024,0.7637231503579952,0.1209610604805302
Pando,Manuripi,Filadelfia,C4,telefono,hybride,acces_2035,2024,0.7637231503579952,0.8475559237779619
Pando,Manuripi,Filadelfia,C4,computadora,hybride,acces_2035,2024,0.7637231503579952,0.0981772990886495
Pando,Manuripi,Filadelfia,C4,internet,hybride,acces_2035,2024,0.7637231503579952,0.0376967688483844
Pando,Manuripi,Filadelfia,C4,refrigerador,hybride,acces_2035,2035,1.0,0.5881040953481024
Pando,Manuripi,Filadelfia,C4,microondas,hybride,acces_2035,2035,1.0,0.0766864514812912
Pando,Manuripi,Filadelfia,C4,aire_acondicionado,hybride,acces_2035,2035,1.0,0.0886685431673337
Pando,Manuripi,Filadelfia,C4,lavadora,hybride,acces_2035,2035,1.0,0.3360973045851914
Pando,Manuripi,Filadelfia,C4,telefono,hybride,acces_2035,2035,1.0,0.8980726264535877
Pando,Manuripi,Filadelfia,C4,computadora,hybride,acces_2035,2035,1.0,0.2563569960474675
Pando,Manuripi,Filadelfia,C4,internet,hybride,acces_2035,2035,1.0,0.3408245193887109
Pando,Manuripi,Filadelfia,C4,refrigerador,hybride,acces_2035,2050,1.0,0.5881040953481024
Pando,Manuripi,Filadelfia,C4,microondas,hybride,acces_2035,2050,1.0,0.0766864514812912
Pando,Manuripi,Filadelfia,C4,aire_acondicionado,hybride,acces_2035,2050,1.0,0.0886685431673337
Pando,Manuripi,Filadelfia,C4,lavadora,hybride,acces_2035,2050,1.0,0.3360973045851914
Pando,Manuripi,Filadelfia,C4,telefono,hybride,acces_2035,2050,1.0,0.8980726264535877
Pando,Manuripi,Filadelfia,C4,computadora,hybride,acces_2035,2050,1.0,0.2563569960474675
Pando,Manuripi,Filadelfia,C4,internet,hybride,acces_2035,2050,1.0,0.3408245193887109
Pando,Madre de Dios,Puerto Gonzalo Moreno,C3,refrigerador,hybride,acces_2035,2024,0.8229007633587786,0.2776859504132231
Pando,Madre de Dios,Puerto Gonzalo Moreno,C3,microondas,hybride,acces_2035,2024,0.8229007633587786,0.0198347107438016
Pando,Madre de Dios,Puerto Gonzalo Moreno,C3,aire_acondicionado,hybride,acces_2035,2024,0.8229007633587786,0.009366391184573
Pando,Madre de Dios,Puerto Gonzalo Moreno,C3,lavadora,hybride,acces_2035,2024,0.8229007633587786,0.0568119139547711
Pando,Madre de Dios,Puerto Gonzalo Moreno,C3,telefono,hybride,acces_2035,2024,0.8229007633587786,0.74696802646086
Pando,Madre de Dios,Puerto Gonzalo Moreno,C3,computadora,hybride,acces_2035,2024,0.8229007633587786,0.1063360881542699
Pando,Madre de Dios,Puerto Gonzalo Moreno,C3,internet,hybride,acces_2035,2024,0.8229007633587786,0.0297684674751929
Pando,Madre de Dios,Puerto Gonzalo Moreno,C3,refrigerador,hybride,acces_2035,2035,1.0,0.5881040953481024
Pando,Madre de Dios,Puerto Gonzalo Moreno,C3,microondas,hybride,acces_2035,2035,1.0,0.0766864514812912
Pando,Madre de Dios,Puerto Gonzalo Moreno,C3,aire_acondicionado,hybride,acces_2035,2035,1.0,0.0886685431673337
Pando,Madre de Dios,Puerto Gonzalo Moreno,C3,lavadora,hybride,acces_2035,2035,1.0,0.3360973045851914
Pando,Madre de Dios,Puerto Gonzalo Moreno,C3,telefono,hybride,acces_2035,2035,1.0,0.8980726264535877
Pando,Madre de Dios,Puerto Gonzalo Moreno,C3,computadora,hybride,acces_2035,2035,1.0,0.2563569960474675
Pando,Madre de Dios,Puerto Gonzalo Moreno,C3,internet,hybride,acces_2035,2035,1.0,0.3408245193887109
Pando,Madre de Dios,Puerto Gonzalo Moreno,C3,refrigerador,hybride,acces_2035,2050,1.0,0.5881040953481024
Pando,Madre de Dios,Puerto Gonzalo Moreno,C3,microondas,hybride,acces_2035,2050,1.0,0.0766864514812912
Pando,Madre de Dios,Puerto Gonzalo Moreno,C3,aire_acondicionado,hybride,acces_2035,2050,1.0,0.0886685431673337
Pando,Madre de Dios,Puerto Gonzalo Moreno,C3,lavadora,hybride,acces_2035,2050,1.0,0.3360973045851914
Pando,Madre de Dios,Puerto Gonzalo Moreno,C3,telefono,hybride,acces_2035,2050,1.0,0.8980726264535877
Pando,Madre de Dios,Puerto Gonzalo Moreno,C3,computadora,hybride,acces_2035,2050,1.0,0.2563569960474675
Pando,Madre de Dios,Puerto Gonzalo Moreno,C3,internet,hybride,acces_2035,2050,1.0,0.3408245193887109
Pando,Madre de Dios,San Lorenzo,C4,refrigerador,hybride,acces_2035,2024,0.8367567567567568,0.2832469775474956
Pando,Madre de Dios,San Lorenzo,C4,microondas,hybride,acces_2035,2024,0.8367567567567568,0.0115074798619102
Pando,Madre de Dios,San Lorenzo,C4,aire_acondicionado,hybride,acces_2035,2024,0.8367567567567568,0.0086306098964326
Pando,Madre de Dios,San Lorenzo,C4,lavadora,hybride,acces_2035,2024,0.8367567567567568,0.0909090909090909
Pando,Madre de Dios,San Lorenzo,C4,telefono,hybride,acces_2035,2024,0.8367567567567568,0.8301669545192861
Pando,Madre de Dios,San Lorenzo,C4,computadora,hybride,acces_2035,2024,0.8367567567567568,0.1013241220495106
Pando,Madre de Dios,San Lorenzo,C4,internet,hybride,acces_2035,2024,0.8367567567567568,0.0558434081750143
Pando,Madre de Dios,San Lorenzo,C4,refrigerador,hybride,acces_2035,2035,1.0,0.5881040953481024
Pando,Madre de Dios,San Lorenzo,C4,microondas,hybride,acces_2035,2035,1.0,0.0766864514812912
Pando,Madre de Dios,San Lorenzo,C4,aire_acondicionado,hybride,acces_2035,2035,1.0,0.0886685431673337
Pando,Madre de Dios,San Lorenzo,C4,lavadora,hybride,acces_2035,2035,1.0,0.3360973045851914
Pando,Madre de Dios,San Lorenzo,C4,telefono,hybride,acces_2035,2035,1.0,0.8980726264535877
Pando,Madre de Dios,San Lorenzo,C4,computadora,hybride,acces_2035,2035,1.0,0.2563569960474675
Pando,Madre de Dios,San Lorenzo,C4,internet,hybride,acces_2035,2035,1.0,0.3408245193887109
Pando,Madre de Dios,San Lorenzo,C4,refrigerador,hybride,acces_2035,2050,1.0,0.5881040953481024
Pando,Madre de Dios,San Lorenzo,C4,microondas,hybride,acces_2035,2050,1.0,0.0766864514812912
Pando,Madre de Dios,San Lorenzo,C4,aire_acondicionado,hybride,acces_2035,2050,1.0,0.0886685431673337
Pando,Madre de Dios,San Lorenzo,C4,lavadora,hybride,acces_2035,2050,1.0,0.3360973045851914
Pando,Madre de Dios,San Lorenzo,C4,telefono,hybride,acces_2035,2050,1.0,0.8980726264535877
Pando,Madre de Dios,San Lorenzo,C4,computadora,hybride,acces_2035,2050,1.0,0.2563569960474675
Pando,Madre de Dios,San Lorenzo,C4,internet,hybride,acces_2035,2050,1.0,0.3408245193887109
Pando,Madre de Dios,Sena,C4,refrigerador,hybride,acces_2035,2024,0.6267826086956522,0.214075165806927
Pando,Madre de Dios,Sena,C4,microondas,hybride,acces_2035,2024,0.6267826086956522,0.0143699336772291
Pando,Madre de Dios,Sena,C4,aire_acondicionado,hybride,acces_2035,2024,0.6267826086956522,0.0162182086251382
Pando,Madre de Dios,Sena,C4,lavadora,hybride,acces_2035,2024,0.6267826086956522,0.0762992996682639
Pando,Madre de Dios,Sena,C4,telefono,hybride,acces_2035,2024,0.6267826086956522,0.7874769797421731
Pando,Madre de Dios,Sena,C4,computadora,hybride,acces_2035,2024,0.6267826086956522,0.1046425939572586
Pando,Madre de Dios,Sena,C4,internet,hybride,acces_2035,2024,0.6267826086956522,0.1201179071481208
Pando,Madre de Dios,Sena,C4,refrigerador,hybride,acces_2035,2035,1.0,0.5881040953481024
Pando,Madre de Dios,Sena,C4,microondas,hybride,acces_2035,2035,1.0,0.0766864514812912
Pando,Madre de Dios,Sena,C4,aire_acondicionado,hybride,acces_2035,2035,1.0,0.0886685431673337
Pando,Madre de Dios,Sena,C4,lavadora,hybride,acces_2035,2035,1.0,0.3360973045851914
Pando,Madre de Dios,Sena,C4,telefono,hybride,acces_2035,2035,1.0,0.8980726264535877
Pando,Madre de Dios,Sena,C4,computadora,hybride,acces_2035,2035,1.0,0.2563569960474675
Pando,Madre de Dios,Sena,C4,internet,hybride,acces_2035,2035,1.0,0.3408245193887109
Pando,Madre de Dios,Sena,C4,refrigerador,hybride,acces_2035,2050,1.0,0.5881040953481024
Pando,Madre de Dios,Sena,C4,microondas,hybride,acces_2035,2050,1.0,0.0766864514812912
Pando,Madre de Dios,Sena,C4,aire_acondicionado,hybride,acces_2035,2050,1.0,0.0886685431673337
Pando,Madre de Dios,Sena,C4,lavadora,hybride,acces_2035,2050,1.0,0.3360973045851914
Pando,Madre de Dios,Sena,C4,telefono,hybride,acces_2035,2050,1.0,0.8980726264535877
Pando,Madre de Dios,Sena,C4,computadora,hybride,acces_2035,2050,1.0,0.2563569960474675
Pando,Madre de Dios,Sena,C4,internet,hybride,acces_2035,2050,1.0,0.3408245193887109
Pando,Abuná,Santa Rosa,C4,refrigerador,hybride,acces_2035,2024,0.8267441860465117,0.3933823529411764
Pando,Abuná,Santa Rosa,C4,microondas,hybride,acces_2035,2024,0.8267441860465117,0.0183823529411764
Pando,Abuná,Santa Rosa,C4,aire_acondicionado,hybride,acces_2035,2024,0.8267441860465117,0.0098039215686274
Pando,Abuná,Santa Rosa,C4,lavadora,hybride,acces_2035,2024,0.8267441860465117,0.1580882352941176
Pando,Abuná,Santa Rosa,C4,telefono,hybride,acces_2035,2024,0.8267441860465117,0.8355828220858895
Pando,Abuná,Santa Rosa,C4,computadora,hybride,acces_2035,2024,0.8267441860465117,0.1482843137254902
Pando,Abuná,Santa Rosa,C4,internet,hybride,acces_2035,2024,0.8267441860465117,0.0429447852760736
Pando,Abuná,Santa Rosa,C4,refrigerador,hybride,acces_2035,2035,1.0,0.5881040953481024
Pando,Abuná,Santa Rosa,C4,microondas,hybride,acces_2035,2035,1.0,0.0766864514812912
Pando,Abuná,Santa Rosa,C4,aire_acondicionado,hybride,acces_2035,2035,1.0,0.0886685431673337
Pando,Abuná,Santa Rosa,C4,lavadora,hybride,acces_2035,2035,1.0,0.3360973045851914
Pando,Abuná,Santa Rosa,C4,telefono,hybride,acces_2035,2035,1.0,0.8980726264535877
Pando,Abuná,Santa Rosa,C4,computadora,hybride,acces_2035,2035,1.0,0.2563569960474675
Pando,Abuná,Santa Rosa,C4,internet,hybride,acces_2035,2035,1.0,0.3408245193887109
Pando,Abuná,Santa Rosa,C4,refrigerador,hybride,acces_2035,2050,1.0,0.5881040953481024
Pando,Abuná,Santa Rosa,C4,microondas,hybride,acces_2035,2050,1.0,0.0766864514812912
Pando,Abuná,Santa Rosa,C4,aire_acondicionado,hybride,acces_2035,2050,1.0,0.0886685431673337
Pando,Abuná,Santa Rosa,C4,lavadora,hybride,acces_2035,2050,1.0,0.3360973045851914
Pando,Abuná,Santa Rosa,C4,telefono,hybride,acces_2035,2050,1.0,0.8980726264535877
Pando,Abuná,Santa Rosa,C4,computadora,hybride,acces_2035,2050,1.0,0.2563569960474675
Pando,Abuná,Santa Rosa,C4,internet,hybride,acces_2035,2050,1.0,0.3408245193887109
Pando,Abuná,Ingavi,C4,refrigerador,hybride,acces_2035,2024,0.5978428351309707,0.0425531914893617
Pando,Abuná,Ingavi,C4,microondas,hybride,acces_2035,2024,0.5978428351309707,0.0032733224222585
Pando,Abuná,Ingavi,C4,aire_acondicionado,hybride,acces_2035,2024,0.5978428351309707,0.0
Pando,Abuná,Ingavi,C4,lavadora,hybride,acces_2035,2024,0.5978428351309707,0.0098199672667757
Pando,Abuná,Ingavi,C4,telefono,hybride,acces_2035,2024,0.5978428351309707,0.7855973813420621
Pando,Abuná,Ingavi,C4,computadora,hybride,acces_2035,2024,0.5978428351309707,0.0704918032786885
Pando,Abuná,Ingavi,C4,internet,hybride,acces_2035,2024,0.5978428351309707,0.0344262295081967
Pando,Abuná,Ingavi,C4,refrigerador,hybride,acces_2035,2035,1.0,0.5881040953481024
Pando,Abuná,Ingavi,C4,microondas,hybride,acces_2035,2035,1.0,0.0766864514812912
Pando,Abuná,Ingavi,C4,aire_acondicionado,hybride,acces_2035,2035,1.0,0.0886685431673337
Pando,Abuná,Ingavi,C4,lavadora,hybride,acces_2035,2035,1.0,0.3360973045851914
Pando,Abuná,Ingavi,C4,telefono,hybride,acces_2035,2035,1.0,0.8980726264535877
Pando,Abuná,Ingavi,C4,computadora,hybride,acces_2035,2035,1.0,0.2563569960474675
Pando,Abuná,Ingavi,C4,internet,hybride,acces_2035,2035,1.0,0.3408245193887109
Pando,Abuná,Ingavi,C4,refrigerador,hybride,acces_2035,2050,1.0,0.5881040953481024
Pando,Abuná,Ingavi,C4,microondas,hybride,acces_2035,2050,1.0,0.0766864514812912
Pando,Abuná,Ingavi,C4,aire_acondicionado,hybride,acces_2035,2050,1.0,0.0886685431673337
Pando,Abuná,Ingavi,C4,lavadora,hybride,acces_2035,2050,1.0,0.3360973045851914
Pando,Abuná,Ingavi,C4,telefono,hybride,acces_2035,2050,1.0,0.8980726264535877
Pando,Abuná,Ingavi,C4,computadora,hybride,acces_2035,2050,1.0,0.2563569960474675
Pando,Abuná,Ingavi,C4,internet,hybride,acces_2035,2050,1.0,0.3408245193887109
Pando,Federico Román,Nueva Esperanza,C4,refrigerador,hybride,acces_2035,2024,0.6912065439672802,0.038543897216274
Pando,Federico Román,Nueva Esperanza,C4,microondas,hybride,acces_2035,2024,0.6912065439672802,0.0021459227467811
Pando,Federico Román,Nueva Esperanza,C4,aire_acondicionado,hybride,acces_2035,2024,0.6912065439672802,0.0
Pando,Federico Román,Nueva Esperanza,C4,lavadora,hybride,acces_2035,2024,0.6912065439672802,0.0085836909871244
Pando,Federico Román,Nueva Esperanza,C4,telefono,hybride,acces_2035,2024,0.6912065439672802,0.7841880341880342
Pando,Federico Román,Nueva Esperanza,C4,computadora,hybride,acces_2035,2024,0.6912065439672802,0.1047008547008547
Pando,Federico Román,Nueva Esperanza,C4,internet,hybride,acces_2035,2024,0.6912065439672802,0.0405982905982906
Pando,Federico Román,Nueva Esperanza,C4,refrigerador,hybride,acces_2035,2035,1.0,0.5881040953481024
Pando,Federico Román,Nueva Esperanza,C4,microondas,hybride,acces_2035,2035,1.0,0.0766864514812912
Pando,Federico Román,Nueva Esperanza,C4,aire_acondicionado,hybride,acces_2035,2035,1.0,0.0886685431673337
Pando,Federico Román,Nueva Esperanza,C4,lavadora,hybride,acces_2035,2035,1.0,0.3360973045851914
Pando,Federico Román,Nueva Esperanza,C4,telefono,hybride,acces_2035,2035,1.0,0.8980726264535877
Pando,Federico Román,Nueva Esperanza,C4,computadora,hybride,acces_2035,2035,1.0,0.2563569960474675
Pando,Federico Román,Nueva Esperanza,C4,internet,hybride,acces_2035,2035,1.0,0.3408245193887109
Pando,Federico Román,Nueva Esperanza,C4,refrigerador,hybride,acces_2035,2050,1.0,0.5881040953481024
Pando,Federico Román,Nueva Esperanza,C4,microondas,hybride,acces_2035,2050,1.0,0.0766864514812912
Pando,Federico Román,Nueva Esperanza,C4,aire_acondicionado,hybride,acces_2035,2050,1.0,0.0886685431673337
Pando,Federico Román,Nueva Esperanza,C4,lavadora,hybride,acces_2035,2050,1.0,0.3360973045851914
Pando,Federico Román,Nueva Esperanza,C4,telefono,hybride,acces_2035,2050,1.0,0.8980726264535877
Pando,Federico Román,Nueva Esperanza,C4,computadora,hybride,acces_2035,2050,1.0,0.2563569960474675
Pando,Federico Román,Nueva Esperanza,C4,internet,hybride,acces_2035,2050,1.0,0.3408245193887109
Pando,Federico Román,Villa Nueva,C4,refrigerador,hybride,acces_2035,2024,0.6991525423728814,0.1714285714285714
Pando,Federico Román,Villa Nueva,C4,microondas,hybride,acces_2035,2024,0.6991525423728814,0.0063492063492063
Pando,Federico Román,Villa Nueva,C4,aire_acondicionado,hybride,acces_2035,2024,0.6991525423728814,0.0031746031746031
Pando,Federico Román,Villa Nueva,C4,lavadora,hybride,acces_2035,2024,0.6991525423728814,0.0206349206349206
Pando,Federico Román,Villa Nueva,C4,telefono,hybride,acces_2035,2024,0.6991525423728814,0.7429022082018928
Pando,Federico Román,Villa Nueva,C4,computadora,hybride,acces_2035,2024,0.6991525423728814,0.0555555555555555
Pando,Federico Román,Villa Nueva,C4,internet,hybride,acces_2035,2024,0.6991525423728814,0.0253968253968253
Pando,Federico Román,Villa Nueva,C4,refrigerador,hybride,acces_2035,2035,1.0,0.5881040953481024
Pando,Federico Román,Villa Nueva,C4,microondas,hybride,acces_2035,2035,1.0,0.0766864514812912
Pando,Federico Román,Villa Nueva,C4,aire_acondicionado,hybride,acces_2035,2035,1.0,0.0886685431673337
Pando,Federico Román,Villa Nueva,C4,lavadora,hybride,acces_2035,2035,1.0,0.3360973045851914
Pando,Federico Román,Villa Nueva,C4,telefono,hybride,acces_2035,2035,1.0,0.8980726264535877
Pando,Federico Román,Villa Nueva,C4,computadora,hybride,acces_2035,2035,1.0,0.2563569960474675
Pando,Federico Román,Villa Nueva,C4,internet,hybride,acces_2035,2035,1.0,0.3408245193887109
Pando,Federico Román,Villa Nueva,C4,refrigerador,hybride,acces_2035,2050,1.0,0.5881040953481024
Pando,Federico Román,Villa Nueva,C4,microondas,hybride,acces_2035,2050,1.0,0.0766864514812912
Pando,Federico Román,Villa Nueva,C4,aire_acondicionado,hybride,acces_2035,2050,1.0,0.0886685431673337
Pando,Federico Román,Villa Nueva,C4,lavadora,hybride,acces_2035,2050,1.0,0.3360973045851914
Pando,Federico Román,Villa Nueva,C4,telefono,hybride,acces_2035,2050,1.0,0.8980726264535877
Pando,Federico Román,Villa Nueva,C4,computadora,hybride,acces_2035,2050,1.0,0.2563569960474675
Pando,Federico Román,Villa Nueva,C4,internet,hybride,acces_2035,2050,1.0,0.3408245193887109
Pando,Federico Román,Santos Mercado,C4,refrigerador,hybride,acces_2035,2024,0.653910149750416,0.1161048689138576
Pando,Federico Román,Santos Mercado,C4,microondas,hybride,acces_2035,2024,0.653910149750416,0.0074906367041198
Pando,Federico Román,Santos Mercado,C4,aire_acondicionado,hybride,acces_2035,2024,0.653910149750416,0.0037453183520599
Pando,Federico Román,Santos Mercado,C4,lavadora,hybride,acces_2035,2024,0.653910149750416,0.0262664165103189
Pando,Federico Román,Santos Mercado,C4,telefono,hybride,acces_2035,2024,0.653910149750416,0.7434456928838952
Pando,Federico Román,Santos Mercado,C4,computadora,hybride,acces_2035,2024,0.653910149750416,0.048689138576779
Pando,Federico Román,Santos Mercado,C4,internet,hybride,acces_2035,2024,0.653910149750416,0.0149812734082397
Pando,Federico Román,Santos Mercado,C4,refrigerador,hybride,acces_2035,2035,1.0,0.5881040953481024
Pando,Federico Román,Santos Mercado,C4,microondas,hybride,acces_2035,2035,1.0,0.0766864514812912
Pando,Federico Román,Santos Mercado,C4,aire_acondicionado,hybride,acces_2035,2035,1.0,0.0886685431673337
Pando,Federico Román,Santos Mercado,C4,lavadora,hybride,acces_2035,2035,1.0,0.3360973045851914
Pando,Federico Román,Santos Mercado,C4,telefono,hybride,acces_2035,2035,1.0,0.8980726264535877
Pando,Federico Román,Santos Mercado,C4,computadora,hybride,acces_2035,2035,1.0,0.2563569960474675
Pando,Federico Román,Santos Mercado,C4,internet,hybride,acces_2035,2035,1.0,0.3408245193887109
Pando,Federico Román,Santos Mercado,C4,refrigerador,hybride,acces_2035,2050,1.0,0.5881040953481024
Pando,Federico Román,Santos Mercado,C4,microondas,hybride,acces_2035,2050,1.0,0.0766864514812912
Pando,Federico Román,Santos Mercado,C4,aire_acondicionado,hybride,acces_2035,2050,1.0,0.0886685431673337
Pando,Federico Román,Santos Mercado,C4,lavadora,hybride,acces_2035,2050,1.0,0.3360973045851914
Pando,Federico Román,Santos Mercado,C4,telefono,hybride,acces_2035,2050,1.0,0.8980726264535877
Pando,Federico Román,Santos Mercado,C4,computadora,hybride,acces_2035,2050,1.0,0.2563569960474675
Pando,Federico Román,Santos Mercado,C4,internet,hybride,acces_2035,2050,1.0,0.3408245193887109
La Paz,Abel Iturralde,Ixiamas,C1,refrigerador,hybride,acces_2050,2024,0.6845130066545675,0.2695058517555266
La Paz,Abel Iturralde,Ixiamas,C1,microondas,hybride,acces_2050,2024,0.6845130066545675,0.0347741306467338
La Paz,Abel Iturralde,Ixiamas,C1,aire_acondicionado,hybride,acces_2050,2024,0.6845130066545675,0.0143042912873862
La Paz,Abel Iturralde,Ixiamas,C1,lavadora,hybride,acces_2050,2024,0.6845130066545675,0.0900520156046814
La Paz,Abel Iturralde,Ixiamas,C1,telefono,hybride,acces_2050,2024,0.6845130066545675,0.7751383013342011
La Paz,Abel Iturralde,Ixiamas,C1,computadora,hybride,acces_2050,2024,0.6845130066545675,0.1187764399609502
La Paz,Abel Iturralde,Ixiamas,C1,internet,hybride,acces_2050,2024,0.6845130066545675,0.0553205336804425
La Paz,Abel Iturralde,Ixiamas,C1,refrigerador,hybride,acces_2050,2035,0.8448732409155981,0.3979272366162057
La Paz,Abel Iturralde,Ixiamas,C1,microondas,hybride,acces_2050,2035,0.8448732409155981,0.0480221388569849
La Paz,Abel Iturralde,Ixiamas,C1,aire_acondicionado,hybride,acces_2050,2035,0.8448732409155981,0.0519907982563286
La Paz,Abel Iturralde,Ixiamas,C1,lavadora,hybride,acces_2050,2035,0.8448732409155981,0.2116575357754502
La Paz,Abel Iturralde,Ixiamas,C1,telefono,hybride,acces_2050,2035,0.8448732409155981,0.8406857539362949
La Paz,Abel Iturralde,Ixiamas,C1,computadora,hybride,acces_2050,2035,0.8448732409155981,0.17982770903635
La Paz,Abel Iturralde,Ixiamas,C1,internet,hybride,acces_2050,2035,0.8448732409155981,0.2097093821495884
La Paz,Abel Iturralde,Ixiamas,C1,refrigerador,hybride,acces_2050,2050,1.0,0.5881040953481024
La Paz,Abel Iturralde,Ixiamas,C1,microondas,hybride,acces_2050,2050,1.0,0.0766864514812912
La Paz,Abel Iturralde,Ixiamas,C1,aire_acondicionado,hybride,acces_2050,2050,1.0,0.0886685431673337
La Paz,Abel Iturralde,Ixiamas,C1,lavadora,hybride,acces_2050,2050,1.0,0.3360973045851914
La Paz,Abel Iturralde,Ixiamas,C1,telefono,hybride,acces_2050,2050,1.0,0.8980726264535877
La Paz,Abel Iturralde,Ixiamas,C1,computadora,hybride,acces_2050,2050,1.0,0.2563569960474675
La Paz,Abel Iturralde,Ixiamas,C1,internet,hybride,acces_2050,2050,1.0,0.3408245193887109
Beni,Vaca Diez,Riberalta,C3,refrigerador,hybride,acces_2050,2024,0.8934115589242767,0.497653683716565
Beni,Vaca Diez,Riberalta,C3,microondas,hybride,acces_2050,2024,0.8934115589242767,0.0735064122614951
Beni,Vaca Diez,Riberalta,C3,aire_acondicionado,hybride,acces_2050,2024,0.8934115589242767,0.0686972161401313
Beni,Vaca Diez,Riberalta,C3,lavadora,hybride,acces_2050,2024,0.8934115589242767,0.2351239346313238
Beni,Vaca Diez,Riberalta,C3,telefono,hybride,acces_2050,2024,0.8934115589242767,0.867712040042232
Beni,Vaca Diez,Riberalta,C3,computadora,hybride,acces_2050,2024,0.8934115589242767,0.2281902824505124
Beni,Vaca Diez,Riberalta,C3,internet,hybride,acces_2050,2024,0.8934115589242767,0.3706485175623875
Beni,Vaca Diez,Riberalta,C3,refrigerador,hybride,acces_2050,2035,0.9443169045850032,0.5198396886590481
Beni,Vaca Diez,Riberalta,C3,microondas,hybride,acces_2050,2035,0.9443169045850032,0.0663973326710663
Beni,Vaca Diez,Riberalta,C3,aire_acondicionado,hybride,acces_2050,2035,0.9443169045850032,0.0755029850035406
Beni,Vaca Diez,Riberalta,C3,lavadora,hybride,acces_2050,2035,0.9443169045850032,0.2914293726245752
Beni,Vaca Diez,Riberalta,C3,telefono,hybride,acces_2050,2035,0.9443169045850032,0.8774734808464132
Beni,Vaca Diez,Riberalta,C3,computadora,hybride,acces_2050,2035,0.9443169045850032,0.2288866381554214
Beni,Vaca Diez,Riberalta,C3,internet,hybride,acces_2050,2035,0.9443169045850032,0.2937604490740325
Beni,Vaca Diez,Riberalta,C3,refrigerador,hybride,acces_2050,2050,1.0,0.5881040953481024
Beni,Vaca Diez,Riberalta,C3,microondas,hybride,acces_2050,2050,1.0,0.0766864514812912
Beni,Vaca Diez,Riberalta,C3,aire_acondicionado,hybride,acces_2050,2050,1.0,0.0886685431673337
Beni,Vaca Diez,Riberalta,C3,lavadora,hybride,acces_2050,2050,1.0,0.3360973045851914
Beni,Vaca Diez,Riberalta,C3,telefono,hybride,acces_2050,2050,1.0,0.8980726264535877
Beni,Vaca Diez,Riberalta,C3,computadora,hybride,acces_2050,2050,1.0,0.2563569960474675
Beni,Vaca Diez,Riberalta,C3,internet,hybride,acces_2050,2050,1.0,0.3408245193887109
Beni,Vaca Diez,Guayaramerín,C3,refrigerador,hybride,acces_2050,2024,0.9242493802222018,0.5411799352115442
Beni,Vaca Diez,Guayaramerín,C3,microondas,hybride,acces_2050,2024,0.9242493802222018,0.0847158142730931
Beni,Vaca Diez,Guayaramerín,C3,aire_acondicionado,hybride,acces_2050,2024,0.9242493802222018,0.1135872766542313
Beni,Vaca Diez,Guayaramerín,C3,lavadora,hybride,acces_2050,2024,0.9242493802222018,0.3520172769215667
Beni,Vaca Diez,Guayaramerín,C3,telefono,hybride,acces_2050,2024,0.9242493802222018,0.8390330188679245
Beni,Vaca Diez,Guayaramerín,C3,computadora,hybride,acces_2050,2024,0.9242493802222018,0.2262630233929624
Beni,Vaca Diez,Guayaramerín,C3,internet,hybride,acces_2050,2024,0.9242493802222018,0.3903086298407706
Beni,Vaca Diez,Guayaramerín,C3,refrigerador,hybride,acces_2050,2035,0.9626513592257788,0.5423167197704118
Beni,Vaca Diez,Guayaramerín,C3,microondas,hybride,acces_2050,2035,0.9626513592257788,0.0697851720272242
Beni,Vaca Diez,Guayaramerín,C3,aire_acondicionado,hybride,acces_2050,2035,0.9626513592257788,0.0798379331089857
Beni,Vaca Diez,Guayaramerín,C3,lavadora,hybride,acces_2050,2035,0.9626513592257788,0.3061369273380044
Beni,Vaca Diez,Guayaramerín,C3,telefono,hybride,acces_2050,2035,0.9626513592257788,0.8842560438120445
Beni,Vaca Diez,Guayaramerín,C3,computadora,hybride,acces_2050,2035,0.9626513592257788,0.2379316459263426
Beni,Vaca Diez,Guayaramerín,C3,internet,hybride,acces_2050,2035,0.9626513592257788,0.3092569665711965
Beni,Vaca Diez,Guayaramerín,C3,refrigerador,hybride,acces_2050,2050,1.0,0.5881040953481024
Beni,Vaca Diez,Guayaramerín,C3,microondas,hybride,acces_2050,2050,1.0,0.0766864514812912
Beni,Vaca Diez,Guayaramerín,C3,aire_acondicionado,hybride,acces_2050,2050,1.0,0.0886685431673337
Beni,Vaca Diez,Guayaramerín,C3,lavadora,hybride,acces_2050,2050,1.0,0.3360973045851914
Beni,Vaca Diez,Guayaramerín,C3,telefono,hybride,acces_2050,2050,1.0,0.8980726264535877
Beni,Vaca Diez,Guayaramerín,C3,computadora,hybride,acces_2050,2050,1.0,0.2563569960474675
Beni,Vaca Diez,Guayaramerín,C3,internet,hybride,acces_2050,2050,1.0,0.3408245193887109
Beni,General José Ballivián,Reyes,C1,refrigerador,hybride,acces_2050,2024,0.7919227392449517,0.4228043143297381
Beni,General José Ballivián,Reyes,C1,microondas,hybride,acces_2050,2024,0.7919227392449517,0.0644067796610169
Beni,General José Ballivián,Reyes,C1,aire_acondicionado,hybride,acces_2050,2024,0.7919227392449517,0.0523882896764252
Beni,General José Ballivián,Reyes,C1,lavadora,hybride,acces_2050,2024,0.7919227392449517,0.1796056685150955
Beni,General José Ballivián,Reyes,C1,telefono,hybride,acces_2050,2024,0.7919227392449517,0.8381128584643849
Beni,General José Ballivián,Reyes,C1,computadora,hybride,acces_2050,2024,0.7919227392449517,0.1470860314523589
Beni,General José Ballivián,Reyes,C1,internet,hybride,acces_2050,2024,0.7919227392449517,0.2238667900092507
Beni,General José Ballivián,Reyes,C1,refrigerador,hybride,acces_2050,2035,0.9041333818807412,0.4705769040448183
Beni,General José Ballivián,Reyes,C1,microondas,hybride,acces_2050,2035,0.9041333818807412,0.0589722239152379
Beni,General José Ballivián,Reyes,C1,aire_acondicionado,hybride,acces_2050,2035,0.9041333818807412,0.0660021032467664
Beni,General José Ballivián,Reyes,C1,lavadora,hybride,acces_2050,2035,0.9041333818807412,0.2591949064061538
Beni,General José Ballivián,Reyes,C1,telefono,hybride,acces_2050,2035,0.9041333818807412,0.862608175154888
Beni,General José Ballivián,Reyes,C1,computadora,hybride,acces_2050,2035,0.9041333818807412,0.2090627447130331
Beni,General José Ballivián,Reyes,C1,internet,hybride,acces_2050,2035,0.9041333818807412,0.2597968174915915
Beni,General José Ballivián,Reyes,C1,refrigerador,hybride,acces_2050,2050,1.0,0.5881040953481024
Beni,General José Ballivián,Reyes,C1,microondas,hybride,acces_2050,2050,1.0,0.0766864514812912
Beni,General José Ballivián,Reyes,C1,aire_acondicionado,hybride,acces_2050,2050,1.0,0.0886685431673337
Beni,General José Ballivián,Reyes,C1,lavadora,hybride,acces_2050,2050,1.0,0.3360973045851914
Beni,General José Ballivián,Reyes,C1,telefono,hybride,acces_2050,2050,1.0,0.8980726264535877
Beni,General José Ballivián,Reyes,C1,computadora,hybride,acces_2050,2050,1.0,0.2563569960474675
Beni,General José Ballivián,Reyes,C1,internet,hybride,acces_2050,2050,1.0,0.3408245193887109
Beni,General José Ballivián,Santa Rosa,C1,refrigerador,hybride,acces_2050,2024,0.8522686025408348,0.4254826254826255
Beni,General José Ballivián,Santa Rosa,C1,microondas,hybride,acces_2050,2024,0.8522686025408348,0.0513513513513513
Beni,General José Ballivián,Santa Rosa,C1,aire_acondicionado,hybride,acces_2050,2024,0.8522686025408348,0.0621621621621621
Beni,General José Ballivián,Santa Rosa,C1,lavadora,hybride,acces_2050,2024,0.8522686025408348,0.1678888460054033
Beni,General José Ballivián,Santa Rosa,C1,telefono,hybride,acces_2050,2024,0.8522686025408348,0.8758220502901354
Beni,General José Ballivián,Santa Rosa,C1,computadora,hybride,acces_2050,2024,0.8522686025408348,0.1481624758220502
Beni,General José Ballivián,Santa Rosa,C1,internet,hybride,acces_2050,2024,0.8522686025408348,0.2457430340557275
Beni,General José Ballivián,Santa Rosa,C1,refrigerador,hybride,acces_2050,2035,0.9172517051603928,0.4866592455304434
Beni,General José Ballivián,Santa Rosa,C1,microondas,hybride,acces_2050,2035,0.9172517051603928,0.0613962268520237
Beni,General José Ballivián,Santa Rosa,C1,aire_acondicionado,hybride,acces_2050,2035,0.9172517051603928,0.0691037635776534
Beni,General José Ballivián,Santa Rosa,C1,lavadora,hybride,acces_2050,2035,0.9172517051603928,0.2697181786367243
Beni,General José Ballivián,Santa Rosa,C1,telefono,hybride,acces_2050,2035,0.9172517051603928,0.867461106719586
Beni,General José Ballivián,Santa Rosa,C1,computadora,hybride,acces_2050,2035,0.9172517051603928,0.2155344581253327
Beni,General José Ballivián,Santa Rosa,C1,internet,hybride,acces_2050,2035,0.9172517051603928,0.2708845934969091
Beni,General José Ballivián,Santa Rosa,C1,refrigerador,hybride,acces_2050,2050,1.0,0.5881040953481024
Beni,General José Ballivián,Santa Rosa,C1,microondas,hybride,acces_2050,2050,1.0,0.0766864514812912
Beni,General José Ballivián,Santa Rosa,C1,aire_acondicionado,hybride,acces_2050,2050,1.0,0.0886685431673337
Beni,General José Ballivián,Santa Rosa,C1,lavadora,hybride,acces_2050,2050,1.0,0.3360973045851914
Beni,General José Ballivián,Santa Rosa,C1,telefono,hybride,acces_2050,2050,1.0,0.8980726264535877
Beni,General José Ballivián,Santa Rosa,C1,computadora,hybride,acces_2050,2050,1.0,0.2563569960474675
Beni,General José Ballivián,Santa Rosa,C1,internet,hybride,acces_2050,2050,1.0,0.3408245193887109
Beni,Yacuma,Exaltación,C1,refrigerador,hybride,acces_2050,2024,0.8123711340206186,0.0985810306198655
Beni,Yacuma,Exaltación,C1,microondas,hybride,acces_2050,2024,0.8123711340206186,0.0029873039581777
Beni,Yacuma,Exaltación,C1,aire_acondicionado,hybride,acces_2050,2024,0.8123711340206186,0.005227781926811
Beni,Yacuma,Exaltación,C1,lavadora,hybride,acces_2050,2024,0.8123711340206186,0.022404779686333
Beni,Yacuma,Exaltación,C1,telefono,hybride,acces_2050,2024,0.8123711340206186,0.7514970059880239
Beni,Yacuma,Exaltación,C1,computadora,hybride,acces_2050,2024,0.8123711340206186,0.0696629213483146
Beni,Yacuma,Exaltación,C1,internet,hybride,acces_2050,2024,0.8123711340206186,0.0434456928838951
Beni,Yacuma,Exaltación,C1,refrigerador,hybride,acces_2050,2035,0.9132965697518204,0.4818104674582325
Beni,Yacuma,Exaltación,C1,microondas,hybride,acces_2050,2035,0.9132965697518204,0.0606653971841319
Beni,Yacuma,Exaltación,C1,aire_acondicionado,hybride,acces_2050,2035,0.9132965697518204,0.0681686222231875
Beni,Yacuma,Exaltación,C1,lavadora,hybride,acces_2050,2035,0.9132965697518204,0.2665454433925993
Beni,Yacuma,Exaltación,C1,telefono,hybride,acces_2050,2035,0.9132965697518204,0.8659979623025942
Beni,Yacuma,Exaltación,C1,computadora,hybride,acces_2050,2035,0.9132965697518204,0.2135832558012656
Beni,Yacuma,Exaltación,C1,internet,hybride,acces_2050,2035,0.9132965697518204,0.2675416620455265
Beni,Yacuma,Exaltación,C1,refrigerador,hybride,acces_2050,2050,1.0,0.5881040953481024
Beni,Yacuma,Exaltación,C1,microondas,hybride,acces_2050,2050,1.0,0.0766864514812912
Beni,Yacuma,Exaltación,C1,aire_acondicionado,hybride,acces_2050,2050,1.0,0.0886685431673337
Beni,Yacuma,Exaltación,C1,lavadora,hybride,acces_2050,2050,1.0,0.3360973045851914
Beni,Yacuma,Exaltación,C1,telefono,hybride,acces_2050,2050,1.0,0.8980726264535877
Beni,Yacuma,Exaltación,C1,computadora,hybride,acces_2050,2050,1.0,0.2563569960474675
Beni,Yacuma,Exaltación,C1,internet,hybride,acces_2050,2050,1.0,0.3408245193887109
Pando,Nicolás Suárez,Cobija,C5,refrigerador,hybride,acces_2050,2024,0.9746209200719608,0.7561576354679803
Pando,Nicolás Suárez,Cobija,C5,microondas,hybride,acces_2050,2024,0.9746209200719608,0.1357613689326852
Pando,Nicolás Suárez,Cobija,C5,aire_acondicionado,hybride,acces_2050,2024,0.9746209200719608,0.188735769922109
Pando,Nicolás Suárez,Cobija,C5,lavadora,hybride,acces_2050,2024,0.9746209200719608,0.5479297031021169
Pando,Nicolás Suárez,Cobija,C5,telefono,hybride,acces_2050,2024,0.9746209200719608,0.9375416167265948
Pando,Nicolás Suárez,Cobija,C5,computadora,hybride,acces_2050,2024,0.9746209200719608,0.4310161139965375
Pando,Nicolás Suárez,Cobija,C5,internet,hybride,acces_2050,2024,0.9746209200719608,0.6279549843510688
Pando,Nicolás Suárez,Cobija,C5,refrigerador,hybride,acces_2050,2035,0.9928153736738896,0.5792961393647073
Pando,Nicolás Suárez,Cobija,C5,microondas,hybride,acces_2050,2035,0.9928153736738896,0.0753588766881609
Pando,Nicolás Suárez,Cobija,C5,aire_acondicionado,hybride,acces_2050,2035,0.9928153736738896,0.0869698298491073
Pando,Nicolás Suárez,Cobija,C5,lavadora,hybride,acces_2050,2035,0.9928153736738896,0.3303339324611136
Pando,Nicolás Suárez,Cobija,C5,telefono,hybride,acces_2050,2035,0.9928153736738896,0.895414779171182
Pando,Nicolás Suárez,Cobija,C5,computadora,hybride,acces_2050,2035,0.9928153736738896,0.2528125764165554
Pando,Nicolás Suárez,Cobija,C5,internet,hybride,acces_2050,2035,0.9928153736738896,0.3347519805674284
Pando,Nicolás Suárez,Cobija,C5,refrigerador,hybride,acces_2050,2050,1.0,0.5881040953481024
Pando,Nicolás Suárez,Cobija,C5,microondas,hybride,acces_2050,2050,1.0,0.0766864514812912
Pando,Nicolás Suárez,Cobija,C5,aire_acondicionado,hybride,acces_2050,2050,1.0,0.0886685431673337
Pando,Nicolás Suárez,Cobija,C5,lavadora,hybride,acces_2050,2050,1.0,0.3360973045851914
Pando,Nicolás Suárez,Cobija,C5,telefono,hybride,acces_2050,2050,1.0,0.8980726264535877
Pando,Nicolás Suárez,Cobija,C5,computadora,hybride,acces_2050,2050,1.0,0.2563569960474675
Pando,Nicolás Suárez,Cobija,C5,internet,hybride,acces_2050,2050,1.0,0.3408245193887109
Pando,Nicolás Suárez,Porvenir,C4,refrigerador,hybride,acces_2050,2024,0.9044843049327356,0.5114244044725328
Pando,Nicolás Suárez,Porvenir,C4,microondas,hybride,acces_2050,2024,0.9044843049327356,0.0661157024793388
Pando,Nicolás Suárez,Porvenir,C4,aire_acondicionado,hybride,acces_2050,2024,0.9044843049327356,0.0641711229946524
Pando,Nicolás Suárez,Porvenir,C4,lavadora,hybride,acces_2050,2024,0.9044843049327356,0.4239183276616431
Pando,Nicolás Suárez,Porvenir,C4,telefono,hybride,acces_2050,2024,0.9044843049327356,0.8362573099415205
Pando,Nicolás Suárez,Porvenir,C4,computadora,hybride,acces_2050,2024,0.9044843049327356,0.1972722844617633
Pando,Nicolás Suárez,Porvenir,C4,internet,hybride,acces_2050,2024,0.9044843049327356,0.2664393570384802
Pando,Nicolás Suárez,Porvenir,C4,refrigerador,hybride,acces_2050,2035,0.967109965336432,0.5477827251807713
Pando,Nicolás Suárez,Porvenir,C4,microondas,hybride,acces_2050,2035,0.967109965336432,0.0706090329792529
Pando,Nicolás Suárez,Porvenir,C4,aire_acondicionado,hybride,acces_2050,2035,0.967109965336432,0.0808921136936275
Pando,Nicolás Suárez,Porvenir,C4,lavadora,hybride,acces_2050,2035,0.967109965336432,0.3097135373110234
Pando,Nicolás Suárez,Porvenir,C4,telefono,hybride,acces_2050,2035,0.967109965336432,0.8859054398413759
Pando,Nicolás Suárez,Porvenir,C4,computadora,hybride,acces_2050,2035,0.967109965336432,0.2401312274087743
Pando,Nicolás Suárez,Porvenir,C4,internet,hybride,acces_2050,2035,0.967109965336432,0.3130254379525615
Pando,Nicolás Suárez,Porvenir,C4,refrigerador,hybride,acces_2050,2050,1.0,0.5881040953481024
Pando,Nicolás Suárez,Porvenir,C4,microondas,hybride,acces_2050,2050,1.0,0.0766864514812912
Pando,Nicolás Suárez,Porvenir,C4,aire_acondicionado,hybride,acces_2050,2050,1.0,0.0886685431673337
Pando,Nicolás Suárez,Porvenir,C4,lavadora,hybride,acces_2050,2050,1.0,0.3360973045851914
Pando,Nicolás Suárez,Porvenir,C4,telefono,hybride,acces_2050,2050,1.0,0.8980726264535877
Pando,Nicolás Suárez,Porvenir,C4,computadora,hybride,acces_2050,2050,1.0,0.2563569960474675
Pando,Nicolás Suárez,Porvenir,C4,internet,hybride,acces_2050,2050,1.0,0.3408245193887109
Pando,Nicolás Suárez,Bolpebra,C2,refrigerador,hybride,acces_2050,2024,0.6845386533665836,0.1387434554973822
Pando,Nicolás Suárez,Bolpebra,C2,microondas,hybride,acces_2050,2024,0.6845386533665836,0.0091623036649214
Pando,Nicolás Suárez,Bolpebra,C2,aire_acondicionado,hybride,acces_2050,2024,0.6845386533665836,0.0039267015706806
Pando,Nicolás Suárez,Bolpebra,C2,lavadora,hybride,acces_2050,2024,0.6845386533665836,0.0746073298429319
Pando,Nicolás Suárez,Bolpebra,C2,telefono,hybride,acces_2050,2024,0.6845386533665836,0.8416230366492147
Pando,Nicolás Suárez,Bolpebra,C2,computadora,hybride,acces_2050,2024,0.6845386533665836,0.0667539267015706
Pando,Nicolás Suárez,Bolpebra,C2,internet,hybride,acces_2050,2024,0.6845386533665836,0.0196335078534031
Pando,Nicolás Suárez,Bolpebra,C2,refrigerador,hybride,acces_2050,2035,0.8655671845289354,0.4232968711936823
Pando,Nicolás Suárez,Bolpebra,C2,microondas,hybride,acces_2050,2035,0.8655671845289354,0.0518459644346193
Pando,Nicolás Suárez,Bolpebra,C2,aire_acondicionado,hybride,acces_2050,2035,0.8655671845289354,0.0568836174548509
Pando,Nicolás Suárez,Bolpebra,C2,lavadora,hybride,acces_2050,2035,0.8655671845289354,0.2282578281699069
Pando,Nicolás Suárez,Bolpebra,C2,telefono,hybride,acces_2050,2035,0.8655671845289354,0.8483411752899538
Pando,Nicolás Suárez,Bolpebra,C2,computadora,hybride,acces_2050,2035,0.8655671845289354,0.1900367326730477
Pando,Nicolás Suárez,Bolpebra,C2,internet,hybride,acces_2050,2035,0.8655671845289354,0.2272001701535144
Pando,Nicolás Suárez,Bolpebra,C2,refrigerador,hybride,acces_2050,2050,1.0,0.5881040953481024
Pando,Nicolás Suárez,Bolpebra,C2,microondas,hybride,acces_2050,2050,1.0,0.0766864514812912
Pando,Nicolás Suárez,Bolpebra,C2,aire_acondicionado,hybride,acces_2050,2050,1.0,0.0886685431673337
Pando,Nicolás Suárez,Bolpebra,C2,lavadora,hybride,acces_2050,2050,1.0,0.3360973045851914
Pando,Nicolás Suárez,Bolpebra,C2,telefono,hybride,acces_2050,2050,1.0,0.8980726264535877
Pando,Nicolás Suárez,Bolpebra,C2,computadora,hybride,acces_2050,2050,1.0,0.2563569960474675
Pando,Nicolás Suárez,Bolpebra,C2,internet,hybride,acces_2050,2050,1.0,0.3408245193887109
Pando,Nicolás Suárez,Bella Flor,C4,refrigerador,hybride,acces_2050,2024,0.7157894736842105,0.3147208121827411
Pando,Nicolás Suárez,Bella Flor,C4,microondas,hybride,acces_2050,2024,0.7157894736842105,0.032994923857868
Pando,Nicolás Suárez,Bella Flor,C4,aire_acondicionado,hybride,acces_2050,2024,0.7157894736842105,0.0177664974619289
Pando,Nicolás Suárez,Bella Flor,C4,lavadora,hybride,acces_2050,2024,0.7157894736842105,0.2030456852791878
Pando,Nicolás Suárez,Bella Flor,C4,telefono,hybride,acces_2050,2024,0.7157894736842105,0.8264182895850973
Pando,Nicolás Suárez,Bella Flor,C4,computadora,hybride,acces_2050,2024,0.7157894736842105,0.1203389830508474
Pando,Nicolás Suárez,Bella Flor,C4,internet,hybride,acces_2050,2024,0.7157894736842105,0.1
Pando,Nicolás Suárez,Bella Flor,C4,refrigerador,hybride,acces_2050,2035,0.8697204745028234,0.4283885758441156
Pando,Nicolás Suárez,Bella Flor,C4,microondas,hybride,acces_2050,2035,0.8697204745028234,0.0526134090904195
Pando,Nicolás Suárez,Bella Flor,C4,aire_acondicionado,hybride,acces_2050,2035,0.8697204745028234,0.0578656099305708
Pando,Nicolás Suárez,Bella Flor,C4,lavadora,hybride,acces_2050,2035,0.8697204745028234,0.2315895192798155
Pando,Nicolás Suárez,Bella Flor,C4,telefono,hybride,acces_2050,2035,0.8697204745028234,0.8498776240861875
Pando,Nicolás Suárez,Bella Flor,C4,computadora,hybride,acces_2050,2035,0.8697204745028234,0.1920856913590158
Pando,Nicolás Suárez,Bella Flor,C4,internet,hybride,acces_2050,2035,0.8697204745028234,0.2307105843988344
Pando,Nicolás Suárez,Bella Flor,C4,refrigerador,hybride,acces_2050,2050,1.0,0.5881040953481024
Pando,Nicolás Suárez,Bella Flor,C4,microondas,hybride,acces_2050,2050,1.0,0.0766864514812912
Pando,Nicolás Suárez,Bella Flor,C4,aire_acondicionado,hybride,acces_2050,2050,1.0,0.0886685431673337
Pando,Nicolás Suárez,Bella Flor,C4,lavadora,hybride,acces_2050,2050,1.0,0.3360973045851914
Pando,Nicolás Suárez,Bella Flor,C4,telefono,hybride,acces_2050,2050,1.0,0.8980726264535877
Pando,Nicolás Suárez,Bella Flor,C4,computadora,hybride,acces_2050,2050,1.0,0.2563569960474675
Pando,Nicolás Suárez,Bella Flor,C4,internet,hybride,acces_2050,2050,1.0,0.3408245193887109
Pando,Manuripi,Puerto Rico,C4,refrigerador,hybride,acces_2050,2024,0.8366013071895425,0.4104320337197049
Pando,Manuripi,Puerto Rico,C4,microondas,hybride,acces_2050,2024,0.8366013071895425,0.0258030542390731
Pando,Manuripi,Puerto Rico,C4,aire_acondicionado,hybride,acces_2050,2024,0.8366013071895425,0.0279094260136914
Pando,Manuripi,Puerto Rico,C4,lavadora,hybride,acces_2050,2024,0.8366013071895425,0.1748288572933122
Pando,Manuripi,Puerto Rico,C4,telefono,hybride,acces_2050,2024,0.8366013071895425,0.8680336487907466
Pando,Manuripi,Puerto Rico,C4,computadora,hybride,acces_2050,2024,0.8366013071895425,0.2726315789473684
Pando,Manuripi,Puerto Rico,C4,internet,hybride,acces_2050,2024,0.8366013071895425,0.1748288572933122
Pando,Manuripi,Puerto Rico,C4,refrigerador,hybride,acces_2050,2035,0.9359410417323027,0.5095713423344203
Pando,Manuripi,Puerto Rico,C4,microondas,hybride,acces_2050,2035,0.9359410417323027,0.0648496412687242
Pando,Manuripi,Puerto Rico,C4,aire_acondicionado,hybride,acces_2050,2035,0.9359410417323027,0.0735226189923242
Pando,Manuripi,Puerto Rico,C4,lavadora,hybride,acces_2050,2035,0.9359410417323027,0.2847104129613681
Pando,Manuripi,Puerto Rico,C4,telefono,hybride,acces_2050,2035,0.9359410417323027,0.8743749530579952
Pando,Manuripi,Puerto Rico,C4,computadora,hybride,acces_2050,2035,0.9359410417323027,0.2247545411787076
Pando,Manuripi,Puerto Rico,C4,internet,hybride,acces_2050,2035,0.9359410417323027,0.2866810617787022
Pando,Manuripi,Puerto Rico,C4,refrigerador,hybride,acces_2050,2050,1.0,0.5881040953481024
Pando,Manuripi,Puerto Rico,C4,microondas,hybride,acces_2050,2050,1.0,0.0766864514812912
Pando,Manuripi,Puerto Rico,C4,aire_acondicionado,hybride,acces_2050,2050,1.0,0.0886685431673337
Pando,Manuripi,Puerto Rico,C4,lavadora,hybride,acces_2050,2050,1.0,0.3360973045851914
Pando,Manuripi,Puerto Rico,C4,telefono,hybride,acces_2050,2050,1.0,0.8980726264535877
Pando,Manuripi,Puerto Rico,C4,computadora,hybride,acces_2050,2050,1.0,0.2563569960474675
Pando,Manuripi,Puerto Rico,C4,internet,hybride,acces_2050,2050,1.0,0.3408245193887109
Pando,Manuripi,San Pedro,C4,refrigerador,hybride,acces_2050,2024,0.3970588235294117,0.0
Pando,Manuripi,San Pedro,C4,microondas,hybride,acces_2050,2024,0.3970588235294117,0.0
Pando,Manuripi,San Pedro,C4,aire_acondicionado,hybride,acces_2050,2024,0.3970588235294117,0.0
Pando,Manuripi,San Pedro,C4,lavadora,hybride,acces_2050,2024,0.3970588235294117,0.0
Pando,Manuripi,San Pedro,C4,telefono,hybride,acces_2050,2024,0.3970588235294117,0.6453900709219859
Pando,Manuripi,San Pedro,C4,computadora,hybride,acces_2050,2024,0.3970588235294117,0.0479573712255772
Pando,Manuripi,San Pedro,C4,internet,hybride,acces_2050,2024,0.3970588235294117,0.0035523978685612
Pando,Manuripi,San Pedro,C4,refrigerador,hybride,acces_2050,2035,0.6795574765696962,0.1952592188755624
Pando,Manuripi,San Pedro,C4,microondas,hybride,acces_2050,2035,0.6795574765696962,0.0174751024919768
Pando,Manuripi,San Pedro,C4,aire_acondicionado,hybride,acces_2050,2035,0.6795574765696962,0.0129039929221965
Pando,Manuripi,San Pedro,C4,lavadora,hybride,acces_2050,2035,0.6795574765696962,0.079044338560282
Pando,Manuripi,San Pedro,C4,telefono,hybride,acces_2050,2035,0.6795574765696962,0.7795296081519599
Pando,Manuripi,San Pedro,C4,computadora,hybride,acces_2050,2035,0.6795574765696962,0.0982718404566014
Pando,Manuripi,San Pedro,C4,internet,hybride,acces_2050,2035,0.6795574765696962,0.0699823662695612
Pando,Manuripi,San Pedro,C4,refrigerador,hybride,acces_2050,2050,1.0,0.5881040953481024
Pando,Manuripi,San Pedro,C4,microondas,hybride,acces_2050,2050,1.0,0.0766864514812912
Pando,Manuripi,San Pedro,C4,aire_acondicionado,hybride,acces_2050,2050,1.0,0.0886685431673337
Pando,Manuripi,San Pedro,C4,lavadora,hybride,acces_2050,2050,1.0,0.3360973045851914
Pando,Manuripi,San Pedro,C4,telefono,hybride,acces_2050,2050,1.0,0.8980726264535877
Pando,Manuripi,San Pedro,C4,computadora,hybride,acces_2050,2050,1.0,0.2563569960474675
Pando,Manuripi,San Pedro,C4,internet,hybride,acces_2050,2050,1.0,0.3408245193887109
Pando,Manuripi,Filadelfia,C4,refrigerador,hybride,acces_2050,2024,0.7637231503579952,0.2855366763365106
Pando,Manuripi,Filadelfia,C4,microondas,hybride,acces_2050,2024,0.7637231503579952,0.0198922503108164
Pando,Manuripi,Filadelfia,C4,aire_acondicionado,hybride,acces_2050,2024,0.7637231503579952,0.0078740157480314
Pando,Manuripi,Filadelfia,C4,lavadora,hybride,acces_2050,2024,0.7637231503579952,0.1209610604805302
Pando,Manuripi,Filadelfia,C4,telefono,hybride,acces_2050,2024,0.7637231503579952,0.8475559237779619
Pando,Manuripi,Filadelfia,C4,computadora,hybride,acces_2050,2024,0.7637231503579952,0.0981772990886495
Pando,Manuripi,Filadelfia,C4,internet,hybride,acces_2050,2024,0.7637231503579952,0.0376967688483844
Pando,Manuripi,Filadelfia,C4,refrigerador,hybride,acces_2050,2035,0.9040425271970838,0.470465521208994
Pando,Manuripi,Filadelfia,C4,microondas,hybride,acces_2050,2035,0.9040425271970838,0.0589554357926012
Pando,Manuripi,Filadelfia,C4,aire_acondicionado,hybride,acces_2050,2035,0.9040425271970838,0.0659806218148663
Pando,Manuripi,Filadelfia,C4,lavadora,hybride,acces_2050,2035,0.9040425271970838,0.2591220244875452
Pando,Manuripi,Filadelfia,C4,telefono,hybride,acces_2050,2035,0.9040425271970838,0.862574564795338
Pando,Manuripi,Filadelfia,C4,computadora,hybride,acces_2050,2035,0.9040425271970838,0.2090179230188073
Pando,Manuripi,Filadelfia,C4,internet,hybride,acces_2050,2035,0.9040425271970838,0.2597200259413338
Pando,Manuripi,Filadelfia,C4,refrigerador,hybride,acces_2050,2050,1.0,0.5881040953481024
Pando,Manuripi,Filadelfia,C4,microondas,hybride,acces_2050,2050,1.0,0.0766864514812912
Pando,Manuripi,Filadelfia,C4,aire_acondicionado,hybride,acces_2050,2050,1.0,0.0886685431673337
Pando,Manuripi,Filadelfia,C4,lavadora,hybride,acces_2050,2050,1.0,0.3360973045851914
Pando,Manuripi,Filadelfia,C4,telefono,hybride,acces_2050,2050,1.0,0.8980726264535877
Pando,Manuripi,Filadelfia,C4,computadora,hybride,acces_2050,2050,1.0,0.2563569960474675
Pando,Manuripi,Filadelfia,C4,internet,hybride,acces_2050,2050,1.0,0.3408245193887109
Pando,Madre de Dios,Puerto Gonzalo Moreno,C3,refrigerador,hybride,acces_2050,2024,0.8229007633587786,0.2776859504132231
Pando,Madre de Dios,Puerto Gonzalo Moreno,C3,microondas,hybride,acces_2050,2024,0.8229007633587786,0.0198347107438016
Pando,Madre de Dios,Puerto Gonzalo Moreno,C3,aire_acondicionado,hybride,acces_2050,2024,0.8229007633587786,0.009366391184573
Pando,Madre de Dios,Puerto Gonzalo Moreno,C3,lavadora,hybride,acces_2050,2024,0.8229007633587786,0.0568119139547711
Pando,Madre de Dios,Puerto Gonzalo Moreno,C3,telefono,hybride,acces_2050,2024,0.8229007633587786,0.74696802646086
Pando,Madre de Dios,Puerto Gonzalo Moreno,C3,computadora,hybride,acces_2050,2024,0.8229007633587786,0.1063360881542699
Pando,Madre de Dios,Puerto Gonzalo Moreno,C3,internet,hybride,acces_2050,2024,0.8229007633587786,0.0297684674751929
Pando,Madre de Dios,Puerto Gonzalo Moreno,C3,refrigerador,hybride,acces_2050,2035,0.9308407913287676,0.5033187163773299
Pando,Madre de Dios,Puerto Gonzalo Moreno,C3,microondas,hybride,acces_2050,2035,0.9308407913287676,0.0639072173252856
Pando,Madre de Dios,Puerto Gonzalo Moreno,C3,aire_acondicionado,hybride,acces_2050,2035,0.9308407913287676,0.0723167297931478
Pando,Madre de Dios,Puerto Gonzalo Moreno,C3,lavadora,hybride,acces_2050,2035,0.9308407913287676,0.2806190880034195
Pando,Madre de Dios,Puerto Gonzalo Moreno,C3,telefono,hybride,acces_2050,2035,0.9308407913287676,0.8724881901201148
Pando,Madre de Dios,Puerto Gonzalo Moreno,C3,computadora,hybride,acces_2050,2035,0.9308407913287676,0.2222384148233034
Pando,Madre de Dios,Puerto Gonzalo Moreno,C3,internet,hybride,acces_2050,2035,0.9308407913287676,0.2823702643665706
Pando,Madre de Dios,Puerto Gonzalo Moreno,C3,refrigerador,hybride,acces_2050,2050,1.0,0.5881040953481024
Pando,Madre de Dios,Puerto Gonzalo Moreno,C3,microondas,hybride,acces_2050,2050,1.0,0.0766864514812912
Pando,Madre de Dios,Puerto Gonzalo Moreno,C3,aire_acondicionado,hybride,acces_2050,2050,1.0,0.0886685431673337
Pando,Madre de Dios,Puerto Gonzalo Moreno,C3,lavadora,hybride,acces_2050,2050,1.0,0.3360973045851914
Pando,Madre de Dios,Puerto Gonzalo Moreno,C3,telefono,hybride,acces_2050,2050,1.0,0.8980726264535877
Pando,Madre de Dios,Puerto Gonzalo Moreno,C3,computadora,hybride,acces_2050,2050,1.0,0.2563569960474675
Pando,Madre de Dios,Puerto Gonzalo Moreno,C3,internet,hybride,acces_2050,2050,1.0,0.3408245193887109
Pando,Madre de Dios,San Lorenzo,C4,refrigerador,hybride,acces_2050,2024,0.8367567567567568,0.2832469775474956
Pando,Madre de Dios,San Lorenzo,C4,microondas,hybride,acces_2050,2024,0.8367567567567568,0.0115074798619102
Pando,Madre de Dios,San Lorenzo,C4,aire_acondicionado,hybride,acces_2050,2024,0.8367567567567568,0.0086306098964326
Pando,Madre de Dios,San Lorenzo,C4,lavadora,hybride,acces_2050,2024,0.8367567567567568,0.0909090909090909
Pando,Madre de Dios,San Lorenzo,C4,telefono,hybride,acces_2050,2024,0.8367567567567568,0.8301669545192861
Pando,Madre de Dios,San Lorenzo,C4,computadora,hybride,acces_2050,2024,0.8367567567567568,0.1013241220495106
Pando,Madre de Dios,San Lorenzo,C4,internet,hybride,acces_2050,2024,0.8367567567567568,0.0558434081750143
Pando,Madre de Dios,San Lorenzo,C4,refrigerador,hybride,acces_2050,2035,0.9461771481834212,0.522120244806236
Pando,Madre de Dios,San Lorenzo,C4,microondas,hybride,acces_2050,2035,0.9461771481834212,0.066741068364232
Pando,Madre de Dios,San Lorenzo,C4,aire_acondicionado,hybride,acces_2050,2035,0.9461771481834212,0.0759428158913759
Pando,Madre de Dios,San Lorenzo,C4,lavadora,hybride,acces_2050,2035,0.9461771481834212,0.2929216250553179
Pando,Madre de Dios,San Lorenzo,C4,telefono,hybride,acces_2050,2035,0.9461771481834212,0.8781616507202867
Pando,Madre de Dios,San Lorenzo,C4,computadora,hybride,acces_2050,2035,0.9461771481834212,0.2298043593602876
Pando,Madre de Dios,San Lorenzo,C4,internet,hybride,acces_2050,2035,0.9461771481834212,0.295332750952473
Pando,Madre de Dios,San Lorenzo,C4,refrigerador,hybride,acces_2050,2050,1.0,0.5881040953481024
Pando,Madre de Dios,San Lorenzo,C4,microondas,hybride,acces_2050,2050,1.0,0.0766864514812912
Pando,Madre de Dios,San Lorenzo,C4,aire_acondicionado,hybride,acces_2050,2050,1.0,0.0886685431673337
Pando,Madre de Dios,San Lorenzo,C4,lavadora,hybride,acces_2050,2050,1.0,0.3360973045851914
Pando,Madre de Dios,San Lorenzo,C4,telefono,hybride,acces_2050,2050,1.0,0.8980726264535877
Pando,Madre de Dios,San Lorenzo,C4,computadora,hybride,acces_2050,2050,1.0,0.2563569960474675
Pando,Madre de Dios,San Lorenzo,C4,internet,hybride,acces_2050,2050,1.0,0.3408245193887109
Pando,Madre de Dios,Sena,C4,refrigerador,hybride,acces_2050,2024,0.6267826086956522,0.214075165806927
Pando,Madre de Dios,Sena,C4,microondas,hybride,acces_2050,2024,0.6267826086956522,0.0143699336772291
Pando,Madre de Dios,Sena,C4,aire_acondicionado,hybride,acces_2050,2024,0.6267826086956522,0.0162182086251382
Pando,Madre de Dios,Sena,C4,lavadora,hybride,acces_2050,2024,0.6267826086956522,0.0762992996682639
Pando,Madre de Dios,Sena,C4,telefono,hybride,acces_2050,2024,0.6267826086956522,0.7874769797421731
Pando,Madre de Dios,Sena,C4,computadora,hybride,acces_2050,2024,0.6267826086956522,0.1046425939572586
Pando,Madre de Dios,Sena,C4,internet,hybride,acces_2050,2024,0.6267826086956522,0.1201179071481208
Pando,Madre de Dios,Sena,C4,refrigerador,hybride,acces_2050,2035,0.8654448704901772,0.4231469209220001
Pando,Madre de Dios,Sena,C4,microondas,hybride,acces_2050,2035,0.8654448704901772,0.0518233632543587
Pando,Madre de Dios,Sena,C4,aire_acondicionado,hybride,acces_2050,2035,0.8654448704901772,0.056854697859424
Pando,Madre de Dios,Sena,C4,lavadora,hybride,acces_2050,2035,0.8654448704901772,0.2281597101482638
Pando,Madre de Dios,Sena,C4,telefono,hybride,acces_2050,2035,0.8654448704901772,0.8482959270027419
Pando,Madre de Dios,Sena,C4,computadora,hybride,acces_2050,2035,0.8654448704901772,0.1899763910128927
Pando,Madre de Dios,Sena,C4,internet,hybride,acces_2050,2035,0.8654448704901772,0.2270967887506364
Pando,Madre de Dios,Sena,C4,refrigerador,hybride,acces_2050,2050,1.0,0.5881040953481024
Pando,Madre de Dios,Sena,C4,microondas,hybride,acces_2050,2050,1.0,0.0766864514812912
Pando,Madre de Dios,Sena,C4,aire_acondicionado,hybride,acces_2050,2050,1.0,0.0886685431673337
Pando,Madre de Dios,Sena,C4,lavadora,hybride,acces_2050,2050,1.0,0.3360973045851914
Pando,Madre de Dios,Sena,C4,telefono,hybride,acces_2050,2050,1.0,0.8980726264535877
Pando,Madre de Dios,Sena,C4,computadora,hybride,acces_2050,2050,1.0,0.2563569960474675
Pando,Madre de Dios,Sena,C4,internet,hybride,acces_2050,2050,1.0,0.3408245193887109
Pando,Abuná,Santa Rosa,C4,refrigerador,hybride,acces_2050,2024,0.8267441860465117,0.3933823529411764
Pando,Abuná,Santa Rosa,C4,microondas,hybride,acces_2050,2024,0.8267441860465117,0.0183823529411764
Pando,Abuná,Santa Rosa,C4,aire_acondicionado,hybride,acces_2050,2024,0.8267441860465117,0.0098039215686274
Pando,Abuná,Santa Rosa,C4,lavadora,hybride,acces_2050,2024,0.8267441860465117,0.1580882352941176
Pando,Abuná,Santa Rosa,C4,telefono,hybride,acces_2050,2024,0.8267441860465117,0.8355828220858895
Pando,Abuná,Santa Rosa,C4,computadora,hybride,acces_2050,2024,0.8267441860465117,0.1482843137254902
Pando,Abuná,Santa Rosa,C4,internet,hybride,acces_2050,2024,0.8267441860465117,0.0429447852760736
Pando,Abuná,Santa Rosa,C4,refrigerador,hybride,acces_2050,2035,0.9303815922460258,0.5027557636050047
Pando,Abuná,Santa Rosa,C4,microondas,hybride,acces_2050,2035,0.9303815922460258,0.0638223665481393
Pando,Abuná,Santa Rosa,C4,aire_acondicionado,hybride,acces_2050,2035,0.9303815922460258,0.0722081580230704
Pando,Abuná,Santa Rosa,C4,lavadora,hybride,acces_2050,2035,0.9303815922460258,0.2802507271349832
Pando,Abuná,Santa Rosa,C4,telefono,hybride,acces_2050,2035,0.9303815922460258,0.8723183161449419
Pando,Abuná,Santa Rosa,C4,computadora,hybride,acces_2050,2035,0.9303815922460258,0.2220118763549836
Pando,Abuná,Santa Rosa,C4,internet,hybride,acces_2050,2035,0.9303815922460258,0.2819821433801648
Pando,Abuná,Santa Rosa,C4,refrigerador,hybride,acces_2050,2050,1.0,0.5881040953481024
Pando,Abuná,Santa Rosa,C4,microondas,hybride,acces_2050,2050,1.0,0.0766864514812912
Pando,Abuná,Santa Rosa,C4,aire_acondicionado,hybride,acces_2050,2050,1.0,0.0886685431673337
Pando,Abuná,Santa Rosa,C4,lavadora,hybride,acces_2050,2050,1.0,0.3360973045851914
Pando,Abuná,Santa Rosa,C4,telefono,hybride,acces_2050,2050,1.0,0.8980726264535877
Pando,Abuná,Santa Rosa,C4,computadora,hybride,acces_2050,2050,1.0,0.2563569960474675
Pando,Abuná,Santa Rosa,C4,internet,hybride,acces_2050,2050,1.0,0.3408245193887109
Pando,Abuná,Ingavi,C4,refrigerador,hybride,acces_2050,2024,0.5978428351309707,0.0425531914893617
Pando,Abuná,Ingavi,C4,microondas,hybride,acces_2050,2024,0.5978428351309707,0.0032733224222585
Pando,Abuná,Ingavi,C4,aire_acondicionado,hybride,acces_2050,2024,0.5978428351309707,0.0
Pando,Abuná,Ingavi,C4,lavadora,hybride,acces_2050,2024,0.5978428351309707,0.0098199672667757
Pando,Abuná,Ingavi,C4,telefono,hybride,acces_2050,2024,0.5978428351309707,0.7855973813420621
Pando,Abuná,Ingavi,C4,computadora,hybride,acces_2050,2024,0.5978428351309707,0.0704918032786885
Pando,Abuná,Ingavi,C4,internet,hybride,acces_2050,2024,0.5978428351309707,0.0344262295081967
Pando,Abuná,Ingavi,C4,refrigerador,hybride,acces_2050,2035,0.7679862510370985,0.3036680237070486
Pando,Abuná,Ingavi,C4,microondas,hybride,acces_2050,2035,0.7679862510370985,0.0338149657836399
Pando,Abuná,Ingavi,C4,aire_acondicionado,hybride,acces_2050,2035,0.7679862510370985,0.0338118495154199
Pando,Abuná,Ingavi,C4,lavadora,hybride,acces_2050,2035,0.7679862510370985,0.1499802384385561
Pando,Abuná,Ingavi,C4,telefono,hybride,acces_2050,2035,0.7679862510370985,0.8122425381272469
Pando,Abuná,Ingavi,C4,computadora,hybride,acces_2050,2035,0.7679862510370985,0.1418967514725995
Pando,Abuná,Ingavi,C4,internet,hybride,acces_2050,2035,0.7679862510370985,0.1447235067962744
Pando,Abuná,Ingavi,C4,refrigerador,hybride,acces_2050,2050,1.0,0.5881040953481024
Pando,Abuná,Ingavi,C4,microondas,hybride,acces_2050,2050,1.0,0.0766864514812912
Pando,Abuná,Ingavi,C4,aire_acondicionado,hybride,acces_2050,2050,1.0,0.0886685431673337
Pando,Abuná,Ingavi,C4,lavadora,hybride,acces_2050,2050,1.0,0.3360973045851914
Pando,Abuná,Ingavi,C4,telefono,hybride,acces_2050,2050,1.0,0.8980726264535877
Pando,Abuná,Ingavi,C4,computadora,hybride,acces_2050,2050,1.0,0.2563569960474675
Pando,Abuná,Ingavi,C4,internet,hybride,acces_2050,2050,1.0,0.3408245193887109
Pando,Federico Román,Nueva Esperanza,C4,refrigerador,hybride,acces_2050,2024,0.6912065439672802,0.038543897216274
Pando,Federico Román,Nueva Esperanza,C4,microondas,hybride,acces_2050,2024,0.6912065439672802,0.0021459227467811
Pando,Federico Román,Nueva Esperanza,C4,aire_acondicionado,hybride,acces_2050,2024,0.6912065439672802,0.0
Pando,Federico Román,Nueva Esperanza,C4,lavadora,hybride,acces_2050,2024,0.6912065439672802,0.0085836909871244
Pando,Federico Román,Nueva Esperanza,C4,telefono,hybride,acces_2050,2024,0.6912065439672802,0.7841880341880342
Pando,Federico Román,Nueva Esperanza,C4,computadora,hybride,acces_2050,2024,0.6912065439672802,0.1047008547008547
Pando,Federico Román,Nueva Esperanza,C4,internet,hybride,acces_2050,2024,0.6912065439672802,0.0405982905982906
Pando,Federico Román,Nueva Esperanza,C4,refrigerador,hybride,acces_2050,2035,0.8640845343714169,0.4214792237986134
Pando,Federico Román,Nueva Esperanza,C4,microondas,hybride,acces_2050,2035,0.8640845343714169,0.0515720004333185
Pando,Federico Román,Nueva Esperanza,C4,aire_acondicionado,hybride,acces_2050,2035,0.8640845343714169,0.0565330637232401
Pando,Federico Román,Nueva Esperanza,C4,lavadora,hybride,acces_2050,2035,0.8640845343714169,0.2270684740963976
Pando,Federico Román,Nueva Esperanza,C4,telefono,hybride,acces_2050,2035,0.8640845343714169,0.8477926905792601
Pando,Federico Román,Nueva Esperanza,C4,computadora,hybride,acces_2050,2035,0.8640845343714169,0.1893052911080236
Pando,Federico Román,Nueva Esperanza,C4,internet,hybride,acces_2050,2035,0.8640845343714169,0.2259470151206365
Pando,Federico Román,Nueva Esperanza,C4,refrigerador,hybride,acces_2050,2050,1.0,0.5881040953481024
Pando,Federico Román,Nueva Esperanza,C4,microondas,hybride,acces_2050,2050,1.0,0.0766864514812912
Pando,Federico Román,Nueva Esperanza,C4,aire_acondicionado,hybride,acces_2050,2050,1.0,0.0886685431673337
Pando,Federico Román,Nueva Esperanza,C4,lavadora,hybride,acces_2050,2050,1.0,0.3360973045851914
Pando,Federico Román,Nueva Esperanza,C4,telefono,hybride,acces_2050,2050,1.0,0.8980726264535877
Pando,Federico Román,Nueva Esperanza,C4,computadora,hybride,acces_2050,2050,1.0,0.2563569960474675
Pando,Federico Román,Nueva Esperanza,C4,internet,hybride,acces_2050,2050,1.0,0.3408245193887109
Pando,Federico Román,Villa Nueva,C4,refrigerador,hybride,acces_2050,2024,0.6991525423728814,0.1714285714285714
Pando,Federico Román,Villa Nueva,C4,microondas,hybride,acces_2050,2024,0.6991525423728814,0.0063492063492063
Pando,Federico Román,Villa Nueva,C4,aire_acondicionado,hybride,acces_2050,2024,0.6991525423728814,0.0031746031746031
Pando,Federico Román,Villa Nueva,C4,lavadora,hybride,acces_2050,2024,0.6991525423728814,0.0206349206349206
Pando,Federico Román,Villa Nueva,C4,telefono,hybride,acces_2050,2024,0.6991525423728814,0.7429022082018928
Pando,Federico Román,Villa Nueva,C4,computadora,hybride,acces_2050,2024,0.6991525423728814,0.0555555555555555
Pando,Federico Román,Villa Nueva,C4,internet,hybride,acces_2050,2024,0.6991525423728814,0.0253968253968253
Pando,Federico Román,Villa Nueva,C4,refrigerador,hybride,acces_2050,2035,0.856226825712185,0.4118461059634751
Pando,Federico Román,Villa Nueva,C4,microondas,hybride,acces_2050,2035,0.856226825712185,0.0501200535297131
Pando,Federico Román,Villa Nueva,C4,aire_acondicionado,hybride,acces_2050,2035,0.856226825712185,0.0546752086665797
Pando,Federico Román,Villa Nueva,C4,lavadora,hybride,acces_2050,2035,0.856226825712185,0.2207651679827367
Pando,Federico Román,Villa Nueva,C4,telefono,hybride,acces_2050,2035,0.856226825712185,0.8448858463457645
Pando,Federico Román,Villa Nueva,C4,computadora,hybride,acces_2050,2035,0.856226825712185,0.1854288171535531
Pando,Federico Román,Villa Nueva,C4,internet,hybride,acces_2050,2035,0.856226825712185,0.2193055784315629
Pando,Federico Román,Villa Nueva,C4,refrigerador,hybride,acces_2050,2050,1.0,0.5881040953481024
Pando,Federico Román,Villa Nueva,C4,microondas,hybride,acces_2050,2050,1.0,0.0766864514812912
Pando,Federico Román,Villa Nueva,C4,aire_acondicionado,hybride,acces_2050,2050,1.0,0.0886685431673337
Pando,Federico Román,Villa Nueva,C4,lavadora,hybride,acces_2050,2050,1.0,0.3360973045851914
Pando,Federico Román,Villa Nueva,C4,telefono,hybride,acces_2050,2050,1.0,0.8980726264535877
Pando,Federico Román,Villa Nueva,C4,computadora,hybride,acces_2050,2050,1.0,0.2563569960474675
Pando,Federico Román,Villa Nueva,C4,internet,hybride,acces_2050,2050,1.0,0.3408245193887109
Pando,Federico Román,Santos Mercado,C4,refrigerador,hybride,acces_2050,2024,0.653910149750416,0.1161048689138576
Pando,Federico Román,Santos Mercado,C4,microondas,hybride,acces_2050,2024,0.653910149750416,0.0074906367041198
Pando,Federico Román,Santos Mercado,C4,aire_acondicionado,hybride,acces_2050,2024,0.653910149750416,0.0037453183520599
Pando,Federico Román,Santos Mercado,C4,lavadora,hybride,acces_2050,2024,0.653910149750416,0.0262664165103189
Pando,Federico Román,Santos Mercado,C4,telefono,hybride,acces_2050,2024,0.653910149750416,0.7434456928838952
Pando,Federico Román,Santos Mercado,C4,computadora,hybride,acces_2050,2024,0.653910149750416,0.048689138576779
Pando,Federico Román,Santos Mercado,C4,internet,hybride,acces_2050,2024,0.653910149750416,0.0149812734082397
Pando,Federico Román,Santos Mercado,C4,refrigerador,hybride,acces_2050,2035,0.8342490606325665,0.3849025770103863
Pando,Federico Román,Santos Mercado,C4,microondas,hybride,acces_2050,2035,0.8342490606325665,0.046059003503631
Pando,Federico Román,Santos Mercado,C4,aire_acondicionado,hybride,acces_2050,2035,0.8342490606325665,0.0494788462461822
Pando,Federico Román,Santos Mercado,C4,lavadora,hybride,acces_2050,2035,0.8342490606325665,0.2031350181516911
Pando,Federico Román,Santos Mercado,C4,telefono,hybride,acces_2050,2035,0.8342490606325665,0.8367554940436651
Pando,Federico Román,Santos Mercado,C4,computadora,hybride,acces_2050,2035,0.8342490606325665,0.1745864408828935
Pando,Federico Román,Santos Mercado,C4,internet,hybride,acces_2050,2035,0.8342490606325665,0.2007296879686189
Pando,Federico Román,Santos Mercado,C4,refrigerador,hybride,acces_2050,2050,1.0,0.5881040953481024
Pando,Federico Román,Santos Mercado,C4,microondas,hybride,acces_2050,2050,1.0,0.0766864514812912
Pando,Federico Román,Santos Mercado,C4,aire_acondicionado,hybride,acces_2050,2050,1.0,0.0886685431673337
Pando,Federico Román,Santos Mercado,C4,lavadora,hybride,acces_2050,2050,1.0,0.3360973045851914
Pando,Federico Román,Santos Mercado,C4,telefono,hybride,acces_2050,2050,1.0,0.8980726264535877
Pando,Federico Román,Santos Mercado,C4,computadora,hybride,acces_2050,2050,1.0,0.2563569960474675
Pando,Federico Román,Santos Mercado,C4,internet,hybride,acces_2050,2050,1.0,0.3408245193887109
La Paz,Abel Iturralde,Ixiamas,C1,calefon,hybride,acces_2035,2024,0.6845130066545675,0.0285992850178745
La Paz,Abel Iturralde,Ixiamas,C1,radio,hybride,acces_2035,2024,0.6845130066545675,0.390497884803124
La Paz,Abel Iturralde,Ixiamas,C1,television,hybride,acces_2035,2024,0.6845130066545675,0.4152845528455284
La Paz,Abel Iturralde,Ixiamas,C1,calefon,hybride,acces_2035,2035,1.0,0.0285992850178745
La Paz,Abel Iturralde,Ixiamas,C1,radio,hybride,acces_2035,2035,1.0,0.390497884803124
La Paz,Abel Iturralde,Ixiamas,C1,television,hybride,acces_2035,2035,1.0,0.4152845528455284
La Paz,Abel Iturralde,Ixiamas,C1,calefon,hybride,acces_2035,2050,1.0,0.0285992850178745
La Paz,Abel Iturralde,Ixiamas,C1,radio,hybride,acces_2035,2050,1.0,0.390497884803124
La Paz,Abel Iturralde,Ixiamas,C1,television,hybride,acces_2035,2050,1.0,0.4152845528455284
Beni,Vaca Diez,Riberalta,C3,calefon,hybride,acces_2035,2024,0.8934115589242767,0.0261583577712609
Beni,Vaca Diez,Riberalta,C3,radio,hybride,acces_2035,2024,0.8934115589242767,0.547266403532768
Beni,Vaca Diez,Riberalta,C3,television,hybride,acces_2035,2024,0.8934115589242767,0.6485789123890692
Beni,Vaca Diez,Riberalta,C3,calefon,hybride,acces_2035,2035,1.0,0.0261583577712609
Beni,Vaca Diez,Riberalta,C3,radio,hybride,acces_2035,2035,1.0,0.547266403532768
Beni,Vaca Diez,Riberalta,C3,television,hybride,acces_2035,2035,1.0,0.6485789123890692
Beni,Vaca Diez,Riberalta,C3,calefon,hybride,acces_2035,2050,1.0,0.0261583577712609
Beni,Vaca Diez,Riberalta,C3,radio,hybride,acces_2035,2050,1.0,0.547266403532768
Beni,Vaca Diez,Riberalta,C3,television,hybride,acces_2035,2050,1.0,0.6485789123890692
Beni,Vaca Diez,Guayaramerín,C3,calefon,hybride,acces_2035,2024,0.9242493802222018,0.0249337390792186
Beni,Vaca Diez,Guayaramerín,C3,radio,hybride,acces_2035,2024,0.9242493802222018,0.475461327051433
Beni,Vaca Diez,Guayaramerín,C3,television,hybride,acces_2035,2024,0.9242493802222018,0.6636863823933975
Beni,Vaca Diez,Guayaramerín,C3,calefon,hybride,acces_2035,2035,1.0,0.0249337390792186
Beni,Vaca Diez,Guayaramerín,C3,radio,hybride,acces_2035,2035,1.0,0.475461327051433
Beni,Vaca Diez,Guayaramerín,C3,television,hybride,acces_2035,2035,1.0,0.6636863823933975
Beni,Vaca Diez,Guayaramerín,C3,calefon,hybride,acces_2035,2050,1.0,0.0249337390792186
Beni,Vaca Diez,Guayaramerín,C3,radio,hybride,acces_2035,2050,1.0,0.475461327051433
Beni,Vaca Diez,Guayaramerín,C3,television,hybride,acces_2035,2050,1.0,0.6636863823933975
Beni,General José Ballivián,Reyes,C1,calefon,hybride,acces_2035,2024,0.7919227392449517,0.0117139334155363
Beni,General José Ballivián,Reyes,C1,radio,hybride,acces_2035,2024,0.7919227392449517,0.4182322143517092
Beni,General José Ballivián,Reyes,C1,television,hybride,acces_2035,2024,0.7919227392449517,0.4898273736128237
Beni,General José Ballivián,Reyes,C1,calefon,hybride,acces_2035,2035,1.0,0.0117139334155363
Beni,General José Ballivián,Reyes,C1,radio,hybride,acces_2035,2035,1.0,0.4182322143517092
Beni,General José Ballivián,Reyes,C1,television,hybride,acces_2035,2035,1.0,0.4898273736128237
Beni,General José Ballivián,Reyes,C1,calefon,hybride,acces_2035,2050,1.0,0.0117139334155363
Beni,General José Ballivián,Reyes,C1,radio,hybride,acces_2035,2050,1.0,0.4182322143517092
Beni,General José Ballivián,Reyes,C1,television,hybride,acces_2035,2050,1.0,0.4898273736128237
Beni,General José Ballivián,Santa Rosa,C1,calefon,hybride,acces_2035,2024,0.8522686025408348,0.025472790428406
Beni,General José Ballivián,Santa Rosa,C1,radio,hybride,acces_2035,2024,0.8522686025408348,0.3172333848531685
Beni,General José Ballivián,Santa Rosa,C1,television,hybride,acces_2035,2024,0.8522686025408348,0.4870506378044066
Beni,General José Ballivián,Santa Rosa,C1,calefon,hybride,acces_2035,2035,1.0,0.025472790428406
Beni,General José Ballivián,Santa Rosa,C1,radio,hybride,acces_2035,2035,1.0,0.3172333848531685
Beni,General José Ballivián,Santa Rosa,C1,television,hybride,acces_2035,2035,1.0,0.4870506378044066
Beni,General José Ballivián,Santa Rosa,C1,calefon,hybride,acces_2035,2050,1.0,0.025472790428406
Beni,General José Ballivián,Santa Rosa,C1,radio,hybride,acces_2035,2050,1.0,0.3172333848531685
Beni,General José Ballivián,Santa Rosa,C1,television,hybride,acces_2035,2050,1.0,0.4870506378044066
Beni,Yacuma,Exaltación,C1,calefon,hybride,acces_2035,2024,0.8123711340206186,0.0164424514200298
Beni,Yacuma,Exaltación,C1,radio,hybride,acces_2035,2024,0.8123711340206186,0.4846441947565543
Beni,Yacuma,Exaltación,C1,television,hybride,acces_2035,2024,0.8123711340206186,0.29812734082397
Beni,Yacuma,Exaltación,C1,calefon,hybride,acces_2035,2035,1.0,0.0164424514200298
Beni,Yacuma,Exaltación,C1,radio,hybride,acces_2035,2035,1.0,0.4846441947565543
Beni,Yacuma,Exaltación,C1,television,hybride,acces_2035,2035,1.0,0.29812734082397
Beni,Yacuma,Exaltación,C1,calefon,hybride,acces_2035,2050,1.0,0.0164424514200298
Beni,Yacuma,Exaltación,C1,radio,hybride,acces_2035,2050,1.0,0.4846441947565543
Beni,Yacuma,Exaltación,C1,television,hybride,acces_2035,2050,1.0,0.29812734082397
Pando,Nicolás Suárez,Cobija,C5,calefon,hybride,acces_2035,2024,0.9746209200719608,0.0352862849533954
Pando,Nicolás Suárez,Cobija,C5,radio,hybride,acces_2035,2024,0.9746209200719608,0.572103861517976
Pando,Nicolás Suárez,Cobija,C5,television,hybride,acces_2035,2024,0.9746209200719608,0.7450562620680471
Pando,Nicolás Suárez,Cobija,C5,calefon,hybride,acces_2035,2035,1.0,0.0352862849533954
Pando,Nicolás Suárez,Cobija,C5,radio,hybride,acces_2035,2035,1.0,0.572103861517976
Pando,Nicolás Suárez,Cobija,C5,television,hybride,acces_2035,2035,1.0,0.7450562620680471
Pando,Nicolás Suárez,Cobija,C5,calefon,hybride,acces_2035,2050,1.0,0.0352862849533954
Pando,Nicolás Suárez,Cobija,C5,radio,hybride,acces_2035,2050,1.0,0.572103861517976
Pando,Nicolás Suárez,Cobija,C5,television,hybride,acces_2035,2050,1.0,0.7450562620680471
Pando,Nicolás Suárez,Porvenir,C4,calefon,hybride,acces_2035,2024,0.9044843049327356,0.0364608653378706
Pando,Nicolás Suárez,Porvenir,C4,radio,hybride,acces_2035,2024,0.9044843049327356,0.5822784810126582
Pando,Nicolás Suárez,Porvenir,C4,television,hybride,acces_2035,2024,0.9044843049327356,0.674135411592791
Pando,Nicolás Suárez,Porvenir,C4,calefon,hybride,acces_2035,2035,1.0,0.0364608653378706
Pando,Nicolás Suárez,Porvenir,C4,radio,hybride,acces_2035,2035,1.0,0.5822784810126582
Pando,Nicolás Suárez,Porvenir,C4,television,hybride,acces_2035,2035,1.0,0.674135411592791
Pando,Nicolás Suárez,Porvenir,C4,calefon,hybride,acces_2035,2050,1.0,0.0364608653378706
Pando,Nicolás Suárez,Porvenir,C4,radio,hybride,acces_2035,2050,1.0,0.5822784810126582
Pando,Nicolás Suárez,Porvenir,C4,television,hybride,acces_2035,2050,1.0,0.674135411592791
Pando,Nicolás Suárez,Bolpebra,C2,calefon,hybride,acces_2035,2024,0.6845386533665836,0.0431937172774869
Pando,Nicolás Suárez,Bolpebra,C2,radio,hybride,acces_2035,2024,0.6845386533665836,0.4588235294117647
Pando,Nicolás Suárez,Bolpebra,C2,television,hybride,acces_2035,2024,0.6845386533665836,0.2840314136125654
Pando,Nicolás Suárez,Bolpebra,C2,calefon,hybride,acces_2035,2035,1.0,0.0431937172774869
Pando,Nicolás Suárez,Bolpebra,C2,radio,hybride,acces_2035,2035,1.0,0.4588235294117647
Pando,Nicolás Suárez,Bolpebra,C2,television,hybride,acces_2035,2035,1.0,0.2840314136125654
Pando,Nicolás Suárez,Bolpebra,C2,calefon,hybride,acces_2035,2050,1.0,0.0431937172774869
Pando,Nicolás Suárez,Bolpebra,C2,radio,hybride,acces_2035,2050,1.0,0.4588235294117647
Pando,Nicolás Suárez,Bolpebra,C2,television,hybride,acces_2035,2050,1.0,0.2840314136125654
Pando,Nicolás Suárez,Bella Flor,C4,calefon,hybride,acces_2035,2024,0.7157894736842105,0.0143824027072758
Pando,Nicolás Suárez,Bella Flor,C4,radio,hybride,acces_2035,2024,0.7157894736842105,0.4966101694915254
Pando,Nicolás Suárez,Bella Flor,C4,television,hybride,acces_2035,2024,0.7157894736842105,0.3974576271186441
Pando,Nicolás Suárez,Bella Flor,C4,calefon,hybride,acces_2035,2035,1.0,0.0143824027072758
Pando,Nicolás Suárez,Bella Flor,C4,radio,hybride,acces_2035,2035,1.0,0.4966101694915254
Pando,Nicolás Suárez,Bella Flor,C4,television,hybride,acces_2035,2035,1.0,0.3974576271186441
Pando,Nicolás Suárez,Bella Flor,C4,calefon,hybride,acces_2035,2050,1.0,0.0143824027072758
Pando,Nicolás Suárez,Bella Flor,C4,radio,hybride,acces_2035,2050,1.0,0.4966101694915254
Pando,Nicolás Suárez,Bella Flor,C4,television,hybride,acces_2035,2050,1.0,0.3974576271186441
Pando,Manuripi,Puerto Rico,C4,calefon,hybride,acces_2035,2024,0.8366013071895425,0.020010531858873
Pando,Manuripi,Puerto Rico,C4,radio,hybride,acces_2035,2024,0.8366013071895425,0.3923117430226435
Pando,Manuripi,Puerto Rico,C4,television,hybride,acces_2035,2024,0.8366013071895425,0.4507635597682991
Pando,Manuripi,Puerto Rico,C4,calefon,hybride,acces_2035,2035,1.0,0.020010531858873
Pando,Manuripi,Puerto Rico,C4,radio,hybride,acces_2035,2035,1.0,0.3923117430226435
Pando,Manuripi,Puerto Rico,C4,television,hybride,acces_2035,2035,1.0,0.4507635597682991
Pando,Manuripi,Puerto Rico,C4,calefon,hybride,acces_2035,2050,1.0,0.020010531858873
Pando,Manuripi,Puerto Rico,C4,radio,hybride,acces_2035,2050,1.0,0.3923117430226435
Pando,Manuripi,Puerto Rico,C4,television,hybride,acces_2035,2050,1.0,0.4507635597682991
Pando,Manuripi,San Pedro,C4,calefon,hybride,acces_2035,2024,0.3970588235294117,0.0035523978685612
Pando,Manuripi,San Pedro,C4,radio,hybride,acces_2035,2024,0.3970588235294117,0.6702127659574468
Pando,Manuripi,San Pedro,C4,television,hybride,acces_2035,2024,0.3970588235294117,0.1719858156028368
Pando,Manuripi,San Pedro,C4,calefon,hybride,acces_2035,2035,1.0,0.0035523978685612
Pando,Manuripi,San Pedro,C4,radio,hybride,acces_2035,2035,1.0,0.6702127659574468
Pando,Manuripi,San Pedro,C4,television,hybride,acces_2035,2035,1.0,0.1719858156028368
Pando,Manuripi,San Pedro,C4,calefon,hybride,acces_2035,2050,1.0,0.0035523978685612
Pando,Manuripi,San Pedro,C4,radio,hybride,acces_2035,2050,1.0,0.6702127659574468
Pando,Manuripi,San Pedro,C4,television,hybride,acces_2035,2050,1.0,0.1719858156028368
Pando,Manuripi,Filadelfia,C4,calefon,hybride,acces_2035,2024,0.7637231503579952,0.019485903814262
Pando,Manuripi,Filadelfia,C4,radio,hybride,acces_2035,2024,0.7637231503579952,0.3974305843348529
Pando,Manuripi,Filadelfia,C4,television,hybride,acces_2035,2024,0.7637231503579952,0.4101077050538525
Pando,Manuripi,Filadelfia,C4,calefon,hybride,acces_2035,2035,1.0,0.019485903814262
Pando,Manuripi,Filadelfia,C4,radio,hybride,acces_2035,2035,1.0,0.3974305843348529
Pando,Manuripi,Filadelfia,C4,television,hybride,acces_2035,2035,1.0,0.4101077050538525
Pando,Manuripi,Filadelfia,C4,calefon,hybride,acces_2035,2050,1.0,0.019485903814262
Pando,Manuripi,Filadelfia,C4,radio,hybride,acces_2035,2050,1.0,0.3974305843348529
Pando,Manuripi,Filadelfia,C4,television,hybride,acces_2035,2050,1.0,0.4101077050538525
Pando,Madre de Dios,Puerto Gonzalo Moreno,C3,calefon,hybride,acces_2035,2024,0.8229007633587786,0.015426997245179
Pando,Madre de Dios,Puerto Gonzalo Moreno,C3,radio,hybride,acces_2035,2024,0.8229007633587786,0.521763085399449
Pando,Madre de Dios,Puerto Gonzalo Moreno,C3,television,hybride,acces_2035,2024,0.8229007633587786,0.4754820936639118
Pando,Madre de Dios,Puerto Gonzalo Moreno,C3,calefon,hybride,acces_2035,2035,1.0,0.015426997245179
Pando,Madre de Dios,Puerto Gonzalo Moreno,C3,radio,hybride,acces_2035,2035,1.0,0.521763085399449
Pando,Madre de Dios,Puerto Gonzalo Moreno,C3,television,hybride,acces_2035,2035,1.0,0.4754820936639118
Pando,Madre de Dios,Puerto Gonzalo Moreno,C3,calefon,hybride,acces_2035,2050,1.0,0.015426997245179
Pando,Madre de Dios,Puerto Gonzalo Moreno,C3,radio,hybride,acces_2035,2050,1.0,0.521763085399449
Pando,Madre de Dios,Puerto Gonzalo Moreno,C3,television,hybride,acces_2035,2050,1.0,0.4754820936639118
Pando,Madre de Dios,San Lorenzo,C4,calefon,hybride,acces_2035,2024,0.8367567567567568,0.0097813578826237
Pando,Madre de Dios,San Lorenzo,C4,radio,hybride,acces_2035,2024,0.8367567567567568,0.3906789413118527
Pando,Madre de Dios,San Lorenzo,C4,television,hybride,acces_2035,2024,0.8367567567567568,0.4490500863557858
Pando,Madre de Dios,San Lorenzo,C4,calefon,hybride,acces_2035,2035,1.0,0.0097813578826237
Pando,Madre de Dios,San Lorenzo,C4,radio,hybride,acces_2035,2035,1.0,0.3906789413118527
Pando,Madre de Dios,San Lorenzo,C4,television,hybride,acces_2035,2035,1.0,0.4490500863557858
Pando,Madre de Dios,San Lorenzo,C4,calefon,hybride,acces_2035,2050,1.0,0.0097813578826237
Pando,Madre de Dios,San Lorenzo,C4,radio,hybride,acces_2035,2050,1.0,0.3906789413118527
Pando,Madre de Dios,San Lorenzo,C4,television,hybride,acces_2035,2050,1.0,0.4490500863557858
Pando,Madre de Dios,Sena,C4,calefon,hybride,acces_2035,2024,0.6267826086956522,0.0132645541635961
Pando,Madre de Dios,Sena,C4,radio,hybride,acces_2035,2024,0.6267826086956522,0.3550644567219153
Pando,Madre de Dios,Sena,C4,television,hybride,acces_2035,2024,0.6267826086956522,0.3667526723184666
Pando,Madre de Dios,Sena,C4,calefon,hybride,acces_2035,2035,1.0,0.0132645541635961
Pando,Madre de Dios,Sena,C4,radio,hybride,acces_2035,2035,1.0,0.3550644567219153
Pando,Madre de Dios,Sena,C4,television,hybride,acces_2035,2035,1.0,0.3667526723184666
Pando,Madre de Dios,Sena,C4,calefon,hybride,acces_2035,2050,1.0,0.0132645541635961
Pando,Madre de Dios,Sena,C4,radio,hybride,acces_2035,2050,1.0,0.3550644567219153
Pando,Madre de Dios,Sena,C4,television,hybride,acces_2035,2050,1.0,0.3667526723184666
Pando,Abuná,Santa Rosa,C4,calefon,hybride,acces_2035,2024,0.8267441860465117,0.0208333333333333
Pando,Abuná,Santa Rosa,C4,radio,hybride,acces_2035,2024,0.8267441860465117,0.3644171779141104
Pando,Abuná,Santa Rosa,C4,television,hybride,acces_2035,2024,0.8267441860465117,0.4392638036809816
Pando,Abuná,Santa Rosa,C4,calefon,hybride,acces_2035,2035,1.0,0.0208333333333333
Pando,Abuná,Santa Rosa,C4,radio,hybride,acces_2035,2035,1.0,0.3644171779141104
Pando,Abuná,Santa Rosa,C4,television,hybride,acces_2035,2035,1.0,0.4392638036809816
Pando,Abuná,Santa Rosa,C4,calefon,hybride,acces_2035,2050,1.0,0.0208333333333333
Pando,Abuná,Santa Rosa,C4,radio,hybride,acces_2035,2050,1.0,0.3644171779141104
Pando,Abuná,Santa Rosa,C4,television,hybride,acces_2035,2050,1.0,0.4392638036809816
Pando,Abuná,Ingavi,C4,calefon,hybride,acces_2035,2024,0.5978428351309707,0.0130932896890343
Pando,Abuná,Ingavi,C4,radio,hybride,acces_2035,2024,0.5978428351309707,0.4173486088379705
Pando,Abuná,Ingavi,C4,television,hybride,acces_2035,2024,0.5978428351309707,0.2945990180032733
Pando,Abuná,Ingavi,C4,calefon,hybride,acces_2035,2035,1.0,0.0130932896890343
Pando,Abuná,Ingavi,C4,radio,hybride,acces_2035,2035,1.0,0.4173486088379705
Pando,Abuná,Ingavi,C4,television,hybride,acces_2035,2035,1.0,0.2945990180032733
Pando,Abuná,Ingavi,C4,calefon,hybride,acces_2035,2050,1.0,0.0130932896890343
Pando,Abuná,Ingavi,C4,radio,hybride,acces_2035,2050,1.0,0.4173486088379705
Pando,Abuná,Ingavi,C4,television,hybride,acces_2035,2050,1.0,0.2945990180032733
Pando,Federico Román,Nueva Esperanza,C4,calefon,hybride,acces_2035,2024,0.6912065439672802,0.0064377682403433
Pando,Federico Román,Nueva Esperanza,C4,radio,hybride,acces_2035,2024,0.6912065439672802,0.3049040511727079
Pando,Federico Román,Nueva Esperanza,C4,television,hybride,acces_2035,2024,0.6912065439672802,0.3867521367521367
Pando,Federico Román,Nueva Esperanza,C4,calefon,hybride,acces_2035,2035,1.0,0.0064377682403433
Pando,Federico Román,Nueva Esperanza,C4,radio,hybride,acces_2035,2035,1.0,0.3049040511727079
Pando,Federico Román,Nueva Esperanza,C4,television,hybride,acces_2035,2035,1.0,0.3867521367521367
Pando,Federico Román,Nueva Esperanza,C4,calefon,hybride,acces_2035,2050,1.0,0.0064377682403433
Pando,Federico Román,Nueva Esperanza,C4,radio,hybride,acces_2035,2050,1.0,0.3049040511727079
Pando,Federico Román,Nueva Esperanza,C4,television,hybride,acces_2035,2050,1.0,0.3867521367521367
Pando,Federico Román,Villa Nueva,C4,calefon,hybride,acces_2035,2024,0.6991525423728814,0.0031746031746031
Pando,Federico Román,Villa Nueva,C4,radio,hybride,acces_2035,2024,0.6991525423728814,0.3946117274167987
Pando,Federico Román,Villa Nueva,C4,television,hybride,acces_2035,2024,0.6991525423728814,0.319047619047619
Pando,Federico Román,Villa Nueva,C4,calefon,hybride,acces_2035,2035,1.0,0.0031746031746031
Pando,Federico Román,Villa Nueva,C4,radio,hybride,acces_2035,2035,1.0,0.3946117274167987
Pando,Federico Román,Villa Nueva,C4,television,hybride,acces_2035,2035,1.0,0.319047619047619
Pando,Federico Román,Villa Nueva,C4,calefon,hybride,acces_2035,2050,1.0,0.0031746031746031
Pando,Federico Román,Villa Nueva,C4,radio,hybride,acces_2035,2050,1.0,0.3946117274167987
Pando,Federico Román,Villa Nueva,C4,television,hybride,acces_2035,2050,1.0,0.319047619047619
Pando,Federico Román,Santos Mercado,C4,calefon,hybride,acces_2035,2024,0.653910149750416,0.0037453183520599
Pando,Federico Román,Santos Mercado,C4,radio,hybride,acces_2035,2024,0.653910149750416,0.3670411985018726
Pando,Federico Román,Santos Mercado,C4,television,hybride,acces_2035,2024,0.653910149750416,0.3146067415730337
Pando,Federico Román,Santos Mercado,C4,calefon,hybride,acces_2035,2035,1.0,0.0037453183520599
Pando,Federico Román,Santos Mercado,C4,radio,hybride,acces_2035,2035,1.0,0.3670411985018726
Pando,Federico Román,Santos Mercado,C4,television,hybride,acces_2035,2035,1.0,0.3146067415730337
Pando,Federico Román,Santos Mercado,C4,calefon,hybride,acces_2035,2050,1.0,0.0037453183520599
Pando,Federico Román,Santos Mercado,C4,radio,hybride,acces_2035,2050,1.0,0.3670411985018726
Pando,Federico Román,Santos Mercado,C4,television,hybride,acces_2035,2050,1.0,0.3146067415730337
La Paz,Abel Iturralde,Ixiamas,C1,calefon,hybride,acces_2050,2024,0.6845130066545675,0.0285992850178745
La Paz,Abel Iturralde,Ixiamas,C1,radio,hybride,acces_2050,2024,0.6845130066545675,0.390497884803124
La Paz,Abel Iturralde,Ixiamas,C1,television,hybride,acces_2050,2024,0.6845130066545675,0.4152845528455284
La Paz,Abel Iturralde,Ixiamas,C1,calefon,hybride,acces_2050,2035,0.8448732409155981,0.0285992850178745
La Paz,Abel Iturralde,Ixiamas,C1,radio,hybride,acces_2050,2035,0.8448732409155981,0.390497884803124
La Paz,Abel Iturralde,Ixiamas,C1,television,hybride,acces_2050,2035,0.8448732409155981,0.4152845528455284
La Paz,Abel Iturralde,Ixiamas,C1,calefon,hybride,acces_2050,2050,1.0,0.0285992850178745
La Paz,Abel Iturralde,Ixiamas,C1,radio,hybride,acces_2050,2050,1.0,0.390497884803124
La Paz,Abel Iturralde,Ixiamas,C1,television,hybride,acces_2050,2050,1.0,0.4152845528455284
Beni,Vaca Diez,Riberalta,C3,calefon,hybride,acces_2050,2024,0.8934115589242767,0.0261583577712609
Beni,Vaca Diez,Riberalta,C3,radio,hybride,acces_2050,2024,0.8934115589242767,0.547266403532768
Beni,Vaca Diez,Riberalta,C3,television,hybride,acces_2050,2024,0.8934115589242767,0.6485789123890692
Beni,Vaca Diez,Riberalta,C3,calefon,hybride,acces_2050,2035,0.9443169045850032,0.0261583577712609
Beni,Vaca Diez,Riberalta,C3,radio,hybride,acces_2050,2035,0.9443169045850032,0.547266403532768
Beni,Vaca Diez,Riberalta,C3,television,hybride,acces_2050,2035,0.9443169045850032,0.6485789123890692
Beni,Vaca Diez,Riberalta,C3,calefon,hybride,acces_2050,2050,1.0,0.0261583577712609
Beni,Vaca Diez,Riberalta,C3,radio,hybride,acces_2050,2050,1.0,0.547266403532768
Beni,Vaca Diez,Riberalta,C3,television,hybride,acces_2050,2050,1.0,0.6485789123890692
Beni,Vaca Diez,Guayaramerín,C3,calefon,hybride,acces_2050,2024,0.9242493802222018,0.0249337390792186
Beni,Vaca Diez,Guayaramerín,C3,radio,hybride,acces_2050,2024,0.9242493802222018,0.475461327051433
Beni,Vaca Diez,Guayaramerín,C3,television,hybride,acces_2050,2024,0.9242493802222018,0.6636863823933975
Beni,Vaca Diez,Guayaramerín,C3,calefon,hybride,acces_2050,2035,0.9626513592257788,0.0249337390792186
Beni,Vaca Diez,Guayaramerín,C3,radio,hybride,acces_2050,2035,0.9626513592257788,0.475461327051433
Beni,Vaca Diez,Guayaramerín,C3,television,hybride,acces_2050,2035,0.9626513592257788,0.6636863823933975
Beni,Vaca Diez,Guayaramerín,C3,calefon,hybride,acces_2050,2050,1.0,0.0249337390792186
Beni,Vaca Diez,Guayaramerín,C3,radio,hybride,acces_2050,2050,1.0,0.475461327051433
Beni,Vaca Diez,Guayaramerín,C3,television,hybride,acces_2050,2050,1.0,0.6636863823933975
Beni,General José Ballivián,Reyes,C1,calefon,hybride,acces_2050,2024,0.7919227392449517,0.0117139334155363
Beni,General José Ballivián,Reyes,C1,radio,hybride,acces_2050,2024,0.7919227392449517,0.4182322143517092
Beni,General José Ballivián,Reyes,C1,television,hybride,acces_2050,2024,0.7919227392449517,0.4898273736128237
Beni,General José Ballivián,Reyes,C1,calefon,hybride,acces_2050,2035,0.9041333818807412,0.0117139334155363
Beni,General José Ballivián,Reyes,C1,radio,hybride,acces_2050,2035,0.9041333818807412,0.4182322143517092
Beni,General José Ballivián,Reyes,C1,television,hybride,acces_2050,2035,0.9041333818807412,0.4898273736128237
Beni,General José Ballivián,Reyes,C1,calefon,hybride,acces_2050,2050,1.0,0.0117139334155363
Beni,General José Ballivián,Reyes,C1,radio,hybride,acces_2050,2050,1.0,0.4182322143517092
Beni,General José Ballivián,Reyes,C1,television,hybride,acces_2050,2050,1.0,0.4898273736128237
Beni,General José Ballivián,Santa Rosa,C1,calefon,hybride,acces_2050,2024,0.8522686025408348,0.025472790428406
Beni,General José Ballivián,Santa Rosa,C1,radio,hybride,acces_2050,2024,0.8522686025408348,0.3172333848531685
Beni,General José Ballivián,Santa Rosa,C1,television,hybride,acces_2050,2024,0.8522686025408348,0.4870506378044066
Beni,General José Ballivián,Santa Rosa,C1,calefon,hybride,acces_2050,2035,0.9172517051603928,0.025472790428406
Beni,General José Ballivián,Santa Rosa,C1,radio,hybride,acces_2050,2035,0.9172517051603928,0.3172333848531685
Beni,General José Ballivián,Santa Rosa,C1,television,hybride,acces_2050,2035,0.9172517051603928,0.4870506378044066
Beni,General José Ballivián,Santa Rosa,C1,calefon,hybride,acces_2050,2050,1.0,0.025472790428406
Beni,General José Ballivián,Santa Rosa,C1,radio,hybride,acces_2050,2050,1.0,0.3172333848531685
Beni,General José Ballivián,Santa Rosa,C1,television,hybride,acces_2050,2050,1.0,0.4870506378044066
Beni,Yacuma,Exaltación,C1,calefon,hybride,acces_2050,2024,0.8123711340206186,0.0164424514200298
Beni,Yacuma,Exaltación,C1,radio,hybride,acces_2050,2024,0.8123711340206186,0.4846441947565543
Beni,Yacuma,Exaltación,C1,television,hybride,acces_2050,2024,0.8123711340206186,0.29812734082397
Beni,Yacuma,Exaltación,C1,calefon,hybride,acces_2050,2035,0.9132965697518204,0.0164424514200298
Beni,Yacuma,Exaltación,C1,radio,hybride,acces_2050,2035,0.9132965697518204,0.4846441947565543
Beni,Yacuma,Exaltación,C1,television,hybride,acces_2050,2035,0.9132965697518204,0.29812734082397
Beni,Yacuma,Exaltación,C1,calefon,hybride,acces_2050,2050,1.0,0.0164424514200298
Beni,Yacuma,Exaltación,C1,radio,hybride,acces_2050,2050,1.0,0.4846441947565543
Beni,Yacuma,Exaltación,C1,television,hybride,acces_2050,2050,1.0,0.29812734082397
Pando,Nicolás Suárez,Cobija,C5,calefon,hybride,acces_2050,2024,0.9746209200719608,0.0352862849533954
Pando,Nicolás Suárez,Cobija,C5,radio,hybride,acces_2050,2024,0.9746209200719608,0.572103861517976
Pando,Nicolás Suárez,Cobija,C5,television,hybride,acces_2050,2024,0.9746209200719608,0.7450562620680471
Pando,Nicolás Suárez,Cobija,C5,calefon,hybride,acces_2050,2035,0.9928153736738896,0.0352862849533954
Pando,Nicolás Suárez,Cobija,C5,radio,hybride,acces_2050,2035,0.9928153736738896,0.572103861517976
Pando,Nicolás Suárez,Cobija,C5,television,hybride,acces_2050,2035,0.9928153736738896,0.7450562620680471
Pando,Nicolás Suárez,Cobija,C5,calefon,hybride,acces_2050,2050,1.0,0.0352862849533954
Pando,Nicolás Suárez,Cobija,C5,radio,hybride,acces_2050,2050,1.0,0.572103861517976
Pando,Nicolás Suárez,Cobija,C5,television,hybride,acces_2050,2050,1.0,0.7450562620680471
Pando,Nicolás Suárez,Porvenir,C4,calefon,hybride,acces_2050,2024,0.9044843049327356,0.0364608653378706
Pando,Nicolás Suárez,Porvenir,C4,radio,hybride,acces_2050,2024,0.9044843049327356,0.5822784810126582
Pando,Nicolás Suárez,Porvenir,C4,television,hybride,acces_2050,2024,0.9044843049327356,0.674135411592791
Pando,Nicolás Suárez,Porvenir,C4,calefon,hybride,acces_2050,2035,0.967109965336432,0.0364608653378706
Pando,Nicolás Suárez,Porvenir,C4,radio,hybride,acces_2050,2035,0.967109965336432,0.5822784810126582
Pando,Nicolás Suárez,Porvenir,C4,television,hybride,acces_2050,2035,0.967109965336432,0.674135411592791
Pando,Nicolás Suárez,Porvenir,C4,calefon,hybride,acces_2050,2050,1.0,0.0364608653378706
Pando,Nicolás Suárez,Porvenir,C4,radio,hybride,acces_2050,2050,1.0,0.5822784810126582
Pando,Nicolás Suárez,Porvenir,C4,television,hybride,acces_2050,2050,1.0,0.674135411592791
Pando,Nicolás Suárez,Bolpebra,C2,calefon,hybride,acces_2050,2024,0.6845386533665836,0.0431937172774869
Pando,Nicolás Suárez,Bolpebra,C2,radio,hybride,acces_2050,2024,0.6845386533665836,0.4588235294117647
Pando,Nicolás Suárez,Bolpebra,C2,television,hybride,acces_2050,2024,0.6845386533665836,0.2840314136125654
Pando,Nicolás Suárez,Bolpebra,C2,calefon,hybride,acces_2050,2035,0.8655671845289354,0.0431937172774869
Pando,Nicolás Suárez,Bolpebra,C2,radio,hybride,acces_2050,2035,0.8655671845289354,0.4588235294117647
Pando,Nicolás Suárez,Bolpebra,C2,television,hybride,acces_2050,2035,0.8655671845289354,0.2840314136125654
Pando,Nicolás Suárez,Bolpebra,C2,calefon,hybride,acces_2050,2050,1.0,0.0431937172774869
Pando,Nicolás Suárez,Bolpebra,C2,radio,hybride,acces_2050,2050,1.0,0.4588235294117647
Pando,Nicolás Suárez,Bolpebra,C2,television,hybride,acces_2050,2050,1.0,0.2840314136125654
Pando,Nicolás Suárez,Bella Flor,C4,calefon,hybride,acces_2050,2024,0.7157894736842105,0.0143824027072758
Pando,Nicolás Suárez,Bella Flor,C4,radio,hybride,acces_2050,2024,0.7157894736842105,0.4966101694915254
Pando,Nicolás Suárez,Bella Flor,C4,television,hybride,acces_2050,2024,0.7157894736842105,0.3974576271186441
Pando,Nicolás Suárez,Bella Flor,C4,calefon,hybride,acces_2050,2035,0.8697204745028234,0.0143824027072758
Pando,Nicolás Suárez,Bella Flor,C4,radio,hybride,acces_2050,2035,0.8697204745028234,0.4966101694915254
Pando,Nicolás Suárez,Bella Flor,C4,television,hybride,acces_2050,2035,0.8697204745028234,0.3974576271186441
Pando,Nicolás Suárez,Bella Flor,C4,calefon,hybride,acces_2050,2050,1.0,0.0143824027072758
Pando,Nicolás Suárez,Bella Flor,C4,radio,hybride,acces_2050,2050,1.0,0.4966101694915254
Pando,Nicolás Suárez,Bella Flor,C4,television,hybride,acces_2050,2050,1.0,0.3974576271186441
Pando,Manuripi,Puerto Rico,C4,calefon,hybride,acces_2050,2024,0.8366013071895425,0.020010531858873
Pando,Manuripi,Puerto Rico,C4,radio,hybride,acces_2050,2024,0.8366013071895425,0.3923117430226435
Pando,Manuripi,Puerto Rico,C4,television,hybride,acces_2050,2024,0.8366013071895425,0.4507635597682991
Pando,Manuripi,Puerto Rico,C4,calefon,hybride,acces_2050,2035,0.9359410417323027,0.020010531858873
Pando,Manuripi,Puerto Rico,C4,radio,hybride,acces_2050,2035,0.9359410417323027,0.3923117430226435
Pando,Manuripi,Puerto Rico,C4,television,hybride,acces_2050,2035,0.9359410417323027,0.4507635597682991
Pando,Manuripi,Puerto Rico,C4,calefon,hybride,acces_2050,2050,1.0,0.020010531858873
Pando,Manuripi,Puerto Rico,C4,radio,hybride,acces_2050,2050,1.0,0.3923117430226435
Pando,Manuripi,Puerto Rico,C4,television,hybride,acces_2050,2050,1.0,0.4507635597682991
Pando,Manuripi,San Pedro,C4,calefon,hybride,acces_2050,2024,0.3970588235294117,0.0035523978685612
Pando,Manuripi,San Pedro,C4,radio,hybride,acces_2050,2024,0.3970588235294117,0.6702127659574468
Pando,Manuripi,San Pedro,C4,television,hybride,acces_2050,2024,0.3970588235294117,0.1719858156028368
Pando,Manuripi,San Pedro,C4,calefon,hybride,acces_2050,2035,0.6795574765696962,0.0035523978685612
Pando,Manuripi,San Pedro,C4,radio,hybride,acces_2050,2035,0.6795574765696962,0.6702127659574468
Pando,Manuripi,San Pedro,C4,television,hybride,acces_2050,2035,0.6795574765696962,0.1719858156028368
Pando,Manuripi,San Pedro,C4,calefon,hybride,acces_2050,2050,1.0,0.0035523978685612
Pando,Manuripi,San Pedro,C4,radio,hybride,acces_2050,2050,1.0,0.6702127659574468
Pando,Manuripi,San Pedro,C4,television,hybride,acces_2050,2050,1.0,0.1719858156028368
Pando,Manuripi,Filadelfia,C4,calefon,hybride,acces_2050,2024,0.7637231503579952,0.019485903814262
Pando,Manuripi,Filadelfia,C4,radio,hybride,acces_2050,2024,0.7637231503579952,0.3974305843348529
Pando,Manuripi,Filadelfia,C4,television,hybride,acces_2050,2024,0.7637231503579952,0.4101077050538525
Pando,Manuripi,Filadelfia,C4,calefon,hybride,acces_2050,2035,0.9040425271970838,0.019485903814262
Pando,Manuripi,Filadelfia,C4,radio,hybride,acces_2050,2035,0.9040425271970838,0.3974305843348529
Pando,Manuripi,Filadelfia,C4,television,hybride,acces_2050,2035,0.9040425271970838,0.4101077050538525
Pando,Manuripi,Filadelfia,C4,calefon,hybride,acces_2050,2050,1.0,0.019485903814262
Pando,Manuripi,Filadelfia,C4,radio,hybride,acces_2050,2050,1.0,0.3974305843348529
Pando,Manuripi,Filadelfia,C4,television,hybride,acces_2050,2050,1.0,0.4101077050538525
Pando,Madre de Dios,Puerto Gonzalo Moreno,C3,calefon,hybride,acces_2050,2024,0.8229007633587786,0.015426997245179
Pando,Madre de Dios,Puerto Gonzalo Moreno,C3,radio,hybride,acces_2050,2024,0.8229007633587786,0.521763085399449
Pando,Madre de Dios,Puerto Gonzalo Moreno,C3,television,hybride,acces_2050,2024,0.8229007633587786,0.4754820936639118
Pando,Madre de Dios,Puerto Gonzalo Moreno,C3,calefon,hybride,acces_2050,2035,0.9308407913287676,0.015426997245179
Pando,Madre de Dios,Puerto Gonzalo Moreno,C3,radio,hybride,acces_2050,2035,0.9308407913287676,0.521763085399449
Pando,Madre de Dios,Puerto Gonzalo Moreno,C3,television,hybride,acces_2050,2035,0.9308407913287676,0.4754820936639118
Pando,Madre de Dios,Puerto Gonzalo Moreno,C3,calefon,hybride,acces_2050,2050,1.0,0.015426997245179
Pando,Madre de Dios,Puerto Gonzalo Moreno,C3,radio,hybride,acces_2050,2050,1.0,0.521763085399449
Pando,Madre de Dios,Puerto Gonzalo Moreno,C3,television,hybride,acces_2050,2050,1.0,0.4754820936639118
Pando,Madre de Dios,San Lorenzo,C4,calefon,hybride,acces_2050,2024,0.8367567567567568,0.0097813578826237
Pando,Madre de Dios,San Lorenzo,C4,radio,hybride,acces_2050,2024,0.8367567567567568,0.3906789413118527
Pando,Madre de Dios,San Lorenzo,C4,television,hybride,acces_2050,2024,0.8367567567567568,0.4490500863557858
Pando,Madre de Dios,San Lorenzo,C4,calefon,hybride,acces_2050,2035,0.9461771481834212,0.0097813578826237
Pando,Madre de Dios,San Lorenzo,C4,radio,hybride,acces_2050,2035,0.9461771481834212,0.3906789413118527
Pando,Madre de Dios,San Lorenzo,C4,television,hybride,acces_2050,2035,0.9461771481834212,0.4490500863557858
Pando,Madre de Dios,San Lorenzo,C4,calefon,hybride,acces_2050,2050,1.0,0.0097813578826237
Pando,Madre de Dios,San Lorenzo,C4,radio,hybride,acces_2050,2050,1.0,0.3906789413118527
Pando,Madre de Dios,San Lorenzo,C4,television,hybride,acces_2050,2050,1.0,0.4490500863557858
Pando,Madre de Dios,Sena,C4,calefon,hybride,acces_2050,2024,0.6267826086956522,0.0132645541635961
Pando,Madre de Dios,Sena,C4,radio,hybride,acces_2050,2024,0.6267826086956522,0.3550644567219153
Pando,Madre de Dios,Sena,C4,television,hybride,acces_2050,2024,0.6267826086956522,0.3667526723184666
Pando,Madre de Dios,Sena,C4,calefon,hybride,acces_2050,2035,0.8654448704901772,0.0132645541635961
Pando,Madre de Dios,Sena,C4,radio,hybride,acces_2050,2035,0.8654448704901772,0.3550644567219153
Pando,Madre de Dios,Sena,C4,television,hybride,acces_2050,2035,0.8654448704901772,0.3667526723184666
Pando,Madre de Dios,Sena,C4,calefon,hybride,acces_2050,2050,1.0,0.0132645541635961
Pando,Madre de Dios,Sena,C4,radio,hybride,acces_2050,2050,1.0,0.3550644567219153
Pando,Madre de Dios,Sena,C4,television,hybride,acces_2050,2050,1.0,0.3667526723184666
Pando,Abuná,Santa Rosa,C4,calefon,hybride,acces_2050,2024,0.8267441860465117,0.0208333333333333
Pando,Abuná,Santa Rosa,C4,radio,hybride,acces_2050,2024,0.8267441860465117,0.3644171779141104
Pando,Abuná,Santa Rosa,C4,television,hybride,acces_2050,2024,0.8267441860465117,0.4392638036809816
Pando,Abuná,Santa Rosa,C4,calefon,hybride,acces_2050,2035,0.9303815922460258,0.0208333333333333
Pando,Abuná,Santa Rosa,C4,radio,hybride,acces_2050,2035,0.9303815922460258,0.3644171779141104
Pando,Abuná,Santa Rosa,C4,television,hybride,acces_2050,2035,0.9303815922460258,0.4392638036809816
Pando,Abuná,Santa Rosa,C4,calefon,hybride,acces_2050,2050,1.0,0.0208333333333333
Pando,Abuná,Santa Rosa,C4,radio,hybride,acces_2050,2050,1.0,0.3644171779141104
Pando,Abuná,Santa Rosa,C4,television,hybride,acces_2050,2050,1.0,0.4392638036809816
Pando,Abuná,Ingavi,C4,calefon,hybride,acces_2050,2024,0.5978428351309707,0.0130932896890343
Pando,Abuná,Ingavi,C4,radio,hybride,acces_2050,2024,0.5978428351309707,0.4173486088379705
Pando,Abuná,Ingavi,C4,television,hybride,acces_2050,2024,0.5978428351309707,0.2945990180032733
Pando,Abuná,Ingavi,C4,calefon,hybride,acces_2050,2035,0.7679862510370985,0.0130932896890343
Pando,Abuná,Ingavi,C4,radio,hybride,acces_2050,2035,0.7679862510370985,0.4173486088379705
Pando,Abuná,Ingavi,C4,television,hybride,acces_2050,2035,0.7679862510370985,0.2945990180032733
Pando,Abuná,Ingavi,C4,calefon,hybride,acces_2050,2050,1.0,0.0130932896890343
Pando,Abuná,Ingavi,C4,radio,hybride,acces_2050,2050,1.0,0.4173486088379705
Pando,Abuná,Ingavi,C4,television,hybride,acces_2050,2050,1.0,0.2945990180032733
Pando,Federico Román,Nueva Esperanza,C4,calefon,hybride,acces_2050,2024,0.6912065439672802,0.0064377682403433
Pando,Federico Román,Nueva Esperanza,C4,radio,hybride,acces_2050,2024,0.6912065439672802,0.3049040511727079
Pando,Federico Román,Nueva Esperanza,C4,television,hybride,acces_2050,2024,0.6912065439672802,0.3867521367521367
Pando,Federico Román,Nueva Esperanza,C4,calefon,hybride,acces_2050,2035,0.8640845343714169,0.0064377682403433
Pando,Federico Román,Nueva Esperanza,C4,radio,hybride,acces_2050,2035,0.8640845343714169,0.3049040511727079
Pando,Federico Román,Nueva Esperanza,C4,television,hybride,acces_2050,2035,0.8640845343714169,0.3867521367521367
Pando,Federico Román,Nueva Esperanza,C4,calefon,hybride,acces_2050,2050,1.0,0.0064377682403433
Pando,Federico Román,Nueva Esperanza,C4,radio,hybride,acces_2050,2050,1.0,0.3049040511727079
Pando,Federico Román,Nueva Esperanza,C4,television,hybride,acces_2050,2050,1.0,0.3867521367521367
Pando,Federico Román,Villa Nueva,C4,calefon,hybride,acces_2050,2024,0.6991525423728814,0.0031746031746031
Pando,Federico Román,Villa Nueva,C4,radio,hybride,acces_2050,2024,0.6991525423728814,0.3946117274167987
Pando,Federico Román,Villa Nueva,C4,television,hybride,acces_2050,2024,0.6991525423728814,0.319047619047619
Pando,Federico Román,Villa Nueva,C4,calefon,hybride,acces_2050,2035,0.856226825712185,0.0031746031746031
Pando,Federico Román,Villa Nueva,C4,radio,hybride,acces_2050,2035,0.856226825712185,0.3946117274167987
Pando,Federico Román,Villa Nueva,C4,television,hybride,acces_2050,2035,0.856226825712185,0.319047619047619
Pando,Federico Román,Villa Nueva,C4,calefon,hybride,acces_2050,2050,1.0,0.0031746031746031
Pando,Federico Román,Villa Nueva,C4,radio,hybride,acces_2050,2050,1.0,0.3946117274167987
Pando,Federico Román,Villa Nueva,C4,television,hybride,acces_2050,2050,1.0,0.319047619047619
Pando,Federico Román,Santos Mercado,C4,calefon,hybride,acces_2050,2024,0.653910149750416,0.0037453183520599
Pando,Federico Román,Santos Mercado,C4,radio,hybride,acces_2050,2024,0.653910149750416,0.3670411985018726
Pando,Federico Román,Santos Mercado,C4,television,hybride,acces_2050,2024,0.653910149750416,0.3146067415730337
Pando,Federico Román,Santos Mercado,C4,calefon,hybride,acces_2050,2035,0.8342490606325665,0.0037453183520599
Pando,Federico Román,Santos Mercado,C4,radio,hybride,acces_2050,2035,0.8342490606325665,0.3670411985018726
Pando,Federico Román,Santos Mercado,C4,television,hybride,acces_2050,2035,0.8342490606325665,0.3146067415730337
Pando,Federico Román,Santos Mercado,C4,calefon,hybride,acces_2050,2050,1.0,0.0037453183520599
Pando,Federico Román,Santos Mercado,C4,radio,hybride,acces_2050,2050,1.0,0.3670411985018726
Pando,Federico Román,Santos Mercado,C4,television,hybride,acces_2050,2050,1.0,0.3146067415730337
