Municipio_std,Cluster,Municipio_raw,Comunidad,No_tiene_2012,Poblacion_2012,HH_2024_scaled,distance_km,nearest_line_type,distance_SIN_km,distance_isolated_km,distance_plant_km,Dist_band_lines
Exaltación,C1,Segunda Sección - Exaltación,EXALTACION,31.0,1891.0,31.22878228782288,0.046615511132818824,SIN,0.046615511132818824,0.0553497041768026,48.678779646664246,<5 km
Exaltación,C1,Segunda Sección - Exaltación,BOCORONDO,1.0,125.0,1.007380073800738,6.6211751743568374,SIN,6.6211751743568374,8.147678744302693,42.85105362676075,5-10 km
Exaltación,C1,Segunda Sección - Exaltación,20 DE ENERO,9.0,37.0,9.066420664206642,9.23373335335436,SIN,9.23373335335436,14.086965379125925,62.05010454944927,5-10 km
Exaltación,C1,Segunda Sección - Exaltación,TROMPILLO,7.0,77.0,7.051660516605166,25.196975927875904,SIN,25.196975927875904,26.65868564354897,36.71180672843874,25-50 km
Exaltación,C1,Segunda Sección - Exaltación,PUERTO SANTIAGO,6.0,61.0,6.0442804428044274,26.13837843789098,SIN,26.13837843789098,27.62338762105436,35.615363468924365,25-50 km
Exaltación,C1,Segunda Sección - Exaltación,SAN CARLOS,23.0,237.0,23.169741697416974,38.880601159101715,SIN,38.880601159101715,47.63933809449648,34.45180940137411,25-50 km
Exaltación,C1,Segunda Sección - Exaltación,RANCHO GINEBRA,14.0,401.0,14.103321033210332,47.53665032392087,SIN,47.53665032392087,48.695215106870066,0.2893848930985877,25-50 km
Exaltación,C1,Segunda Sección - Exaltación,NUEVO PARAISO,1.0,21.0,1.007380073800738,55.491363268560434,SIN,55.491363268560434,78.24965063815435,58.20864047666608,>50 km
Exaltación,C1,Segunda Sección - Exaltación,ANA MARIA,1.0,13.0,1.007380073800738,57.97884882569683,SIN,57.97884882569683,58.80717353561096,14.947912016385503,>50 km
Exaltación,C1,Segunda Sección - Exaltación,COOPERATIVA,8.0,234.0,8.059040590405903,59.63582981686783,SIN,59.63582981686783,67.57274741890764,0.0276254562242685,>50 km
Exaltación,C1,Segunda Sección - Exaltación,LAS MARAVILLAS,25.0,147.0,25.18450184501845,62.365839646722584,SIN,62.365839646722584,64.4328408906684,8.093297385057392,>50 km
Exaltación,C1,Segunda Sección - Exaltación,SANTA ROSA,1.0,123.0,1.007380073800738,65.39327980163179,SIN,65.39327980163179,87.52880890734708,59.32797270361747,>50 km
Exaltación,C1,Segunda Sección - Exaltación,EXALTACION DE SANTA CRUZ,3.0,101.0,3.0221402214022137,65.73754362739461,SIN,65.73754362739461,104.61337604984976,71.7651403972844,>50 km
Exaltación,C1,Segunda Sección - Exaltación,LAS PEÑAS DE NAZARETH,2.0,91.0,2.014760147601476,66.86261596164935,SIN,66.86261596164935,68.60708315800187,7.514763502507281,>50 km
Exaltación,C1,Segunda Sección - Exaltación,PIRAQUINAL,1.0,65.0,1.007380073800738,68.1721909210026,SIN,68.1721909210026,73.15088413313133,4.436422153223954,>50 km
Exaltación,C1,Segunda Sección - Exaltación,COQUINAL,45.0,1050.0,45.33210332103321,71.91205849780054,SIN,71.91205849780054,76.39270627654646,0.3106811698370143,>50 km
Exaltación,C1,Segunda Sección - Exaltación,BIENVENIDO,4.0,114.0,4.029520295202952,76.56691313909643,SIN,76.56691313909643,77.76228856399663,29.22181389466489,>50 km
Exaltación,C1,Segunda Sección - Exaltación,SANTA FE,9.0,94.0,9.066420664206642,81.44804871313407,Sist. Ais.,106.05023157392641,81.44804871313407,12.478686656032538,>50 km
Exaltación,C1,Segunda Sección - Exaltación,LAS ABRAS,5.0,342.0,5.03690036900369,102.83551200173417,Sist. Ais.,105.64892522972664,102.83551200173417,34.079462374268324,>50 km
Exaltación,C1,Segunda Sección - Exaltación,PALMERA,16.0,112.0,16.118081180811807,105.98506383034974,SIN,105.98506383034974,106.98620396417944,46.12542904511741,>50 km
Exaltación,C1,Segunda Sección - Exaltación,SAN JUAN DEL RIO JORDAN,13.0,201.0,13.095940959409594,108.63006591687129,SIN,108.63006591687129,136.55897672902194,62.34544099613107,>50 km
Exaltación,C1,Segunda Sección - Exaltación,LAS PETAS,22.0,158.0,22.162361623616235,120.12380051721308,Sist. Ais.,133.40082747118973,120.12380051721308,73.60713239456791,>50 km
Exaltación,C1,Segunda Sección - Exaltación,ESTANCIAS DISPERSAS,24.0,634.0,24.17712177121771,128.11332687214735,SIN,128.11332687214735,128.75329642201734,57.10143500622607,>50 km
Ixiamas,C1,Primera Sección - Ixiamas,CARMEN TAHUA,7.0,240.0,7.404665314401623,0.0004381443347964134,SIN,0.0004381443347964134,178.16606391347256,242.90256406606832,<5 km
Ixiamas,C1,Primera Sección - Ixiamas,IXIAMAS,161.0,4030.0,170.30730223123732,0.04047780450965639,SIN,0.04047780450965639,159.9578705949489,260.9383748255194,<5 km
Ixiamas,C1,Primera Sección - Ixiamas,SANTA ANA,6.0,48.0,6.346855983772819,0.0406040349345042,SIN,0.0406040349345042,222.85908757322753,249.4321087897181,<5 km
Ixiamas,C1,Primera Sección - Ixiamas,TARENE,9.0,50.0,9.520283975659229,0.04419342503654815,SIN,0.04419342503654815,186.65251660868856,255.47255613968315,<5 km
Ixiamas,C1,Primera Sección - Ixiamas,EL CARMEN DE PECHA,25.0,89.0,26.44523326572008,0.04819167771613367,SIN,0.04819167771613367,161.3607876444851,256.2366500108519,<5 km
Ixiamas,C1,Primera Sección - Ixiamas,MACHAJ MARKA,14.0,18.0,14.809330628803245,0.05251187872190952,SIN,0.05251187872190952,191.67319269544876,255.7733921337819,<5 km
Ixiamas,C1,Primera Sección - Ixiamas,FLOR DE MAYO,6.0,7.0,6.346855983772819,0.06150835016815394,SIN,0.06150835016815394,175.13239774178217,260.6751881902263,<5 km
Ixiamas,C1,Primera Sección - Ixiamas,MACAHUA,1.0,145.0,1.0578093306288032,0.07963887447601453,SIN,0.07963887447601453,164.17225292205453,260.2928084422671,<5 km
Ixiamas,C1,Primera Sección - Ixiamas,30 DE AGOSTO,2.0,17.0,2.1156186612576064,0.11030387961851353,SIN,0.11030387961851353,162.38251036403813,260.63890099694675,<5 km
Ixiamas,C1,Primera Sección - Ixiamas,NUEVA EDEN,1.0,1.0,1.0578093306288032,0.11192457488644528,SIN,0.11192457488644528,174.01008342859595,261.5323962298672,<5 km
Ixiamas,C1,Primera Sección - Ixiamas,SANTA ROSA DE MARAVILLA,3.0,49.0,3.1734279918864097,0.11841263755465187,SIN,0.11841263755465187,179.6502314949548,249.54464728829865,<5 km
Ixiamas,C1,Primera Sección - Ixiamas,SAN FELIPE,1.0,28.0,1.0578093306288032,0.1301892366289315,SIN,0.1301892366289315,179.57837541934106,255.0413632007821,<5 km
Ixiamas,C1,Primera Sección - Ixiamas,RUSO,1.0,4.0,1.0578093306288032,0.2014349003677267,SIN,0.2014349003677267,165.68528790810234,265.8275251242558,<5 km
Ixiamas,C1,Primera Sección - Ixiamas,ITURRALDE,8.0,15.0,8.462474645030426,0.32410226907394873,SIN,0.32410226907394873,159.64600966540758,263.8310173041485,<5 km
Ixiamas,C1,Primera Sección - Ixiamas,PALMA  REAL,6.0,10.0,6.346855983772819,0.970402419584973,SIN,0.970402419584973,175.65656878973476,258.5191259583564,<5 km
Ixiamas,C1,Primera Sección - Ixiamas,ALAMOS,4.0,6.0,4.231237322515213,1.38101036220025,SIN,1.38101036220025,173.13779188414526,260.5500235237416,<5 km
Ixiamas,C1,Primera Sección - Ixiamas,3 DE JUNIO,5.0,22.0,5.289046653144016,1.4307217062899211,SIN,1.4307217062899211,174.04619876009792,259.577027372189,<5 km
Ixiamas,C1,Primera Sección - Ixiamas,SANTA FE,24.0,95.0,25.387423935091277,1.82896771982947,SIN,1.82896771982947,157.0663267039563,263.1770781791034,<5 km
Ixiamas,C1,Primera Sección - Ixiamas,SAN PABLO,1.0,2.0,1.0578093306288032,1.877658646441145,SIN,1.877658646441145,167.8309453681587,264.89984286957696,<5 km
Ixiamas,C1,Primera Sección - Ixiamas,CORAZON DE LEON,11.0,21.0,11.635902636916835,4.68522658108807,SIN,4.68522658108807,154.46980621726038,264.6423956951001,<5 km
Ixiamas,C1,Primera Sección - Ixiamas,BUENA VISTA,11.0,41.0,11.635902636916835,5.18041963631259,SIN,5.18041963631259,153.87671301554428,264.3808453131474,5-10 km
Ixiamas,C1,Primera Sección - Ixiamas,PUERTO PEREZ,19.0,166.0,20.09837728194726,6.147346071861433,Sist. Ais.,152.65641789596273,6.147346071861433,151.97291073128244,5-10 km
Ixiamas,C1,Primera Sección - Ixiamas,COROCORO,21.0,46.0,22.213995943204868,7.467829026019695,SIN,7.467829026019695,157.29812283696813,270.4380185633855,5-10 km
Ixiamas,C1,Primera Sección - Ixiamas,COMANDO,15.0,59.0,15.867139959432048,7.968352252652989,SIN,7.968352252652989,155.15784424070293,270.08671952943166,5-10 km
Ixiamas,C1,Primera Sección - Ixiamas,SAN PEDRO,19.0,101.0,20.09837728194726,8.686355655204979,SIN,8.686355655204979,160.75575776052133,247.5211371096637,5-10 km
Ixiamas,C1,Primera Sección - Ixiamas,LAS MERCEDES,24.0,180.0,25.387423935091277,10.416047097012902,Sist. Ais.,150.5200023782469,10.416047097012902,153.47903771608566,10-25 km
Ixiamas,C1,Primera Sección - Ixiamas,ALTO ZATARIAPU,16.0,76.0,16.92494929006085,10.743158739502794,SIN,10.743158739502794,158.66655358516888,274.12931699417254,10-25 km
Ixiamas,C1,Primera Sección - Ixiamas,CARINDE,16.0,30.0,16.92494929006085,12.053497354321559,SIN,12.053497354321559,156.68336448265705,274.95533459738874,10-25 km
Ixiamas,C1,Primera Sección - Ixiamas,SAN MARCOS,16.0,238.0,16.92494929006085,12.656591167257314,SIN,12.656591167257314,166.212160479085,238.22298959981387,10-25 km
Ixiamas,C1,Primera Sección - Ixiamas,5 DE JUNIO,14.0,30.0,14.809330628803245,14.224354926757984,SIN,14.224354926757984,155.26152028258244,275.9400547031831,10-25 km
Ixiamas,C1,Primera Sección - Ixiamas,SEGUNDO FLOR DE MAYO,8.0,49.0,8.462474645030426,14.785646023967058,SIN,14.785646023967058,151.45782006923093,245.79177245683624,10-25 km
Ixiamas,C1,Primera Sección - Ixiamas,PUERTO RUSO,25.0,134.0,26.44523326572008,15.496088138281966,SIN,15.496088138281966,143.16613440511523,256.6048945959564,10-25 km
Ixiamas,C1,Primera Sección - Ixiamas,TACASO,4.0,6.0,4.231237322515213,17.27113794566464,SIN,17.27113794566464,153.7731788745026,276.3831377964123,10-25 km
Ixiamas,C1,Primera Sección - Ixiamas,MANANTIAL,18.0,27.0,19.040567951318458,19.654082447993964,SIN,19.654082447993964,155.05732300858986,279.071249949614,10-25 km
Ixiamas,C1,Primera Sección - Ixiamas,NUEVA BELEN,4.0,8.0,4.231237322515213,20.100850762498837,SIN,20.100850762498837,152.81775939451146,277.17656697586654,10-25 km
Ixiamas,C1,Primera Sección - Ixiamas,NUEVO AMANECER,7.0,21.0,7.404665314401623,20.46445265722924,SIN,20.46445265722924,147.65264782872964,272.0002557193982,10-25 km
Ixiamas,C1,Primera Sección - Ixiamas,LOS ALMENDRILLO,9.0,16.0,9.520283975659229,21.453721651767193,SIN,21.453721651767193,156.62638572843647,235.6864932435832,10-25 km
Ixiamas,C1,Primera Sección - Ixiamas,PIEDRAS BLANCAS,7.0,24.0,7.404665314401623,22.932159862699248,SIN,22.932159862699248,152.08094796862378,278.1595383024464,10-25 km
Ixiamas,C1,Primera Sección - Ixiamas,SANTA ROSA DE LIMA,6.0,22.0,6.346855983772819,23.292563386046066,SIN,23.292563386046066,157.71312315268185,232.8771432226236,10-25 km
Ixiamas,C1,Primera Sección - Ixiamas,UNDUMO,9.0,48.0,9.520283975659229,34.798220478556544,SIN,34.798220478556544,139.86177186814027,232.0747615781988,25-50 km
Ixiamas,C1,Primera Sección - Ixiamas,EL ZAPATO,1.0,48.0,1.0578093306288032,39.00306340262702,Sist. Ais.,181.11331716250552,39.00306340262702,127.19315855853876,25-50 km
Ixiamas,C1,Primera Sección - Ixiamas,LAS PARRABAS,2.0,31.0,2.1156186612576064,39.02252057171465,Sist. Ais.,169.92314714913414,39.02252057171465,135.8286947027749,25-50 km
Ixiamas,C1,Primera Sección - Ixiamas,TOROMONAS,19.0,222.0,20.09837728194726,39.21224298491429,Sist. Ais.,153.606629556732,39.21224298491429,144.36910368006767,25-50 km
Ixiamas,C1,Primera Sección - Ixiamas,LA MANSION,2.0,22.0,2.1156186612576064,42.02909734840664,Sist. Ais.,189.54303043401222,42.02909734840664,118.7339638607289,25-50 km
Ixiamas,C1,Primera Sección - Ixiamas,EL TIGRE ALTO MADIDI,56.0,317.0,59.23732251521298,43.49456563614475,SIN,43.49456563614475,133.53005605791833,271.1745560524269,25-50 km
Ixiamas,C1,Primera Sección - Ixiamas,AGUAS DE LA VIDA,5.0,6.0,5.289046653144016,60.53321706939278,SIN,60.53321706939278,129.85695810562405,274.6445686403724,>50 km
Ixiamas,C1,Primera Sección - Ixiamas,EL TIGRE,22.0,183.0,23.27180527383367,62.7795633113302,Sist. Ais.,199.4337538130387,62.7795633113302,95.6202090778246,>50 km
Ixiamas,C1,Primera Sección - Ixiamas,EL CARMEN,13.0,67.0,13.751521298174442,64.64110081017941,Sist. Ais.,204.26648717465733,64.64110081017941,91.75664299629948,>50 km
Ixiamas,C1,Primera Sección - Ixiamas,LA PALCA,17.0,49.0,17.982758620689655,64.74225260556479,Sist. Ais.,145.9662152703743,64.74225260556479,132.77021991111098,>50 km
Ixiamas,C1,Primera Sección - Ixiamas,SAN JUAN,9.0,97.0,9.520283975659229,66.16714173589168,Sist. Ais.,205.27339380946657,66.16714173589168,90.05079977765743,>50 km
Ixiamas,C1,Primera Sección - Ixiamas,PUERTO ARAONA,20.0,101.0,21.156186612576064,75.25323928751718,Sist. Ais.,120.22214482262949,75.25323928751718,152.38786074832947,>50 km
Ixiamas,C1,Primera Sección - Ixiamas,SANTA ROSA,50.0,210.0,52.89046653144016,76.7164400110649,Sist. Ais.,193.8828243941207,76.7164400110649,78.93819956756441,>50 km
Ixiamas,C1,Primera Sección - Ixiamas,CARMEN DEL EMERO,27.0,229.0,28.560851926977687,78.03452334493518,SIN,78.03452334493518,171.04771731211133,170.61077481629707,>50 km
Ixiamas,C1,Primera Sección - Ixiamas,ANTOFAGASTA,3.0,29.0,3.1734279918864097,80.17847130936791,Sist. Ais.,195.67678545031714,80.17847130936791,82.06981476533629,>50 km
Ixiamas,C1,Primera Sección - Ixiamas,CAMPO CENTRAL,23.0,95.0,24.329614604462474,83.15342421541438,Sist. Ais.,154.3933223089614,83.15342421541438,117.32824267519597,>50 km
Ixiamas,C1,Primera Sección - Ixiamas,MONTECRISTO,6.0,8.0,6.346855983772819,87.51078904397038,Sist. Ais.,182.4987495202909,87.51078904397038,89.85426430282816,>50 km
Ixiamas,C1,Primera Sección - Ixiamas,PAQUIOSAL,12.0,38.0,12.693711967545639,90.13738214773205,Sist. Ais.,170.14303014318796,90.13738214773205,101.46713022249948,>50 km
Ixiamas,C1,Primera Sección - Ixiamas,NUEVA JERUSALEN,10.0,26.0,10.578093306288032,90.86820383966507,Sist. Ais.,173.5881989228592,90.86820383966507,98.3359897914782,>50 km
Ixiamas,C1,Primera Sección - Ixiamas,CAMPO BRAVO,3.0,21.0,3.1734279918864097,91.00951482321057,Sist. Ais.,153.14394009704367,91.00951482321057,113.66802824968065,>50 km
Ixiamas,C1,Primera Sección - Ixiamas,CAYUBABA,10.0,55.0,10.578093306288032,93.64071320114252,Sist. Ais.,143.4558046777011,93.64071320114252,121.3428066525672,>50 km
Ixiamas,C1,Primera Sección - Ixiamas,BARRACON,10.0,124.0,10.578093306288032,99.6440252533788,Sist. Ais.,141.2898028188291,99.6440252533788,124.66030024548796,>50 km
Ixiamas,C1,Primera Sección - Ixiamas,NUEVA ESPERANZA,3.0,54.0,3.1734279918864097,100.12083003440243,SIN,100.12083003440243,155.8267552306616,153.93366877634884,>50 km
Ixiamas,C1,Primera Sección - Ixiamas,SANTA ANITA,11.0,60.0,11.635902636916835,100.2867774056765,SIN,100.2867774056765,139.35594076093685,129.99102835482572,>50 km
Ixiamas,C1,Primera Sección - Ixiamas,ESPERANZA DEL MADIDI,2.0,9.0,2.1156186612576064,101.77700708372956,Sist. Ais.,142.34366084275564,101.77700708372956,124.97278953923376,>50 km
Ixiamas,C1,Primera Sección - Ixiamas,CAMPESINA LAS PALMAS,13.0,42.0,13.751521298174442,104.24694238381463,Sist. Ais.,134.34592841375203,104.24694238381463,130.9423780510106,>50 km
Ixiamas,C1,Primera Sección - Ixiamas,LA PAZ DEL BENI,13.0,56.0,13.751521298174442,104.99494133074917,SIN,104.99494133074917,131.4424797030362,122.95065874206658,>50 km
Ixiamas,C1,Primera Sección - Ixiamas,OJAKI,18.0,152.0,19.040567951318458,105.18071274172145,Sist. Ais.,147.53086511520107,105.18071274172145,124.23545203994034,>50 km
Ixiamas,C1,Primera Sección - Ixiamas,EMBAJADORES DEL MADIDI,35.0,339.0,37.023326572008116,105.96592030075035,Sist. Ais.,138.47638434119577,105.96592030075035,129.18667146999056,>50 km
Ixiamas,C1,Primera Sección - Ixiamas,SANTA MARIA,7.0,42.0,7.404665314401623,108.1580486574359,Sist. Ais.,147.25070829096794,108.1580486574359,126.23633241639445,>50 km
Reyes,C1,Primera Sección - Reyes,GUAGUA UNO,40.0,149.0,29.532710280373834,0.0025939245506652053,SIN,0.0025939245506652053,246.53020815050968,222.6940145656605,<5 km
Reyes,C1,Primera Sección - Reyes,SAN JOSE,9.0,82.0,6.644859813084111,0.020979562464195467,SIN,0.020979562464195467,249.09902996282332,100.0156747915604,<5 km
Reyes,C1,Primera Sección - Reyes,RATIJE,48.0,427.0,35.4392523364486,0.021592056716455872,SIN,0.021592056716455872,227.314304586527,192.40834360541095,<5 km
Reyes,C1,Primera Sección - Reyes,EL COZAR,29.0,175.0,21.411214953271028,0.041901294232925775,SIN,0.041901294232925775,251.2134043400413,223.7218167471659,<5 km
Reyes,C1,Primera Sección - Reyes,SAN JUAN,24.0,70.0,17.7196261682243,0.06488497431483171,SIN,0.06488497431483171,230.1689781733355,196.8497514915213,<5 km
Reyes,C1,Primera Sección - Reyes,VILLA COPACABANA,29.0,170.0,21.411214953271028,0.06720899167275755,SIN,0.06720899167275755,252.0644804034855,226.29630625967903,<5 km
Reyes,C1,Primera Sección - Reyes,GUALAGUAGUA,28.0,224.0,20.672897196261683,0.09424460807093625,SIN,0.09424460807093625,247.2258478105943,216.4225496534134,<5 km
Reyes,C1,Primera Sección - Reyes,SAN FELIPE,15.0,155.0,11.074766355140186,0.12336924606861314,SIN,0.12336924606861314,239.3480928643326,211.8228278095992,<5 km
Reyes,C1,Primera Sección - Reyes,NUEVO AMANECER,26.0,87.0,19.19626168224299,0.13653899871892086,SIN,0.13653899871892086,252.9740292051421,228.09449065714048,<5 km
Reyes,C1,Primera Sección - Reyes,REYES,88.0,7202.0,64.97196261682242,0.18128103096384637,SIN,0.18128103096384637,250.00720215588055,216.99888023117128,<5 km
Reyes,C1,Primera Sección - Reyes,BAYCHUJE,6.0,239.0,4.429906542056075,0.20379610778412058,SIN,0.20379610778412058,238.5405104848359,210.1700653831887,<5 km
Reyes,C1,Primera Sección - Reyes,ESTANCIAS DISPERSAS,26.0,6.0,19.19626168224299,0.42495991216816087,SIN,0.42495991216816087,248.67418438656807,217.86684742009265,<5 km
Reyes,C1,Primera Sección - Reyes,MONTE CARLOS,7.0,90.0,5.168224299065421,0.9656530128316746,SIN,0.9656530128316746,229.1947387499154,206.31321598156703,<5 km
Reyes,C1,Primera Sección - Reyes,LOS TAJIBOS,7.0,50.0,5.168224299065421,1.1309522865193329,SIN,1.1309522865193329,217.81571667449583,186.3439118743752,<5 km
Reyes,C1,Primera Sección - Reyes,LA UNION,19.0,136.0,14.02803738317757,2.9150592420625165,SIN,2.9150592420625165,253.0053192391927,221.41121373265256,<5 km
Reyes,C1,Primera Sección - Reyes,NUEVA ESPERANZA,15.0,72.0,11.074766355140186,5.133321514671898,SIN,5.133321514671898,216.44483333190152,182.72037180363083,5-10 km
Reyes,C1,Primera Sección - Reyes,REMANSO,2.0,23.0,1.4766355140186915,8.684786232351064,SIN,8.684786232351064,238.10336438932617,223.6708036251618,5-10 km
Reyes,C1,Primera Sección - Reyes,RIO VIEJO,27.0,137.0,19.934579439252335,10.847847987480085,SIN,10.847847987480085,235.76047502741355,222.879292122845,10-25 km
Reyes,C1,Primera Sección - Reyes,PEÑA AMARILLA,12.0,359.0,8.85981308411215,11.803879745190146,Sist. Ais.,249.03236934363963,11.803879745190146,38.94892649606194,10-25 km
Reyes,C1,Primera Sección - Reyes,LOS TUBOS,14.0,121.0,10.336448598130842,16.271192023738493,Sist. Ais.,228.0589655667235,16.271192023738493,60.39505682800692,10-25 km
Reyes,C1,Primera Sección - Reyes,SAL SI PUEDES,4.0,33.0,2.953271028037383,21.519122698894492,SIN,21.519122698894492,208.08464887802245,168.3257494702793,10-25 km
Reyes,C1,Primera Sección - Reyes,CALIFORNIA,43.0,211.0,31.74766355140187,25.655705446772725,Sist. Ais.,207.62256824990715,25.655705446772725,64.04643938031406,25-50 km
Reyes,C1,Primera Sección - Reyes,SAN MIGUEL DE SORAIDA,4.0,125.0,2.953271028037383,27.77491582258962,SIN,27.77491582258962,218.06209573090615,214.55350934968055,25-50 km
Reyes,C1,Primera Sección - Reyes,CARNAVAL,8.0,51.0,5.906542056074766,29.64469083329769,Sist. Ais.,203.6428552508608,29.64469083329769,67.65978599016432,25-50 km
Reyes,C1,Primera Sección - Reyes,CARMEN ALTO,71.0,378.0,52.42056074766355,39.06838414010726,Sist. Ais.,214.35035094243162,39.06838414010726,39.18690868617991,25-50 km
Reyes,C1,Primera Sección - Reyes,LA ESPERANZA,2.0,93.0,1.4766355140186915,44.99540825013622,Sist. Ais.,208.49698710710467,44.99540825013622,44.72744296460607,25-50 km
Reyes,C1,Primera Sección - Reyes,SANTA LOURDES,15.0,64.0,11.074766355140186,45.54625875117102,Sist. Ais.,188.3780085134468,45.54625875117102,84.01481009517305,25-50 km
Reyes,C1,Primera Sección - Reyes,LAS OLLITAS,1.0,16.0,0.7383177570093458,53.59831174495377,Sist. Ais.,179.67552093751422,53.59831174495377,89.25919840096377,>50 km
Reyes,C1,Primera Sección - Reyes,SAN PEDRO,28.0,176.0,20.672897196261683,61.13883268660233,SIN,61.13883268660233,190.65276881458124,147.73145003108357,>50 km
Reyes,C1,Primera Sección - Reyes,SAN JOSE,69.0,283.0,50.943925233644855,62.5963814743042,Sist. Ais.,177.7775669504117,62.5963814743042,100.0156747915604,>50 km
Reyes,C1,Primera Sección - Reyes,PUERTO SALINAS,26.0,87.0,19.19626168224299,65.91102082517787,SIN,65.91102082517787,171.64441824506022,124.37184086987236,>50 km
Reyes,C1,Primera Sección - Reyes,LAGO BUENA VISTA,21.0,96.0,15.504672897196262,69.02785392269139,Sist. Ais.,172.70282950149587,69.02785392269139,104.07534896062876,>50 km
Reyes,C1,Primera Sección - Reyes,NATIVIDAD,7.0,46.0,5.168224299065421,71.4536212463901,Sist. Ais.,161.90400402555065,71.4536212463901,104.95377204427476,>50 km
Reyes,C1,Primera Sección - Reyes,LAS MERCEDES,13.0,82.0,9.598130841121495,76.31524770574404,Sist. Ais.,164.0041179782488,76.31524770574404,107.93973597560178,>50 km
Reyes,C1,Primera Sección - Reyes,PUERTO CAVINA,16.0,112.0,11.813084112149532,86.09236999427894,Sist. Ais.,147.28795469458686,86.09236999427894,118.96437968442412,>50 km
Reyes,C1,Primera Sección - Reyes,MISION CAVINAS,37.0,140.0,27.317757009345797,92.59920631002741,Sist. Ais.,140.9706976840218,92.59920631002741,121.86683720704558,>50 km
Reyes,C1,Primera Sección - Reyes,SANTA CATALINA,19.0,143.0,14.02803738317757,95.92508664614127,SIN,95.92508664614127,138.42807927809483,113.95108573408268,>50 km
Reyes,C1,Primera Sección - Reyes,LAS PEÑITAS,7.0,139.0,5.168224299065421,97.99526511085027,SIN,97.99526511085027,139.50542750023098,124.81508766109084,>50 km
Reyes,C1,Primera Sección - Reyes,BAQUETI,10.0,100.0,7.3831775700934585,103.43602066252632,SIN,103.43602066252632,130.03570496943274,99.29029216793514,>50 km
Reyes,C1,Primera Sección - Reyes,SAN MIGUEL,18.0,19.0,13.289719626168223,105.23281783591366,SIN,105.23281783591366,128.29749698785403,109.79342310247308,>50 km
Reyes,C1,Primera Sección - Reyes,NUEVA ALIANZA,1.0,41.0,0.7383177570093458,107.50004930470978,Sist. Ais.,126.4917799203355,107.50004930470978,118.98482504275351,>50 km
Reyes,C1,Primera Sección - Reyes,CAMPO BOLIVAR,26.0,118.0,19.19626168224299,107.8426912427021,Sist. Ais.,130.0866657748021,107.8426912427021,90.0967708497722,>50 km
Reyes,C1,Primera Sección - Reyes,NUEVO REYES,5.0,107.0,3.6915887850467293,108.53775606893763,Sist. Ais.,126.92750562880451,108.53775606893763,95.6878372709061,>50 km
Reyes,C1,Primera Sección - Reyes,PEÑA GUARAYO,14.0,95.0,10.336448598130842,110.1345880483854,Sist. Ais.,124.51465827039655,110.1345880483854,121.53622358488236,>50 km
Reyes,C1,Primera Sección - Reyes,CANDELARIA,27.0,195.0,19.934579439252335,114.22629189642045,SIN,114.22629189642045,119.29520610797388,101.28611283893706,>50 km
Santa_Rosa_Beni,C1,Tercera Sección - Santa Rosa,EL TRIUNFO,11.0,582.0,14.395498392282958,0.009306583043799199,SIN,0.009306583043799199,174.00215328109493,138.76149184494432,<5 km
Santa_Rosa_Beni,C1,Tercera Sección - Santa Rosa,EL ROSARIO,9.0,248.0,11.77813504823151,0.015840555452411725,SIN,0.015840555452411725,168.44572067202984,132.96062105482378,<5 km
Santa_Rosa_Beni,C1,Tercera Sección - Santa Rosa,SANTA ROSA DE YACUMA,29.0,4727.0,37.95176848874598,0.031575012231380005,SIN,0.031575012231380005,186.7678661227847,158.8666704747445,<5 km
Santa_Rosa_Beni,C1,Tercera Sección - Santa Rosa,PICAFLORES,3.0,111.0,3.926045016077171,0.08706193341822194,SIN,0.08706193341822194,179.0093574648223,144.47428296646413,<5 km
Santa_Rosa_Beni,C1,Tercera Sección - Santa Rosa,SAN BARTOLOME,5.0,134.0,6.543408360128617,0.12924127504197555,SIN,0.12924127504197555,181.8127944612577,147.77166101036693,<5 km
Santa_Rosa_Beni,C1,Tercera Sección - Santa Rosa,VILLA FATIMA,3.0,155.0,3.926045016077171,2.00921547412078,SIN,2.00921547412078,177.18772513924074,143.87436647100145,<5 km
Santa_Rosa_Beni,C1,Tercera Sección - Santa Rosa,SAN CRISTOBAL,25.0,270.0,32.71704180064309,5.4416126300163485,SIN,5.4416126300163485,200.84415767331237,171.6636417836358,5-10 km
Santa_Rosa_Beni,C1,Tercera Sección - Santa Rosa,EL MOJON,2.0,75.0,2.617363344051447,6.038981999378066,SIN,6.038981999378066,195.16201994212625,167.38652326975213,5-10 km
Santa_Rosa_Beni,C1,Tercera Sección - Santa Rosa,AWAISAL,1.0,114.0,1.3086816720257235,6.83539232931307,SIN,6.83539232931307,171.73677597226686,140.4100665411726,5-10 km
Santa_Rosa_Beni,C1,Tercera Sección - Santa Rosa,LA INDIA,1.0,25.0,1.3086816720257235,24.07288134823556,SIN,24.07288134823556,175.42236539885485,129.09442849987195,10-25 km
Santa_Rosa_Beni,C1,Tercera Sección - Santa Rosa,VILLAZON,1.0,24.0,1.3086816720257235,25.29454351111948,SIN,25.29454351111948,176.25947378075105,129.45587357908843,25-50 km
Santa_Rosa_Beni,C1,Tercera Sección - Santa Rosa,PALMIRA,2.0,56.0,2.617363344051447,37.7265293591546,SIN,37.7265293591546,177.54787401145487,125.79861344938554,25-50 km
Santa_Rosa_Beni,C1,Tercera Sección - Santa Rosa,PUERTO YATA,2.0,164.0,2.617363344051447,42.3067833122065,SIN,42.3067833122065,150.64912960056347,99.42947253380994,25-50 km
Santa_Rosa_Beni,C1,Tercera Sección - Santa Rosa,EL CANDADO,10.0,239.0,13.086816720257234,42.31332195181801,SIN,42.31332195181801,179.8162009266185,126.41204620900172,25-50 km
Santa_Rosa_Beni,C1,Tercera Sección - Santa Rosa,PUERTO TERESA,10.0,231.0,13.086816720257234,43.550947976228244,SIN,43.550947976228244,146.96970562758915,96.19598737415544,25-50 km
Santa_Rosa_Beni,C1,Tercera Sección - Santa Rosa,TACUARAL,28.0,184.0,36.643086816720256,55.78810506288406,SIN,55.78810506288406,167.55636719521746,108.8468284739075,>50 km
Santa_Rosa_Beni,C1,Tercera Sección - Santa Rosa,EL ENCERRADO,2.0,199.0,2.617363344051447,63.50141017293479,SIN,63.50141017293479,163.99162870674164,102.58258280476316,>50 km
Santa_Rosa_Beni,C1,Tercera Sección - Santa Rosa,TRINIDAD,12.0,53.0,15.704180064308684,66.47691229970191,Sist. Ais.,186.4863980313843,66.47691229970191,82.99883496088543,>50 km
Santa_Rosa_Beni,C1,Tercera Sección - Santa Rosa,EL TORO,1.0,35.0,1.3086816720257235,70.24694491574769,SIN,70.24694491574769,162.3049001787558,98.60029573932582,>50 km
Santa_Rosa_Beni,C1,Tercera Sección - Santa Rosa,TABLERO,25.0,132.0,32.71704180064309,70.96366972608472,Sist. Ais.,184.01890773475915,70.96366972608472,71.085948242433,>50 km
Santa_Rosa_Beni,C1,Tercera Sección - Santa Rosa,EL CERRITO,10.0,298.0,13.086816720257234,81.11979809212923,SIN,81.11979809212923,152.97161052155303,93.15078758442078,>50 km
Santa_Rosa_Beni,C1,Tercera Sección - Santa Rosa,PONTON SANTA TERESA DEL YATA,1.0,43.0,1.3086816720257235,89.33744156514074,Sist. Ais.,162.66306036214323,89.33744156514074,91.36857248835682,>50 km
Santa_Rosa_Beni,C1,Tercera Sección - Santa Rosa,PALMA FLOR,30.0,281.0,39.260450160771704,96.49146513351823,SIN,96.49146513351823,139.87272325036614,84.23660474483056,>50 km
Santa_Rosa_Beni,C1,Tercera Sección - Santa Rosa,PORVENIR,1.0,124.0,1.3086816720257235,104.77183596551315,SIN,104.77183596551315,133.1379349979969,81.0671119833166,>50 km
Santa_Rosa_Beni,C1,Tercera Sección - Santa Rosa,CAVADOR,11.0,192.0,14.395498392282958,107.22197711212745,Sist. Ais.,134.9357508475791,107.22197711212745,83.9908622484615,>50 km
Santa_Rosa_Beni,C1,Tercera Sección - Santa Rosa,MACEDONIA,20.0,132.0,26.173633440514468,108.31678246005876,Sist. Ais.,131.41922897097433,108.31678246005876,86.7048676188656,>50 km
Santa_Rosa_Beni,C1,Tercera Sección - Santa Rosa,AUSTRALIA,56.0,373.0,73.28617363344051,116.64398117089519,SIN,116.64398117089519,125.77874324512995,74.52552308013537,>50 km
Bolpebra,C2,Segunda Sección - Bolpebra,NAREUDA,14.0,343.0,11.57516339869281,0.010934229288636767,Sist. Ais.,292.27522782223735,0.010934229288636767,39.27033583080996,<5 km
Bolpebra,C2,Segunda Sección - Bolpebra,MUKDEN,41.0,432.0,33.89869281045752,0.17762521487450905,Sist. Ais.,300.3616621851923,0.17762521487450905,30.753798607917805,<5 km
Bolpebra,C2,Segunda Sección - Bolpebra,VERA CRUZ,19.0,197.0,15.709150326797387,8.064715369609612,Sist. Ais.,289.9713324269144,8.064715369609612,47.47043486670445,5-10 km
Bolpebra,C2,Segunda Sección - Bolpebra,PUERTO ORO,1.0,71.0,0.8267973856209151,12.610236417352093,Sist. Ais.,279.5197044250672,12.610236417352093,44.10399727043072,10-25 km
Bolpebra,C2,Segunda Sección - Bolpebra,MOLIENDA,5.0,49.0,4.133986928104576,17.982907348702575,Sist. Ais.,279.21529079477216,17.982907348702575,55.28058006344036,10-25 km
Bolpebra,C2,Segunda Sección - Bolpebra,AGROPECUARIA EL CEIBO,33.0,64.0,27.284313725490197,18.360884970362953,Sist. Ais.,307.71747357559144,18.360884970362953,48.93098723558685,10-25 km
Bolpebra,C2,Segunda Sección - Bolpebra,CANAAN,10.0,65.0,8.267973856209151,20.596783597606628,Sist. Ais.,309.25138136583524,20.596783597606628,50.87432741475458,10-25 km
Bolpebra,C2,Segunda Sección - Bolpebra,NUEVA CANAAN,50.0,183.0,41.33986928104575,21.648197546237704,Sist. Ais.,312.15575921346584,21.648197546237704,49.8220208862404,10-25 km
Bolpebra,C2,Segunda Sección - Bolpebra,TRES ARROYOS,11.0,127.0,9.094771241830065,23.48607962742746,Sist. Ais.,294.7186067812319,23.48607962742746,62.23468301599653,10-25 km
Bolpebra,C2,Segunda Sección - Bolpebra,EXTREMA,6.0,55.0,4.96078431372549,23.741895297875814,Sist. Ais.,284.24353269753414,23.741895297875814,63.01119865923469,10-25 km
Bolpebra,C2,Segunda Sección - Bolpebra,BIOCEANICA,18.0,135.0,14.882352941176471,36.6360276698783,Sist. Ais.,319.8804580672868,36.6360276698783,65.47080222507581,25-50 km
Bolpebra,C2,Segunda Sección - Bolpebra,SAN JORGE,18.0,68.0,14.882352941176471,42.188919712937626,Sist. Ais.,325.3906196355695,42.188919712937626,69.04025955736316,25-50 km
Bolpebra,C2,Segunda Sección - Bolpebra,NOHAYA,13.0,49.0,10.748366013071896,48.45989467057796,Sist. Ais.,329.39797633929743,48.45989467057796,75.26965076832676,25-50 km
Bolpebra,C2,Segunda Sección - Bolpebra,SAN MIGUEL DE MACHINERI,5.0,37.0,4.133986928104576,54.5501592850436,Sist. Ais.,342.3701330060294,54.5501592850436,77.1372561077753,>50 km
Bolpebra,C2,Segunda Sección - Bolpebra,YAMINAHUA,24.0,132.0,19.84313725490196,54.90199546439373,Sist. Ais.,342.55970493764653,54.90199546439373,77.49328436415031,>50 km
Bolpebra,C2,Segunda Sección - Bolpebra,SAN PEDRO DE BOLPEBRA,38.0,166.0,31.418300653594773,62.44392299099927,Sist. Ais.,345.73673417619926,62.44392299099927,85.27523649401022,>50 km
Guayaramerín,C3,Segunda Sección - Guayaramerín,SANTA ROSA,24.0,185.0,20.60353798126951,0.0015664926191252192,Sist. Ais.,261.4709118153026,0.0015664926191252192,6.333362248423065,<5 km
Guayaramerín,C3,Segunda Sección - Guayaramerín,26 DE MARZO,14.0,106.0,12.018730489073882,0.0027284078834997408,Sist. Ais.,261.5408670240589,0.0027284078834997408,6.129941226253708,<5 km
Guayaramerín,C3,Segunda Sección - Guayaramerín,SAN JUAN,16.0,92.0,13.73569198751301,0.005362904800088526,Sist. Ais.,266.1146007449773,0.005362904800088526,11.253149072294324,<5 km
Guayaramerín,C3,Segunda Sección - Guayaramerín,SAN AGUSTIN,45.0,258.0,38.63163371488033,0.03056935257260444,Sist. Ais.,246.45923314184867,0.03056935257260444,10.468077373462677,<5 km
Guayaramerín,C3,Segunda Sección - Guayaramerín,1RO DE MAYO,13.0,157.0,11.160249739854319,0.03306300184516367,Sist. Ais.,244.1130364944501,0.03306300184516367,12.684575561577724,<5 km
Guayaramerín,C3,Segunda Sección - Guayaramerín,VILLA PURISIMA,10.0,43.0,8.58480749219563,0.042019404413938095,Sist. Ais.,259.48741136084436,0.042019404413938095,4.356410183777761,<5 km
Guayaramerín,C3,Segunda Sección - Guayaramerín,CACHUELA ESPERANZA,30.0,982.0,25.75442247658689,0.04206706327370015,Sist. Ais.,293.0056663936657,0.04206706327370015,0.0819375941617085,<5 km
Guayaramerín,C3,Segunda Sección - Guayaramerín,SAN MIGUEL,32.0,104.0,27.47138397502602,0.07044009449881562,Sist. Ais.,255.29416102305098,0.07044009449881562,9.164686386525537,<5 km
Guayaramerín,C3,Segunda Sección - Guayaramerín,ROSARIO DEL YATA,39.0,580.0,33.48074921956296,0.07517460009072978,Sist. Ais.,245.94375737703078,0.07517460009072978,0.0,<5 km
Guayaramerín,C3,Segunda Sección - Guayaramerín,GUAYARAMERIN,227.0,0.0,194.8751300728408,0.08578055348348,Sist. Ais.,254.77316158700418,0.08578055348348,0.8610968587035897,<5 km
Guayaramerín,C3,Segunda Sección - Guayaramerín,27 DE NOVIEMBRE,15.0,142.0,12.877211238293444,0.10877313657728577,Sist. Ais.,249.30988005333938,0.10877313657728577,9.022888098950103,<5 km
Guayaramerín,C3,Segunda Sección - Guayaramerín,LA UNION,15.0,83.0,12.877211238293444,0.14608264266911541,Sist. Ais.,243.12434513989675,0.14608264266911541,11.65646412590547,<5 km
Guayaramerín,C3,Segunda Sección - Guayaramerín,8 DE FEBRERO,17.0,145.0,14.594172736732569,0.16263270208598407,Sist. Ais.,250.24602514789393,0.16263270208598407,8.81382073007427,<5 km
Guayaramerín,C3,Segunda Sección - Guayaramerín,SAN JOSE,13.0,74.0,11.160249739854319,0.17662610608753432,Sist. Ais.,257.80120913719554,0.17662610608753432,4.589360745885463,<5 km
Guayaramerín,C3,Segunda Sección - Guayaramerín,ESTANCIAS DISPERSAS,2.0,2.0,1.7169614984391262,0.2712324362636584,Sist. Ais.,262.3444005744357,0.2712324362636584,9.72587554032406,<5 km
Guayaramerín,C3,Segunda Sección - Guayaramerín,SANTA EMILIA,1.0,17.0,0.8584807492195631,0.3051661081622357,Sist. Ais.,253.04534883390446,0.3051661081622357,8.76922019879416,<5 km
Guayaramerín,C3,Segunda Sección - Guayaramerín,SAN PEDRO,1.0,5.0,0.8584807492195631,0.739664055451882,Sist. Ais.,259.47358345391694,0.739664055451882,3.959867860741212,<5 km
Guayaramerín,C3,Segunda Sección - Guayaramerín,SANTA EMILIA,5.0,23.0,4.292403746097815,0.7624578041117839,Sist. Ais.,253.54568936189696,0.7624578041117839,8.76922019879416,<5 km
Guayaramerín,C3,Segunda Sección - Guayaramerín,CACHUELA MAMORE,26.0,135.0,22.320499479708637,1.5299242601810832,Sist. Ais.,263.29114352025505,1.5299242601810832,8.351200672798548,<5 km
Guayaramerín,C3,Segunda Sección - Guayaramerín,PUERTO CARRERO,9.0,42.0,7.726326742976066,1.644059457153869,Sist. Ais.,246.59134280649758,1.644059457153869,2.556467402869826,<5 km
Guayaramerín,C3,Segunda Sección - Guayaramerín,EL PORVENIR,5.0,46.0,4.292403746097815,1.9117701269792677,Sist. Ais.,248.18816660737147,1.9117701269792677,7.764550157370017,<5 km
Guayaramerín,C3,Segunda Sección - Guayaramerín,SAN FRANCISCO,12.0,103.0,10.301768990634756,1.925510907587795,Sist. Ais.,267.5825911368425,1.925510907587795,8.8081602498459,<5 km
Guayaramerín,C3,Segunda Sección - Guayaramerín,SANTA LUCIA,2.0,107.0,1.7169614984391262,2.863110516569265,Sist. Ais.,264.2527800261062,2.863110516569265,10.582001232227956,<5 km
Guayaramerín,C3,Segunda Sección - Guayaramerín,SANTA FE,22.0,132.0,18.886576482830385,4.843480361908091,Sist. Ais.,241.59275555358585,4.843480361908091,29.060504208701925,<5 km
Guayaramerín,C3,Segunda Sección - Guayaramerín,VILLA UNION,15.0,76.0,12.877211238293444,6.248217718386594,Sist. Ais.,262.53665931877583,6.248217718386594,11.2981639362198,5-10 km
Guayaramerín,C3,Segunda Sección - Guayaramerín,SAN PEDRO,11.0,113.0,9.443288241415193,6.274083122076944,Sist. Ais.,259.11350285557467,6.274083122076944,3.959867860741212,5-10 km
Guayaramerín,C3,Segunda Sección - Guayaramerín,VILLA BELLA,26.0,200.0,22.320499479708637,8.115286435414435,Sist. Ais.,274.0373456341563,8.115286435414435,18.494027974567548,5-10 km
Guayaramerín,C3,Segunda Sección - Guayaramerín,2 DE OCTUBRE,47.0,161.0,40.34859521331946,8.669628604964418,Sist. Ais.,263.7543649531226,8.669628604964418,14.581890925842844,5-10 km
Guayaramerín,C3,Segunda Sección - Guayaramerín,SANTA TERESA DEL YATA,4.0,234.0,3.4339229968782523,8.876812568259037,Sist. Ais.,282.87788422902173,8.876812568259037,11.118992345118064,5-10 km
Guayaramerín,C3,Segunda Sección - Guayaramerín,SAN FRANSISCO DEL YATA,17.0,59.0,14.594172736732569,12.59032490636806,Sist. Ais.,278.51731675288556,12.59032490636806,14.76065766965022,10-25 km
Guayaramerín,C3,Segunda Sección - Guayaramerín,14 DE SEPTIEMBRE,24.0,87.0,20.60353798126951,13.910391977976573,Sist. Ais.,232.47285297582349,13.910391977976573,23.194642798742592,10-25 km
Guayaramerín,C3,Segunda Sección - Guayaramerín,SANTA TERESA DEL YATA,50.0,43.0,42.92403746097815,14.033204806109612,Sist. Ais.,275.25341795660876,14.033204806109612,11.118992345118064,10-25 km
Guayaramerín,C3,Segunda Sección - Guayaramerín,18 DE JUNIO,41.0,143.0,35.19771071800208,14.039664418309304,Sist. Ais.,284.6871625781535,14.039664418309304,15.863082080580543,10-25 km
Guayaramerín,C3,Segunda Sección - Guayaramerín,PUERTO CARRERO,2.0,100.0,1.7169614984391262,20.546625269740606,Sist. Ais.,224.73432465886864,20.546625269740606,2.556467402869826,10-25 km
Guayaramerín,C3,Segunda Sección - Guayaramerín,SAN ROQUE,18.0,115.0,15.452653485952132,20.553844102869927,Sist. Ais.,224.11196932388557,20.553844102869927,28.65433625287782,10-25 km
Guayaramerín,C3,Segunda Sección - Guayaramerín,PALMA SOLA,11.0,119.0,9.443288241415193,31.92040149395029,Sist. Ais.,211.21645776336754,31.92040149395029,36.47067569941855,25-50 km
Guayaramerín,C3,Segunda Sección - Guayaramerín,RANCHO GRANDE,4.0,49.0,3.4339229968782523,36.30193075203629,Sist. Ais.,206.82743798574583,36.30193075203629,40.38408051675995,25-50 km
Guayaramerín,C3,Segunda Sección - Guayaramerín,BARRANCO COLORADO,30.0,136.0,25.75442247658689,39.30122744948912,Sist. Ais.,203.82741216190632,39.30122744948912,43.31153220657153,25-50 km
Guayaramerín,C3,Segunda Sección - Guayaramerín,SAN JUAN DEL MAMORE,12.0,56.0,10.301768990634756,48.62838206877869,Sist. Ais.,194.6046301884823,48.62838206877869,51.78525977435414,25-50 km
Guayaramerín,C3,Segunda Sección - Guayaramerín,PUERTO COIMBRA,9.0,65.0,7.726326742976066,58.11617418825754,Sist. Ais.,185.15089233197943,58.11617418825754,61.06026550255669,>50 km
Guayaramerín,C3,Segunda Sección - Guayaramerín,SANTA FE DE LA CRUZ,7.0,91.0,6.009365244536941,60.21815795507517,Sist. Ais.,183.0773043648468,60.21815795507517,63.07954358014262,>50 km
Guayaramerín,C3,Segunda Sección - Guayaramerín,ROSARIO DEL YATA,7.0,27.0,6.009365244536941,73.8938273742279,Sist. Ais.,170.82010579730658,73.8938273742279,0.0,>50 km
Guayaramerín,C3,Segunda Sección - Guayaramerín,LA ESPERANZA,1.0,3.0,0.8584807492195631,80.69853767352332,Sist. Ais.,163.15253346813728,80.69853767352332,70.53367067915084,>50 km
Guayaramerín,C3,Segunda Sección - Guayaramerín,PUERTO BOLIVAR,8.0,66.0,6.867845993756505,88.73483504718295,Sist. Ais.,154.63800458848053,88.73483504718295,62.68519024723435,>50 km
Guayaramerín,C3,Segunda Sección - Guayaramerín,FIRMEZA,4.0,20.0,3.4339229968782523,90.21962458286488,Sist. Ais.,157.16662313094835,90.21962458286488,69.65622739875305,>50 km
Guayaramerín,C3,Segunda Sección - Guayaramerín,SAN LORENZO,10.0,205.0,8.58480749219563,91.32893307554636,Sist. Ais.,151.85202789077377,91.32893307554636,60.53986471365739,>50 km
Guayaramerín,C3,Segunda Sección - Guayaramerín,VILLA NUEVA,6.0,42.0,5.150884495317378,91.49600023867296,Sist. Ais.,139.0096499418832,91.49600023867296,51.397478235423655,>50 km
Guayaramerín,C3,Segunda Sección - Guayaramerín,SINAI,2.0,9.0,1.7169614984391262,94.29680460783635,Sist. Ais.,148.9640259251371,94.29680460783635,59.43523186104842,>50 km
Puerto_Gonzalo_Moreno,C3,Primera Sección - Puerto Gonzalo Moreno,LAS PIEDRAS,57.0,1133.0,53.61081081081081,0.0010074354680366972,Sist. Ais.,269.09195089441306,0.0010074354680366972,5.906283075168716,<5 km
Puerto_Gonzalo_Moreno,C3,Primera Sección - Puerto Gonzalo Moreno,GONZALO MORENO,26.0,1839.0,24.454054054054055,0.012120808580292467,Sist. Ais.,266.81946453722526,0.012120808580292467,1.0817250299389034,<5 km
Puerto_Gonzalo_Moreno,C3,Primera Sección - Puerto Gonzalo Moreno,BUEN FUTURO,8.0,355.0,7.524324324324325,0.03615224992295428,Sist. Ais.,264.4702969815894,0.03615224992295428,9.820219292043776,<5 km
Puerto_Gonzalo_Moreno,C3,Primera Sección - Puerto Gonzalo Moreno,LIBERTAD,9.0,242.0,8.464864864864865,0.03811260266197562,Sist. Ais.,265.54888959756846,0.03811260266197562,5.688920808539753,<5 km
Puerto_Gonzalo_Moreno,C3,Primera Sección - Puerto Gonzalo Moreno,LAGO VICTORIA,13.0,192.0,12.227027027027027,0.07479553904712534,Sist. Ais.,274.09264729240965,0.07479553904712534,9.694900661390186,<5 km
Puerto_Gonzalo_Moreno,C3,Primera Sección - Puerto Gonzalo Moreno,PORTACHUELO MEDIO,25.0,440.0,23.513513513513516,0.10171270076606354,Sist. Ais.,253.31669101733968,0.10171270076606354,13.932870449617315,<5 km
Puerto_Gonzalo_Moreno,C3,Primera Sección - Puerto Gonzalo Moreno,SAN PABLO,4.0,306.0,3.7621621621621624,0.10505563801916552,Sist. Ais.,274.3716081128795,0.10505563801916552,18.6612810774771,<5 km
Puerto_Gonzalo_Moreno,C3,Primera Sección - Puerto Gonzalo Moreno,CANDELARIA,7.0,285.0,6.583783783783784,0.12930229629867668,Sist. Ais.,274.2516238318334,0.12930229629867668,13.02920265821107,<5 km
Puerto_Gonzalo_Moreno,C3,Primera Sección - Puerto Gonzalo Moreno,MIRAFLORES,26.0,667.0,24.454054054054055,0.13298202962681074,Sist. Ais.,274.3783704764307,0.13298202962681074,20.377073261264645,<5 km
Puerto_Gonzalo_Moreno,C3,Primera Sección - Puerto Gonzalo Moreno,PORTACHUELO BAJO,34.0,502.0,31.97837837837838,0.17904704024029014,Sist. Ais.,253.06466476393294,0.17904704024029014,14.116286937731786,<5 km
Puerto_Gonzalo_Moreno,C3,Primera Sección - Puerto Gonzalo Moreno,FRONTERA,16.0,376.0,15.04864864864865,0.24538561900411396,Sist. Ais.,263.67675485456846,0.24538561900411396,7.73670917568952,<5 km
Puerto_Gonzalo_Moreno,C3,Primera Sección - Puerto Gonzalo Moreno,PORTACHUELO ALTO,11.0,219.0,10.345945945945946,0.2877181506576902,Sist. Ais.,253.72989100142743,0.2877181506576902,13.325479160172913,<5 km
Puerto_Gonzalo_Moreno,C3,Primera Sección - Puerto Gonzalo Moreno,AGUA DULCE,46.0,608.0,43.26486486486487,0.6809406946166343,Sist. Ais.,275.23586715825115,0.6809406946166343,9.004974124375007,<5 km
Puerto_Gonzalo_Moreno,C3,Primera Sección - Puerto Gonzalo Moreno,SAN CARLOS,12.0,127.0,11.286486486486487,5.617822496357661,Sist. Ais.,274.68736736688965,5.617822496357661,14.69407908406396,5-10 km
Puerto_Gonzalo_Moreno,C3,Primera Sección - Puerto Gonzalo Moreno,6 DE AGOSTO,12.0,144.0,11.286486486486487,5.690417652237091,Sist. Ais.,249.1873013406147,5.690417652237091,8.794457696229141,5-10 km
Puerto_Gonzalo_Moreno,C3,Primera Sección - Puerto Gonzalo Moreno,21 DE SEPTIEMBRE,5.0,51.0,4.702702702702703,6.7173887332877165,Sist. Ais.,249.31955121963102,6.7173887332877165,11.550321623421915,5-10 km
Puerto_Gonzalo_Moreno,C3,Primera Sección - Puerto Gonzalo Moreno,AMERICA,13.0,130.0,12.227027027027027,10.43176090995268,Sist. Ais.,246.8522441363612,10.43176090995268,3.3986510324975656,10-25 km
Puerto_Gonzalo_Moreno,C3,Primera Sección - Puerto Gonzalo Moreno,VILLA NUEVA,11.0,97.0,10.345945945945946,11.792548368339855,Sist. Ais.,248.1530587026897,11.792548368339855,0.1582075920034408,10-25 km
Puerto_Gonzalo_Moreno,C3,Primera Sección - Puerto Gonzalo Moreno,SANTA ROSITA,11.0,84.0,10.345945945945946,12.412262873463304,Sist. Ais.,248.96741550461468,12.412262873463304,1.6073642276268576,10-25 km
Puerto_Gonzalo_Moreno,C3,Primera Sección - Puerto Gonzalo Moreno,CONTRAVARICIA,24.0,232.0,22.572972972972973,12.914298606871924,Sist. Ais.,249.31807769749648,12.914298606871924,4.808440984073083,10-25 km
Riberalta,C3,Primera Sección - Riberalta,PALMIRA,18.0,81.0,20.550351288056206,4.6627595768806114e-05,Sist. Ais.,258.30727135049693,4.6627595768806114e-05,12.627917594762597,<5 km
Riberalta,C3,Primera Sección - Riberalta,RIBERALTA,989.0,0.0,1129.1276346604216,0.0017451790051837316,Sist. Ais.,269.0083412586796,0.0017451790051837316,1.3850872148694529,<5 km
Riberalta,C3,Primera Sección - Riberalta,SANTA MARIA,43.0,268.0,49.09250585480094,0.002410487221886333,Sist. Ais.,252.27628859821002,0.002410487221886333,18.500359603873736,<5 km
Riberalta,C3,Primera Sección - Riberalta,LA ESPERANZA,4.0,472.0,4.566744730679157,0.004577562123310038,Sist. Ais.,263.5492649915034,0.004577562123310038,7.209601092487771,<5 km
Riberalta,C3,Primera Sección - Riberalta,VILLA COTOCA,8.0,130.0,9.133489461358314,0.0068734131478468035,Sist. Ais.,264.3510910536117,0.0068734131478468035,6.211898525453324,<5 km
Riberalta,C3,Primera Sección - Riberalta,SIGLO XX,7.0,57.0,7.991803278688525,0.012740137478462633,Sist. Ais.,259.55512102564256,0.012740137478462633,9.348379128471649,<5 km
Riberalta,C3,Primera Sección - Riberalta,SAN CRISTOBAL,18.0,118.0,20.550351288056206,0.03292490773338757,Sist. Ais.,268.9138360630881,0.03292490773338757,10.232071820875356,<5 km
Riberalta,C3,Primera Sección - Riberalta,TUMICHUCUA,30.0,435.0,34.250585480093676,0.036706371952977684,Sist. Ais.,260.56350577717717,0.036706371952977684,6.2159670328491,<5 km
Riberalta,C3,Primera Sección - Riberalta,12 DE OCTUBRE,12.0,104.0,13.70023419203747,0.03812394354977757,Sist. Ais.,248.98182069321547,0.03812394354977757,12.8471954204456,<5 km
Riberalta,C3,Primera Sección - Riberalta,LAGO SAN JOSE,10.0,39.0,11.416861826697891,0.0823657918139144,Sist. Ais.,274.49071428771873,0.0823657918139144,9.015564938784706,<5 km
Riberalta,C3,Primera Sección - Riberalta,AGUA CLARA,2.0,124.0,2.2833723653395785,0.08545047854915781,Sist. Ais.,245.9809198425078,0.08545047854915781,25.03632921982185,<5 km
Riberalta,C3,Primera Sección - Riberalta,WARNES,36.0,407.0,41.10070257611241,0.09711511781743341,Sist. Ais.,272.1285568313029,0.09711511781743341,11.96649629399243,<5 km
Riberalta,C3,Primera Sección - Riberalta,AVAROA,10.0,73.0,11.416861826697891,0.13589708459664426,Sist. Ais.,248.2929617903784,0.13589708459664426,8.700918798173284,<5 km
Riberalta,C3,Primera Sección - Riberalta,POPECHI,39.0,225.0,44.52576112412178,0.16133926805264645,Sist. Ais.,257.14759243753974,0.16133926805264645,11.91901739303186,<5 km
Riberalta,C3,Primera Sección - Riberalta,BOLIVAR,30.0,298.0,34.250585480093676,0.244915270872427,Sist. Ais.,261.37650585128495,0.244915270872427,16.582358114441984,<5 km
Riberalta,C3,Primera Sección - Riberalta,LA UNION,35.0,139.0,39.959016393442624,0.2611881217853398,Sist. Ais.,263.23491984840643,0.2611881217853398,7.227123875026729,<5 km
Riberalta,C3,Primera Sección - Riberalta,SAN ANTONIO,6.0,247.0,6.850117096018735,0.3273854698325498,Sist. Ais.,260.5805035391473,0.3273854698325498,12.036226167413902,<5 km
Riberalta,C3,Primera Sección - Riberalta,PALESTINA,3.0,20.0,3.4250585480093676,0.3537383558004681,Sist. Ais.,257.8777166017921,0.3537383558004681,9.54772496819512,<5 km
Riberalta,C3,Primera Sección - Riberalta,SAN JOSE,14.0,76.0,15.98360655737705,0.3701012127160359,Sist. Ais.,274.41348260676426,0.3701012127160359,9.23020042232759,<5 km
Riberalta,C3,Primera Sección - Riberalta,CAMPO CENTRAL,32.0,197.0,36.53395784543326,0.3789451481248055,Sist. Ais.,251.85964753778117,0.3789451481248055,14.724321280434369,<5 km
Riberalta,C3,Primera Sección - Riberalta,LAS PALMERAS,28.0,148.0,31.9672131147541,0.507260745980315,Sist. Ais.,269.5944690108674,0.507260745980315,5.963474650780122,<5 km
Riberalta,C3,Primera Sección - Riberalta,NUEVA UNION,12.0,54.0,13.70023419203747,1.8561719481722767,Sist. Ais.,258.01741167136504,1.8561719481722767,12.361281825032115,<5 km
Riberalta,C3,Primera Sección - Riberalta,SAN JUAN DEL URUCU,17.0,115.0,19.40866510538642,1.8959393108575464,Sist. Ais.,267.0264416501206,1.8959393108575464,4.527843255481478,<5 km
Riberalta,C3,Primera Sección - Riberalta,ANTOFAGASTA,26.0,120.0,29.68384074941452,2.2961558009344154,Sist. Ais.,274.8998911567647,2.2961558009344154,17.924543619362048,<5 km
Riberalta,C3,Primera Sección - Riberalta,LAS MERCEDES,15.0,65.0,17.125292740046838,2.4649293572712776,Sist. Ais.,262.2144467787576,2.4649293572712776,8.609038377928895,<5 km
Riberalta,C3,Primera Sección - Riberalta,ALADITA,7.0,24.0,7.991803278688525,2.647285187822573,Sist. Ais.,259.3052437293556,2.647285187822573,25.157329541073,<5 km
Riberalta,C3,Primera Sección - Riberalta,ESTANCIAS DISPERSAS,2.0,16.0,2.2833723653395785,2.866702815955385,Sist. Ais.,270.017869290996,2.866702815955385,15.120033124886666,<5 km
Riberalta,C3,Primera Sección - Riberalta,BUENA VISTA,11.0,63.0,12.558548009367684,3.332415749042682,Sist. Ais.,262.40239614837066,3.332415749042682,6.160385871515482,<5 km
Riberalta,C3,Primera Sección - Riberalta,SAN LORENZO DE PAMPA,20.0,73.0,22.833723653395783,3.426822292993978,Sist. Ais.,247.0364685164555,3.426822292993978,16.394596795182007,<5 km
Riberalta,C3,Primera Sección - Riberalta,7 DE JULIO,30.0,170.0,34.250585480093676,3.7192545639649714,Sist. Ais.,270.22785709803856,3.7192545639649714,15.414257811076508,<5 km
Riberalta,C3,Primera Sección - Riberalta,SAN JUAN,42.0,179.0,47.95081967213115,5.053773221999233,Sist. Ais.,264.2358414714568,5.053773221999233,25.94140300457971,5-10 km
Riberalta,C3,Primera Sección - Riberalta,SAN ANTONIO,35.0,19.0,39.959016393442624,5.41946278533492,Sist. Ais.,255.29999654672707,5.41946278533492,12.036226167413902,5-10 km
Riberalta,C3,Primera Sección - Riberalta,SANTA AMALIA,31.0,208.0,35.39227166276346,6.613882773577458,Sist. Ais.,253.8770887405613,6.613882773577458,21.387413443780048,5-10 km
Riberalta,C3,Primera Sección - Riberalta,EL HONDO,19.0,82.0,21.692037470725996,7.799533625137456,Sist. Ais.,251.19345915184658,7.799533625137456,22.182361997468465,5-10 km
Riberalta,C3,Primera Sección - Riberalta,26 DE OCTUBRE,29.0,120.0,33.10889929742389,8.232357529250057,Sist. Ais.,244.76810403119174,8.232357529250057,24.58980471202661,5-10 km
Riberalta,C3,Primera Sección - Riberalta,SANTA ROSA DEL IVON,19.0,67.0,21.692037470725996,8.346941651223807,Sist. Ais.,249.98779193617602,8.346941651223807,16.56519373358094,5-10 km
Riberalta,C3,Primera Sección - Riberalta,BERLIN,29.0,172.0,33.10889929742389,8.372235237139709,Sist. Ais.,248.6612234973213,8.372235237139709,18.415256147801628,5-10 km
Riberalta,C3,Primera Sección - Riberalta,LOS ANGELES,1.0,57.0,1.1416861826697893,8.463332279801506,Sist. Ais.,248.0762366670837,8.463332279801506,27.84042271294687,5-10 km
Riberalta,C3,Primera Sección - Riberalta,PUERTO ROMAN,23.0,142.0,26.25878220140515,8.849704125119949,Sist. Ais.,279.5746792718169,8.849704125119949,32.70754152850186,5-10 km
Riberalta,C3,Primera Sección - Riberalta,SANTA FE,17.0,126.0,19.40866510538642,8.862894754079939,Sist. Ais.,237.74590739330844,8.862894754079939,17.81972495661862,5-10 km
Riberalta,C3,Primera Sección - Riberalta,CANDELARIA,12.0,218.0,13.70023419203747,8.998596347061524,Sist. Ais.,254.51489478794562,8.998596347061524,16.186500030734155,5-10 km
Riberalta,C3,Primera Sección - Riberalta,SAN JUAN KM 42,20.0,92.0,22.833723653395783,11.046602787309594,Sist. Ais.,244.41277721637232,11.046602787309594,19.974074771303616,10-25 km
Riberalta,C3,Primera Sección - Riberalta,BELLA FLOR,26.0,141.0,29.68384074941452,11.252025922825574,Sist. Ais.,242.76646772196455,11.252025922825574,17.923354658173466,10-25 km
Riberalta,C3,Primera Sección - Riberalta,HAMBURGO,3.0,13.0,3.4250585480093676,11.31406562152047,Sist. Ais.,245.57814081622058,11.31406562152047,21.461606883102736,10-25 km
Riberalta,C3,Primera Sección - Riberalta,DESVELO,27.0,70.0,30.82552693208431,11.578479769958694,Sist. Ais.,240.37533016838574,11.578479769958694,24.426417924505618,10-25 km
Riberalta,C3,Primera Sección - Riberalta,SAN ARIEL,35.0,210.0,39.959016393442624,11.683086319781472,Sist. Ais.,242.31048060180638,11.683086319781472,10.703706224101934,10-25 km
Riberalta,C3,Primera Sección - Riberalta,MEDIO MONTE,15.0,113.0,17.125292740046838,11.904214056365797,Sist. Ais.,247.70071034455185,11.904214056365797,20.23593625135229,10-25 km
Riberalta,C3,Primera Sección - Riberalta,PARAISO,3.0,40.0,3.4250585480093676,12.229171686553858,Sist. Ais.,247.50265638793024,12.229171686553858,20.548577953438222,10-25 km
Riberalta,C3,Primera Sección - Riberalta,27 DE MAYO,11.0,42.0,12.558548009367684,13.086721595776925,Sist. Ais.,246.00950183375818,13.086721595776925,6.413672276400956,10-25 km
Riberalta,C3,Primera Sección - Riberalta,BUENA VISTA,10.0,64.0,11.416861826697891,13.59615985265695,Sist. Ais.,270.9249923444349,13.59615985265695,6.160385871515482,10-25 km
Riberalta,C3,Primera Sección - Riberalta,VILLA NAZARETH,9.0,93.0,10.275175644028103,13.886916361483351,Sist. Ais.,243.41258591339894,13.886916361483351,5.246670678058819,10-25 km
Riberalta,C3,Primera Sección - Riberalta,SAN ARIEL,6.0,56.0,6.850117096018735,14.312512784258962,Sist. Ais.,238.9625456239526,14.312512784258962,10.703706224101934,10-25 km
Riberalta,C3,Primera Sección - Riberalta,PALMIRA DEL IVON,27.0,90.0,30.82552693208431,14.618996963022981,Sist. Ais.,244.01550904940828,14.618996963022981,23.74395585246041,10-25 km
Riberalta,C3,Primera Sección - Riberalta,LAGO EL CARMEN,1.0,38.0,1.1416861826697893,14.837150607904546,Sist. Ais.,245.084171356698,14.837150607904546,3.5292742032212234,10-25 km
Riberalta,C3,Primera Sección - Riberalta,CENTRITO,5.0,28.0,5.708430913348946,15.024164209069474,Sist. Ais.,232.47604764503924,15.024164209069474,28.163025243660307,10-25 km
Riberalta,C3,Primera Sección - Riberalta,IVARENDA,2.0,2.0,2.2833723653395785,15.616149029498587,Sist. Ais.,271.9615382568014,15.616149029498587,29.778858246598997,10-25 km
Riberalta,C3,Primera Sección - Riberalta,SANTUARIO,8.0,87.0,9.133489461358314,15.929342544405934,Sist. Ais.,237.36767463619722,15.929342544405934,21.019766895511545,10-25 km
Riberalta,C3,Primera Sección - Riberalta,SANTA ELENA DEL LAGO,5.0,58.0,5.708430913348946,16.319021113647736,Sist. Ais.,239.91996506777716,16.319021113647736,48.18814220746707,10-25 km
Riberalta,C3,Primera Sección - Riberalta,FLOR DE OCTUBRE,18.0,172.0,20.550351288056206,16.49850185213819,Sist. Ais.,243.12187571586335,16.49850185213819,5.511627135826788,10-25 km
Riberalta,C3,Primera Sección - Riberalta,BUEN RETIRO,11.0,67.0,12.558548009367684,18.103415534728445,Sist. Ais.,237.65305347312608,18.103415534728445,28.76190238788272,10-25 km
Riberalta,C3,Primera Sección - Riberalta,CONSUELO DEL ROSARIO,34.0,197.0,38.81733021077284,18.88528238503865,Sist. Ais.,274.03127594406027,18.88528238503865,29.08012434980318,10-25 km
Riberalta,C3,Primera Sección - Riberalta,SANTA RITA,11.0,40.0,12.558548009367684,19.158092547181067,Sist. Ais.,234.29799223763627,19.158092547181067,20.959007381130085,10-25 km
Riberalta,C3,Primera Sección - Riberalta,PALESTINA,9.0,12.0,10.275175644028103,22.357189416260717,Sist. Ais.,231.2012959686455,22.357189416260717,9.54772496819512,10-25 km
Riberalta,C3,Primera Sección - Riberalta,MONTE CRISTO,2.0,15.0,2.2833723653395785,24.96072751107668,Sist. Ais.,231.55245702104017,24.96072751107668,17.247655657546645,10-25 km
Riberalta,C3,Primera Sección - Riberalta,BRILLANTE,13.0,103.0,14.84192037470726,26.203807550705815,Sist. Ais.,227.11538373451992,26.203807550705815,26.00245807383381,25-50 km
Riberalta,C3,Primera Sección - Riberalta,SANTA ROSA DEL BIATA,11.0,71.0,12.558548009367684,26.23030838585562,Sist. Ais.,216.4411479985986,26.23030838585562,69.12238111237338,25-50 km
Riberalta,C3,Primera Sección - Riberalta,PALESTINA,10.0,55.0,11.416861826697891,27.778800829259318,Sist. Ais.,225.92842664769864,27.778800829259318,9.54772496819512,25-50 km
Riberalta,C3,Primera Sección - Riberalta,LA SABANA,7.0,66.0,7.991803278688525,27.981624264887696,Sist. Ais.,224.02659976161797,27.981624264887696,57.542585843946384,25-50 km
Riberalta,C3,Primera Sección - Riberalta,ALTA GRACIA,12.0,73.0,13.70023419203747,30.37586847234673,Sist. Ais.,223.54368497865937,30.37586847234673,25.5014493889554,25-50 km
Riberalta,C3,Primera Sección - Riberalta,EL TRIANGULO,1.0,35.0,1.1416861826697893,31.124784070859388,Sist. Ais.,224.39158237640206,31.124784070859388,23.92609564477628,25-50 km
Riberalta,C3,Primera Sección - Riberalta,PUERTO CHACOBO,87.0,287.0,99.32669789227167,31.903214115037773,Sist. Ais.,221.37032535032642,31.903214115037773,29.055668634843,25-50 km
Riberalta,C3,Primera Sección - Riberalta,SANTA ROSA DEL FLORIDA,18.0,74.0,20.550351288056206,36.65187965922666,Sist. Ais.,206.0300667542681,36.65187965922666,75.60081066853616,25-50 km
Riberalta,C3,Primera Sección - Riberalta,COSTA RICA,10.0,101.0,11.416861826697891,37.630393275644344,Sist. Ais.,216.32388224281118,37.630393275644344,37.44086980874057,25-50 km
Riberalta,C3,Primera Sección - Riberalta,5 DE AGOSTO,12.0,95.0,13.70023419203747,39.30039294276949,Sist. Ais.,214.54213990864648,39.30039294276949,38.7327275874631,25-50 km
Riberalta,C3,Primera Sección - Riberalta,POZA NEGRA,12.0,55.0,13.70023419203747,39.48337864250204,Sist. Ais.,216.31611067367106,39.48337864250204,32.048148348818,25-50 km
Riberalta,C3,Primera Sección - Riberalta,CANDELARIA,29.0,37.0,33.10889929742389,40.08108379417812,Sist. Ais.,213.50276463062963,40.08108379417812,16.186500030734155,25-50 km
Riberalta,C3,Primera Sección - Riberalta,VICTORIA,15.0,103.0,17.125292740046838,42.603556165422546,Sist. Ais.,211.08183475421643,42.603556165422546,38.49999844764202,25-50 km
Riberalta,C3,Primera Sección - Riberalta,TOKIO,11.0,53.0,12.558548009367684,46.12141994356299,Sist. Ais.,207.83109930422123,46.12141994356299,45.14371420007937,25-50 km
Riberalta,C3,Primera Sección - Riberalta,LAS LIMAS,10.0,67.0,11.416861826697891,57.59636294400491,Sist. Ais.,195.73114730217068,57.59636294400491,54.156263442417554,>50 km
Riberalta,C3,Primera Sección - Riberalta,LOS CAYUCES,1.0,2.0,1.1416861826697893,58.77569516229987,Sist. Ais.,194.51108952248052,58.77569516229987,55.6247998464879,>50 km
Riberalta,C3,Primera Sección - Riberalta,FORTALEZA,7.0,50.0,7.991803278688525,59.28878030227891,Sist. Ais.,187.17599272980462,59.28878030227891,75.19912197784025,>50 km
Riberalta,C3,Primera Sección - Riberalta,LA UNION II,10.0,6.0,11.416861826697891,62.53959000388844,Sist. Ais.,190.79767905514692,62.53959000388844,60.29283743870528,>50 km
Riberalta,C3,Primera Sección - Riberalta,SAN FRANCISCO,15.0,108.0,17.125292740046838,64.12037897046511,Sist. Ais.,180.38322423962856,64.12037897046511,65.66317468158296,>50 km
Riberalta,C3,Primera Sección - Riberalta,EL RECREO,26.0,124.0,29.68384074941452,69.14633266932267,Sist. Ais.,185.15693309743207,69.14633266932267,63.21069947269025,>50 km
Riberalta,C3,Primera Sección - Riberalta,ALTO IVON,90.0,585.0,102.75175644028103,73.05380332228823,Sist. Ais.,180.48702510891945,73.05380332228823,67.97041468755486,>50 km
Riberalta,C3,Primera Sección - Riberalta,BUEN DESTINO,29.0,210.0,33.10889929742389,74.31590787115638,Sist. Ais.,173.08199780198515,74.31590787115638,81.72335977436977,>50 km
Riberalta,C3,Primera Sección - Riberalta,PUERTO CHACOBO,11.0,44.0,12.558548009367684,77.89783652812108,Sist. Ais.,176.31410880303397,77.89783652812108,29.055668634843,>50 km
Riberalta,C3,Primera Sección - Riberalta,3 BOCAS,2.0,17.0,2.2833723653395785,82.16138968655842,Sist. Ais.,168.86208582737996,82.16138968655842,83.52540236742054,>50 km
Riberalta,C3,Primera Sección - Riberalta,LA UNION II,1.0,65.0,1.1416861826697893,85.88734074323702,Sist. Ais.,161.12896146531892,85.88734074323702,60.29283743870528,>50 km
Riberalta,C3,Primera Sección - Riberalta,CACHUELITA,9.0,54.0,10.275175644028103,85.99690802726325,Sist. Ais.,160.9814830322516,85.99690802726325,69.03714330147065,>50 km
Riberalta,C3,Primera Sección - Riberalta,LOS CAYUCES,26.0,138.0,29.68384074941452,87.68050269391726,Sist. Ais.,167.01256316824558,87.68050269391726,55.6247998464879,>50 km
Riberalta,C3,Primera Sección - Riberalta,SANTA DELMIRA,8.0,59.0,9.133489461358314,114.84247463849957,Sist. Ais.,137.76127173638616,114.84247463849957,65.70171006701216,>50 km
Bella_Flor,C4,Tercera Sección - Bella Flor,EL CARMEN,26.0,166.0,19.753246753246753,0.001892218177007778,Sist. Ais.,297.56558516147453,0.001892218177007778,63.94913713916095,<5 km
Bella_Flor,C4,Tercera Sección - Bella Flor,KARAMANU,7.0,106.0,5.318181818181818,0.006098758444361681,Sist. Ais.,287.4286671353595,0.006098758444361681,49.17475762354174,<5 km
Bella_Flor,C4,Tercera Sección - Bella Flor,NUEVO BELEN,8.0,53.0,6.077922077922078,0.021137948122895888,Sist. Ais.,290.10183611371224,0.021137948122895888,44.92649840963952,<5 km
Bella_Flor,C4,Tercera Sección - Bella Flor,SAN PEDRO,11.0,62.0,8.357142857142856,0.029572416573430047,Sist. Ais.,284.76463162173127,0.029572416573430047,18.99719041243626,<5 km
Bella_Flor,C4,Tercera Sección - Bella Flor,CINCO ESTRELLAS,7.0,31.0,5.318181818181818,0.03656219421401379,Sist. Ais.,300.86403935631984,0.03656219421401379,78.8386294855841,<5 km
Bella_Flor,C4,Tercera Sección - Bella Flor,VILLA AMAZONICA,7.0,215.0,5.318181818181818,0.03722346161748704,Sist. Ais.,285.20869316447363,0.03722346161748704,62.54049082495697,<5 km
Bella_Flor,C4,Tercera Sección - Bella Flor,SANTA ELENA,40.0,113.0,30.38961038961039,0.05291046332470636,Sist. Ais.,303.9871187534655,0.05291046332470636,78.84657770761748,<5 km
Bella_Flor,C4,Tercera Sección - Bella Flor,SANTA LUCIA,18.0,308.0,13.675324675324674,0.07126384846674459,Sist. Ais.,295.99578258539015,0.07126384846674459,83.6302391190475,<5 km
Bella_Flor,C4,Tercera Sección - Bella Flor,SANTA MARIA,13.0,150.0,9.876623376623376,0.07570285499566137,Sist. Ais.,292.63436448804646,0.07570285499566137,86.7914477701812,<5 km
Bella_Flor,C4,Tercera Sección - Bella Flor,SANTA LOURDES,19.0,216.0,14.435064935064936,0.077332403373604,Sist. Ais.,292.1920044527484,0.077332403373604,33.9861670201444,<5 km
Bella_Flor,C4,Tercera Sección - Bella Flor,SAN ANTONIO,29.0,256.0,22.032467532467532,0.08338789587645068,Sist. Ais.,285.49993287636113,0.08338789587645068,74.74684886295448,<5 km
Bella_Flor,C4,Tercera Sección - Bella Flor,NUEVO HORIZONTE,13.0,30.0,9.876623376623376,0.09698760528511383,Sist. Ais.,285.3407250957618,0.09698760528511383,60.85950931387929,<5 km
Bella_Flor,C4,Tercera Sección - Bella Flor,SANTA RITA,29.0,184.0,22.032467532467532,0.10458142664121188,Sist. Ais.,289.67019006436743,0.10458142664121188,85.14470799414376,<5 km
Bella_Flor,C4,Tercera Sección - Bella Flor,SAN PEDRO,14.0,190.0,10.636363636363637,0.11861298686159555,Sist. Ais.,319.49257327116374,0.11861298686159555,18.99719041243626,<5 km
Bella_Flor,C4,Tercera Sección - Bella Flor,CAMPOANA CASTAÑERA,23.0,143.0,17.474025974025974,0.1288799502034814,Sist. Ais.,309.9333027346733,0.1288799502034814,79.5366762665655,<5 km
Bella_Flor,C4,Tercera Sección - Bella Flor,NUEVA VIDA,12.0,172.0,9.116883116883118,0.18317089551337848,Sist. Ais.,297.95686141302645,0.18317089551337848,71.00895329729134,<5 km
Bella_Flor,C4,Tercera Sección - Bella Flor,PERLA DEL ORIENTE,2.0,36.0,1.5194805194805194,0.2146572319649502,Sist. Ais.,299.15638192770984,0.2146572319649502,55.00079509549012,<5 km
Bella_Flor,C4,Tercera Sección - Bella Flor,FLORIDA,6.0,37.0,4.558441558441559,1.1518870769242016,Sist. Ais.,296.04478393279004,1.1518870769242016,56.493245815607146,<5 km
Bella_Flor,C4,Tercera Sección - Bella Flor,PALACIOS,9.0,40.0,6.837662337662337,3.7697027235455547,Sist. Ais.,293.47076211557345,3.7697027235455547,56.63762050304172,<5 km
Bella_Flor,C4,Tercera Sección - Bella Flor,16 DE MAYO,11.0,47.0,8.357142857142856,4.125912029875726,Sist. Ais.,286.35638960680706,4.125912029875726,44.09902432588211,<5 km
Bella_Flor,C4,Tercera Sección - Bella Flor,VERONICA,9.0,40.0,6.837662337662337,4.565597701020118,Sist. Ais.,297.7199987023214,4.565597701020118,35.48758834044496,<5 km
Bella_Flor,C4,Tercera Sección - Bella Flor,ALEGRIA,7.0,25.0,5.318181818181818,5.003179086257375,Sist. Ais.,280.68266472954565,5.003179086257375,77.85775421221942,5-10 km
Bella_Flor,C4,Tercera Sección - Bella Flor,INTEGRAL CIVICA,4.0,11.0,3.038961038961039,11.068926320678335,Sist. Ais.,366.0922874967205,11.068926320678335,83.20994579976006,10-25 km
Bella_Flor,C4,Tercera Sección - Bella Flor,VILLA MAVARI,4.0,64.0,3.038961038961039,16.23889079288221,Sist. Ais.,311.48717755834815,16.23889079288221,92.25970065435824,10-25 km
Bella_Flor,C4,Tercera Sección - Bella Flor,NUEVA ESPERANZA,7.0,27.0,5.318181818181818,18.07428329880881,Sist. Ais.,373.09786795937106,18.07428329880881,84.70812597001584,10-25 km
Bella_Flor,C4,Tercera Sección - Bella Flor,PUERTO VARGAS ARROYO GRANDE,16.0,99.0,12.155844155844155,19.98608147100141,Sist. Ais.,336.3527770270122,19.98608147100141,96.20667587085894,10-25 km
Bella_Flor,C4,Tercera Sección - Bella Flor,FORTIN,41.0,127.0,31.14935064935065,21.20908695057307,Sist. Ais.,306.4556032591026,21.20908695057307,62.04302916861624,10-25 km
Bella_Flor,C4,Tercera Sección - Bella Flor,MAPAJO,33.0,247.0,25.07142857142857,22.710274447771184,Sist. Ais.,350.7777048195145,22.710274447771184,99.93520140684085,10-25 km
Bella_Flor,C4,Tercera Sección - Bella Flor,MONTE VIDEO,14.0,46.0,10.636363636363637,34.50749088734348,Sist. Ais.,388.74391862941167,34.50749088734348,79.90154697958943,25-50 km
Bella_Flor,C4,Tercera Sección - Bella Flor,MONTEVIDEO PUERTO EVO,23.0,721.0,17.474025974025974,35.6088348178308,Sist. Ais.,388.76503525489426,35.6088348178308,78.83522186620057,25-50 km
Filadelfia,C4,Tercera Sección - Filadelfia,LONDRES,16.0,133.0,14.80373831775701,0.004072291320630912,Sist. Ais.,260.8721717796915,0.004072291320630912,49.80442036592181,<5 km
Filadelfia,C4,Tercera Sección - Filadelfia,FILADELFIA,21.0,368.0,19.429906542056074,0.00781393587905861,Sist. Ais.,275.03994502256046,0.00781393587905861,29.230926705666697,<5 km
Filadelfia,C4,Tercera Sección - Filadelfia,LAGO,24.0,98.0,22.205607476635514,0.00854977750131296,Sist. Ais.,260.307701530479,0.00854977750131296,43.65988083384014,<5 km
Filadelfia,C4,Tercera Sección - Filadelfia,CURICHON,18.0,238.0,16.654205607476634,0.009290505411872726,Sist. Ais.,205.99906172374764,0.009290505411872726,97.71326717596924,<5 km
Filadelfia,C4,Tercera Sección - Filadelfia,CHIVE,24.0,463.0,22.205607476635514,0.009792856309467168,Sist. Ais.,158.7233364684066,0.009792856309467168,146.22083261115668,<5 km
Filadelfia,C4,Tercera Sección - Filadelfia,SOBERANIA BELLA VISTA,37.0,387.0,34.23364485981308,0.015400288752608364,Sist. Ais.,227.3429403850382,0.015400288752608364,91.02198231138382,<5 km
Filadelfia,C4,Tercera Sección - Filadelfia,PURISIMA,15.0,81.0,13.878504672897195,0.01865887978063772,Sist. Ais.,267.6679627675129,0.01865887978063772,37.10643733362157,<5 km
Filadelfia,C4,Tercera Sección - Filadelfia,AMAZONICA,21.0,134.0,19.429906542056074,0.02160986409987237,Sist. Ais.,265.7828330074051,0.02160986409987237,43.31180666674568,<5 km
Filadelfia,C4,Tercera Sección - Filadelfia,NUEVA UNION,7.0,114.0,6.4766355140186915,0.02274610132776674,Sist. Ais.,270.1422144233354,0.02274610132776674,33.62470871745286,<5 km
Filadelfia,C4,Tercera Sección - Filadelfia,BUYUYO 2,11.0,86.0,10.177570093457943,0.027360871967235446,Sist. Ais.,248.11600778831155,0.027360871967235446,58.7607531454365,<5 km
Filadelfia,C4,Tercera Sección - Filadelfia,PETRONILA,3.0,101.0,2.7757009345794392,0.028413557963386418,Sist. Ais.,242.2936929970307,0.028413557963386418,64.42422397701687,<5 km
Filadelfia,C4,Tercera Sección - Filadelfia,REINO DE LOS LOBOS,2.0,15.0,1.8504672897196262,0.0347632056675433,Sist. Ais.,245.35879487571165,0.0347632056675433,61.30782745966669,<5 km
Filadelfia,C4,Tercera Sección - Filadelfia,BUYUYO,11.0,158.0,10.177570093457943,0.037557817583376264,Sist. Ais.,247.87326478792158,0.037557817583376264,58.97871224232365,<5 km
Filadelfia,C4,Tercera Sección - Filadelfia,NUEVA ALIANZA,22.0,88.0,20.355140186915886,0.03850765099197299,Sist. Ais.,264.9180632700419,0.03850765099197299,55.82439986757258,<5 km
Filadelfia,C4,Tercera Sección - Filadelfia,LUZ DE AMERICA,9.0,205.0,8.327102803738317,0.042055000001700774,Sist. Ais.,187.73860880547176,0.042055000001700774,116.60900310355912,<5 km
Filadelfia,C4,Tercera Sección - Filadelfia,ESPIRITU,15.0,126.0,13.878504672897195,0.045589603774677245,Sist. Ais.,232.74230088728956,0.045589603774677245,72.64911679135928,<5 km
Filadelfia,C4,Tercera Sección - Filadelfia,FLORIDA,8.0,184.0,7.401869158878505,0.05971612021533988,Sist. Ais.,180.7455771422951,0.05971612021533988,124.23533289091142,<5 km
Filadelfia,C4,Tercera Sección - Filadelfia,SAN ANTONIO,3.0,65.0,2.7757009345794392,0.06280254852190048,Sist. Ais.,195.16408755808007,0.06280254852190048,47.30500218809031,<5 km
Filadelfia,C4,Tercera Sección - Filadelfia,EMPRESIÑA,8.0,157.0,7.401869158878505,0.06633724453809531,Sist. Ais.,260.58349476603206,0.06633724453809531,46.278124936322335,<5 km
Filadelfia,C4,Tercera Sección - Filadelfia,EL CHORRO,2.0,72.0,1.8504672897196262,0.0800293263235113,Sist. Ais.,222.89070278723693,0.0800293263235113,86.95239719111936,<5 km
Filadelfia,C4,Tercera Sección - Filadelfia,HOLANDA,14.0,132.0,12.953271028037383,0.08270032733339609,Sist. Ais.,228.50825689690586,0.08270032733339609,76.1850673471989,<5 km
Filadelfia,C4,Tercera Sección - Filadelfia,PLANCHON,9.0,74.0,8.327102803738317,0.09978396105933526,Sist. Ais.,264.90086939442955,0.09978396105933526,40.24098972695376,<5 km
Filadelfia,C4,Tercera Sección - Filadelfia,HONDURAS,1.0,40.0,0.9252336448598131,0.10284714438214518,Sist. Ais.,237.40900040741315,0.10284714438214518,69.02328194754843,<5 km
Filadelfia,C4,Tercera Sección - Filadelfia,10 DE NOVIEMBRE,9.0,97.0,8.327102803738317,0.1054323368683312,Sist. Ais.,254.81625958665273,0.1054323368683312,52.247072773129055,<5 km
Filadelfia,C4,Tercera Sección - Filadelfia,VILLA BELLA,14.0,134.0,12.953271028037383,0.11982031257880327,Sist. Ais.,263.3503443606646,0.11982031257880327,40.61841502306077,<5 km
Filadelfia,C4,Tercera Sección - Filadelfia,SAN ANTONIO,6.0,109.0,5.5514018691588785,0.14915489773335858,Sist. Ais.,262.5778971912746,0.14915489773335858,47.30500218809031,<5 km
Filadelfia,C4,Tercera Sección - Filadelfia,19 DE AGOSTO,14.0,76.0,12.953271028037383,0.15842537912908355,Sist. Ais.,265.19526858041087,0.15842537912908355,55.66650868116102,<5 km
Filadelfia,C4,Tercera Sección - Filadelfia,LONDRES II,8.0,68.0,7.401869158878505,0.4062132886537431,Sist. Ais.,259.43196097599457,0.4062132886537431,54.33581891411343,<5 km
Filadelfia,C4,Tercera Sección - Filadelfia,COMPENSACION ESPIRITU I,1.0,7.0,0.9252336448598131,2.060707564628424,Sist. Ais.,245.27217169193977,2.060707564628424,60.73184885684687,<5 km
Filadelfia,C4,Tercera Sección - Filadelfia,CAPERNAUN,2.0,21.0,1.8504672897196262,3.397252510693868,Sist. Ais.,243.62964948885798,3.397252510693868,61.99548572503026,<5 km
Filadelfia,C4,Tercera Sección - Filadelfia,LAGO 2,17.0,51.0,15.728971962616821,3.501906568295005,Sist. Ais.,264.6124448204261,3.501906568295005,39.45100560626243,<5 km
Filadelfia,C4,Tercera Sección - Filadelfia,RIMBER ECUARI,6.0,34.0,5.5514018691588785,5.053486496511826,Sist. Ais.,270.169577936439,5.053486496511826,36.44815051128163,5-10 km
Filadelfia,C4,Tercera Sección - Filadelfia,SAN FRANCISCO DE ASIS,7.0,20.0,6.4766355140186915,6.5289632673264,Sist. Ais.,266.8747263250997,6.5289632673264,47.187683541960254,5-10 km
Filadelfia,C4,Tercera Sección - Filadelfia,GRAN TULAPA,3.0,22.0,2.7757009345794392,6.786397882625297,Sist. Ais.,243.01009026898194,6.786397882625297,61.78931846577955,5-10 km
Filadelfia,C4,Tercera Sección - Filadelfia,GRAN PROGRESO,9.0,54.0,8.327102803738317,6.996711760446482,Sist. Ais.,156.77104953602264,6.996711760446482,147.24360569897163,5-10 km
Filadelfia,C4,Tercera Sección - Filadelfia,MONTECARLO,1.0,51.0,0.9252336448598131,7.403518096015623,Sist. Ais.,241.9746340919768,7.403518096015623,67.92603466313908,5-10 km
Filadelfia,C4,Tercera Sección - Filadelfia,UCIA,43.0,173.0,39.785046728971956,7.773976099325546,Sist. Ais.,239.73641669179392,7.773976099325546,77.44590367821893,5-10 km
Filadelfia,C4,Tercera Sección - Filadelfia,FELIX ROCA,1.0,82.0,0.9252336448598131,7.9450319781994505,Sist. Ais.,264.1768998356993,7.9450319781994505,54.91188814675781,5-10 km
Filadelfia,C4,Tercera Sección - Filadelfia,VILLA SACRIFICIO,10.0,71.0,9.25233644859813,9.024192492832618,Sist. Ais.,262.3337698515507,9.024192492832618,64.2296065924848,5-10 km
Filadelfia,C4,Tercera Sección - Filadelfia,PUERTO SUCRE,11.0,71.0,10.177570093457943,9.120869176258257,Sist. Ais.,253.6249885261678,9.120869176258257,63.20015636847994,5-10 km
Filadelfia,C4,Tercera Sección - Filadelfia,NUEVA HOLANDA,15.0,34.0,13.878504672897195,11.428750394463094,Sist. Ais.,216.10521150328492,11.428750394463094,90.0343747266647,10-25 km
Filadelfia,C4,Tercera Sección - Filadelfia,ESPIRITU II,12.0,93.0,11.102803738317757,13.303902293062398,Sist. Ais.,254.8170668939728,13.303902293062398,68.92679422970267,10-25 km
Filadelfia,C4,Tercera Sección - Filadelfia,LIMON,12.0,107.0,11.102803738317757,13.830327438977116,Sist. Ais.,228.93153601976994,13.830327438977116,75.05033362998925,10-25 km
Filadelfia,C4,Tercera Sección - Filadelfia,VISTA HERMOSA,15.0,42.0,13.878504672897195,14.355817278619124,Sist. Ais.,251.4770014584885,14.355817278619124,56.91023668440293,10-25 km
Filadelfia,C4,Tercera Sección - Filadelfia,SAN FRANCISCO,10.0,56.0,9.25233644859813,15.011208539056787,Sist. Ais.,260.54530750912,15.011208539056787,64.05763877341764,10-25 km
Filadelfia,C4,Tercera Sección - Filadelfia,NUEVA ALEGRIA,9.0,61.0,8.327102803738317,15.322962601043805,Sist. Ais.,245.5297828594896,15.322962601043805,58.88900939631856,10-25 km
Filadelfia,C4,Tercera Sección - Filadelfia,11 DE SEPTIEMBRE,21.0,62.0,19.429906542056074,18.393906993228917,Sist. Ais.,260.7577399659207,18.393906993228917,72.88304779310698,10-25 km
Filadelfia,C4,Tercera Sección - Filadelfia,NUEVA FRONTERA,17.0,19.0,15.728971962616821,18.40233047214894,Sist. Ais.,261.9785274105067,18.40233047214894,65.82488263543209,10-25 km
Filadelfia,C4,Tercera Sección - Filadelfia,NUEVA JERUSALEN,8.0,60.0,7.401869158878505,20.53853066797948,Sist. Ais.,264.7607292096776,20.53853066797948,75.10728716783292,10-25 km
Filadelfia,C4,Tercera Sección - Filadelfia,ALTO MONTE EL PINPOLLO SAMARIA,29.0,94.0,26.83177570093458,23.879811375745646,Sist. Ais.,252.689217900363,23.879811375745646,79.55297248584888,10-25 km
Filadelfia,C4,Tercera Sección - Filadelfia,VILLA PRIMERO DE MAYO,8.0,109.0,7.401869158878505,24.214502089672028,Sist. Ais.,240.63859519872548,24.214502089672028,66.23097191919302,10-25 km
Filadelfia,C4,Tercera Sección - Filadelfia,18 DE NOVIEMBRE,15.0,109.0,13.878504672897195,24.788186708900394,Sist. Ais.,240.42339525883924,24.788186708900394,66.95172495465586,10-25 km
Filadelfia,C4,Tercera Sección - Filadelfia,ALTA GRACIA,1.0,86.0,0.9252336448598131,27.706998212586175,Sist. Ais.,238.24186698262733,27.706998212586175,80.06166563090254,25-50 km
Filadelfia,C4,Tercera Sección - Filadelfia,CATOLICA LA CRUZ,7.0,155.0,6.4766355140186915,48.34804005307951,Sist. Ais.,190.8284152511444,48.34804005307951,112.53811259683604,25-50 km
Ingavi,C4,Segunda Sección - Ingavi,HUMAITA,17.0,554.0,29.384105960264904,30.574084918483514,Sist. Ais.,304.83112458096775,30.574084918483514,0.0983954155780503,25-50 km
Ingavi,C4,Segunda Sección - Ingavi,LAS AMALIAS,3.0,48.0,5.185430463576159,33.11107458799566,Sist. Ais.,308.7478525830373,33.11107458799566,3.9311414195246313,25-50 km
Ingavi,C4,Segunda Sección - Ingavi,SAN JUAN DE NUEVO MUNDO,13.0,69.0,22.470198675496686,34.81515532963927,Sist. Ais.,308.9635914058814,34.81515532963927,7.838327675160487,25-50 km
Ingavi,C4,Segunda Sección - Ingavi,INGAVI,42.0,386.0,72.59602649006622,35.29050929751297,Sist. Ais.,312.29673349652444,35.29050929751297,0.0718569460299164,25-50 km
Ingavi,C4,Segunda Sección - Ingavi,SAN LUIS,2.0,91.0,3.456953642384106,35.675659028318584,Sist. Ais.,304.3933134337104,35.675659028318584,13.661376987511352,25-50 km
Ingavi,C4,Segunda Sección - Ingavi,DERREPENTE,9.0,161.0,15.556291390728477,40.03552137302023,Sist. Ais.,320.19911885769443,40.03552137302023,12.280321562514397,25-50 km
Ingavi,C4,Segunda Sección - Ingavi,GENESIS UNIDO,7.0,26.0,12.099337748344372,45.83894673035316,Sist. Ais.,324.6804578953512,45.83894673035316,20.284430055029137,25-50 km
Ingavi,C4,Segunda Sección - Ingavi,CONFLICTO,9.0,151.0,15.556291390728477,45.91443893685295,Sist. Ais.,347.1547082452848,45.91443893685295,42.62979509650902,25-50 km
Ingavi,C4,Segunda Sección - Ingavi,PUERTO SUCRE,14.0,57.0,24.198675496688743,50.67912227590329,Sist. Ais.,324.7459510692569,50.67912227590329,24.95058599089008,>50 km
Ingavi,C4,Segunda Sección - Ingavi,SANTA CLAUDIA,5.0,29.0,8.642384105960266,53.19094624377257,Sist. Ais.,336.98505718523904,53.19094624377257,30.478982428658856,>50 km
Ingavi,C4,Segunda Sección - Ingavi,11 DE OCTUBRE,3.0,22.0,5.185430463576159,60.015427988468694,Sist. Ais.,377.3905645852452,60.015427988468694,74.84172398100142,>50 km
Ingavi,C4,Segunda Sección - Ingavi,JERUSALEN,15.0,73.0,25.927152317880793,64.47060732879345,Sist. Ais.,372.670693642196,64.47060732879345,68.0090529718373,>50 km
Ingavi,C4,Segunda Sección - Ingavi,TAJIBO,12.0,60.0,20.741721854304636,79.0251395586302,Sist. Ais.,398.0401071707709,79.0251395586302,95.20762936189617,>50 km
Nueva_Esperanza,C4,Primera Sección - Nueva Esperanza,PUERTO CONSUELO II,17.0,216.0,12.645320197044335,1.0694581196950332,Sist. Ais.,294.1243232348333,1.0694581196950332,1.8040097389075729,<5 km
Nueva_Esperanza,C4,Primera Sección - Nueva Esperanza,PUERTO CONSUELO I,29.0,92.0,21.57142857142857,6.895524624497626,Sist. Ais.,295.33843631304876,6.895524624497626,7.213943380082009,5-10 km
Nueva_Esperanza,C4,Primera Sección - Nueva Esperanza,ASERRADERO LOS INDIOS,3.0,145.0,2.231527093596059,11.220701437124731,Sist. Ais.,302.2521718274875,11.220701437124731,11.210261866637644,10-25 km
Nueva_Esperanza,C4,Primera Sección - Nueva Esperanza,LA GRAN CRUZ,19.0,124.0,14.133004926108374,27.552375529300367,Sist. Ais.,305.6263779440501,27.552375529300367,27.81117201228249,25-50 km
Nueva_Esperanza,C4,Primera Sección - Nueva Esperanza,NUEVA UNION,51.0,315.0,37.93596059113301,37.26559495908736,Sist. Ais.,325.580549666769,37.26559495908736,37.26644827026421,25-50 km
Nueva_Esperanza,C4,Primera Sección - Nueva Esperanza,16 DE MAYO,9.0,208.0,6.694581280788178,37.47540853135139,Sist. Ais.,325.9130285058743,37.47540853135139,37.47789175163105,25-50 km
Nueva_Esperanza,C4,Primera Sección - Nueva Esperanza,EL TIGRE,22.0,55.0,16.364532019704434,37.76473699365205,Sist. Ais.,322.55233429763103,37.76473699365205,37.75800654683214,25-50 km
Nueva_Esperanza,C4,Primera Sección - Nueva Esperanza,ARCA DE ISRAEL,38.0,237.0,28.266009852216747,42.287267147615914,Sist. Ais.,315.18118874887733,42.287267147615914,42.49885853482343,25-50 km
Nueva_Esperanza,C4,Primera Sección - Nueva Esperanza,LA LOMA,1.0,21.0,0.7438423645320197,45.825687364088736,Sist. Ais.,332.32648672870397,45.825687364088736,45.81883793160469,25-50 km
Nueva_Esperanza,C4,Primera Sección - Nueva Esperanza,NUEVA ESPERANZA,14.0,655.0,10.413793103448276,59.26064102624858,Sist. Ais.,336.7904521367077,59.26064102624858,59.26567671446194,>50 km
Porvenir,C4,Primera Sección - Porvenir,PORVENIR,94.0,4391.0,54.11351351351352,0.004681977065074185,Sist. Ais.,285.9288341833823,0.004681977065074185,18.44460698920713,<5 km
Porvenir,C4,Primera Sección - Porvenir,COLORADO,13.0,125.0,7.483783783783784,0.004831432095126077,Sist. Ais.,285.6555319270781,0.004831432095126077,18.48308657202596,<5 km
Porvenir,C4,Primera Sección - Porvenir,5 DE AGOSTO,10.0,153.0,5.756756756756757,0.007710941428282584,Sist. Ais.,291.2495680919169,0.007710941428282584,14.360830532987066,<5 km
Porvenir,C4,Primera Sección - Porvenir,NUEVA ESPERANZA,12.0,137.0,6.908108108108109,0.008229690931117107,Sist. Ais.,284.8430951476776,0.008229690931117107,20.74794345139255,<5 km
Porvenir,C4,Primera Sección - Porvenir,COCAMITA,7.0,181.0,4.02972972972973,0.008590842085355243,Sist. Ais.,289.19797479471544,0.008590842085355243,16.099745961091525,<5 km
Porvenir,C4,Primera Sección - Porvenir,CACHUELITA BAJO,8.0,122.0,4.605405405405405,0.0463689895224187,Sist. Ais.,282.55687800871283,0.0463689895224187,21.206107354180656,<5 km
Porvenir,C4,Primera Sección - Porvenir,VILLA ROJAS,42.0,1231.0,24.17837837837838,0.058910622895574236,Sist. Ais.,288.20602716443256,0.058910622895574236,15.549576060188569,<5 km
Porvenir,C4,Primera Sección - Porvenir,SANTA FE,26.0,116.0,14.967567567567569,0.08242840340651725,Sist. Ais.,288.31739330351655,0.08242840340651725,15.677905883321516,<5 km
Porvenir,C4,Primera Sección - Porvenir,TRINCHERA,13.0,171.0,7.483783783783784,0.1183673599489279,Sist. Ais.,290.5860761411087,0.1183673599489279,29.787777900252188,<5 km
Porvenir,C4,Primera Sección - Porvenir,AGUA RICA,23.0,156.0,13.240540540540541,0.13928739022714018,Sist. Ais.,292.9916699074213,0.13928739022714018,11.132630983632858,<5 km
Porvenir,C4,Primera Sección - Porvenir,SAN JORGE,9.0,60.0,5.181081081081081,0.23130588606089597,Sist. Ais.,286.6802383692924,0.23130588606089597,17.229608593862277,<5 km
Porvenir,C4,Primera Sección - Porvenir,SAN LUIS,12.0,127.0,6.908108108108109,0.2755196574563058,Sist. Ais.,285.7608111035693,0.2755196574563058,27.786926597390245,<5 km
Porvenir,C4,Primera Sección - Porvenir,GRAN CHACO,10.0,43.0,5.756756756756757,0.5136614929567195,Sist. Ais.,289.71512648401375,0.5136614929567195,14.43665681348035,<5 km
Porvenir,C4,Primera Sección - Porvenir,CACHUELITA ALTA,10.0,147.0,5.756756756756757,0.5552530182764865,Sist. Ais.,286.1622514354807,0.5552530182764865,17.552951361823848,<5 km
Porvenir,C4,Primera Sección - Porvenir,TRES BARRACAS,3.0,51.0,1.7270270270270272,1.3908996864534304,Sist. Ais.,286.43046920582503,1.3908996864534304,21.47400463340147,<5 km
Porvenir,C4,Primera Sección - Porvenir,EL CEDRO,2.0,19.0,1.1513513513513514,2.8263488046884984,Sist. Ais.,291.32716456923214,2.8263488046884984,19.297819059109788,<5 km
Porvenir,C4,Primera Sección - Porvenir,VILLA MARIETA,8.0,40.0,4.605405405405405,5.120034132195242,Sist. Ais.,296.05307776382386,5.120034132195242,26.35661909651637,5-10 km
Porvenir,C4,Primera Sección - Porvenir,SAN JOSE,11.0,161.0,6.332432432432433,6.7228078990545015,Sist. Ais.,294.9472160783405,6.7228078990545015,24.240998859315248,5-10 km
Porvenir,C4,Primera Sección - Porvenir,NUEVA VIDA,10.0,125.0,5.756756756756757,6.859128780982459,Sist. Ais.,296.53851170573796,6.859128780982459,15.465415420107954,5-10 km
Porvenir,C4,Primera Sección - Porvenir,SAN LUIS,15.0,83.0,8.635135135135135,8.258669929802721,Sist. Ais.,236.02487180158045,8.258669929802721,27.786926597390245,5-10 km
Porvenir,C4,Primera Sección - Porvenir,BUENA VISTA,13.0,95.0,7.483783783783784,10.001721712746782,Sist. Ais.,292.58742296084273,10.001721712746782,21.323143458162463,10-25 km
Porvenir,C4,Primera Sección - Porvenir,CAMPO ANA,13.0,116.0,7.483783783783784,10.53261617311902,Sist. Ais.,288.20511009932426,10.53261617311902,22.40041852828742,10-25 km
Porvenir,C4,Primera Sección - Porvenir,CASTAÑERA,6.0,92.0,3.4540540540540543,10.949226412871568,Sist. Ais.,287.3970719325036,10.949226412871568,26.58045486278023,10-25 km
Puerto_Rico,C4,Primera Sección - Puerto Rico,AVAROA,7.0,129.0,4.559118236472946,0.004432440166162261,Sist. Ais.,295.96270211395705,0.004432440166162261,44.39943984804035,<5 km
Puerto_Rico,C4,Primera Sección - Puerto Rico,LOS ANGELES,6.0,64.0,3.907815631262525,0.009341881642298142,Sist. Ais.,284.88727978140395,0.009341881642298142,27.59279843828105,<5 km
Puerto_Rico,C4,Primera Sección - Puerto Rico,CAMPEONES,21.0,152.0,13.677354709418838,0.03142988935326844,Sist. Ais.,290.7980571582059,0.03142988935326844,28.15279698967119,<5 km
Puerto_Rico,C4,Primera Sección - Puerto Rico,MOTACUZAL,11.0,63.0,7.16432865731463,0.03796177146201129,Sist. Ais.,286.8513451604604,0.03796177146201129,26.85828940502117,<5 km
Puerto_Rico,C4,Primera Sección - Puerto Rico,JERICO,14.0,128.0,9.118236472945892,0.09492636015184121,Sist. Ais.,284.8852532409802,0.09492636015184121,20.18952777046046,<5 km
Puerto_Rico,C4,Primera Sección - Puerto Rico,ARROYO SECO,1.0,32.0,0.6513026052104208,0.11292159326441437,Sist. Ais.,297.06009482390476,0.11292159326441437,47.60405429766559,<5 km
Puerto_Rico,C4,Primera Sección - Puerto Rico,BATRAJA,32.0,264.0,20.841683366733466,0.17162401681827455,Sist. Ais.,284.2776778069676,0.17162401681827455,22.418637774106152,<5 km
Puerto_Rico,C4,Primera Sección - Puerto Rico,SAN ANTONIO EL MATI,6.0,238.0,3.907815631262525,0.18608376272463628,Sist. Ais.,282.4661729438653,0.18608376272463628,26.314884739629058,<5 km
Puerto_Rico,C4,Primera Sección - Puerto Rico,NUEVA JERUSALEN,17.0,84.0,11.072144288577155,0.19083982983346703,Sist. Ais.,289.3900069254732,0.19083982983346703,40.31525245037847,<5 km
Puerto_Rico,C4,Primera Sección - Puerto Rico,CONQUISTA,10.0,504.0,6.513026052104208,0.1999035150449466,Sist. Ais.,282.7278052839839,0.1999035150449466,21.172810028567355,<5 km
Puerto_Rico,C4,Primera Sección - Puerto Rico,PUERTO RICO,89.0,2733.0,57.965931863727455,0.2459652497398414,Sist. Ais.,298.8954340418646,0.2459652497398414,53.81104279483073,<5 km
Puerto_Rico,C4,Primera Sección - Puerto Rico,MANDARINO,4.0,163.0,2.6052104208416833,1.6873098074688837,Sist. Ais.,285.5245044361938,1.6873098074688837,33.04663569242896,<5 km
Puerto_Rico,C4,Primera Sección - Puerto Rico,PUERTO MADRE DE DIOS,3.0,64.0,1.9539078156312626,1.7925680531770327,Sist. Ais.,266.73612212742233,1.7925680531770327,2.1565366521019547,<5 km
Puerto_Rico,C4,Primera Sección - Puerto Rico,EL PIÑAL,1.0,4.0,0.6513026052104208,3.7590628506768202,Sist. Ais.,292.91711583677903,3.7590628506768202,36.59071502874736,<5 km
Puerto_Rico,C4,Primera Sección - Puerto Rico,LA ESPERANZA,4.0,5.0,2.6052104208416833,4.929719204518715,Sist. Ais.,295.1298584620695,4.929719204518715,33.950265845657405,<5 km
Puerto_Rico,C4,Primera Sección - Puerto Rico,IRAK,15.0,117.0,9.769539078156312,5.2444938173004845,Sist. Ais.,278.8283571051455,5.2444938173004845,14.14436189469337,5-10 km
Puerto_Rico,C4,Primera Sección - Puerto Rico,NACEBECITO,12.0,81.0,7.81563126252505,5.671297227341397,Sist. Ais.,295.52914584892585,5.671297227341397,31.13184925911572,5-10 km
Puerto_Rico,C4,Primera Sección - Puerto Rico,MAPIMEJE,2.0,8.0,1.3026052104208417,6.801773390069309,Sist. Ais.,293.199455224142,6.801773390069309,34.726605337665696,5-10 km
Puerto_Rico,C4,Primera Sección - Puerto Rico,FLORIDA,19.0,52.0,12.374749498997996,7.089287716987203,Sist. Ais.,291.0330252924151,7.089287716987203,49.56542154153928,5-10 km
Puerto_Rico,C4,Primera Sección - Puerto Rico,JAPA,1.0,7.0,0.6513026052104208,7.854426447060819,Sist. Ais.,294.9728083076013,7.854426447060819,35.86294264788025,5-10 km
Puerto_Rico,C4,Primera Sección - Puerto Rico,SACRIFICIO,8.0,176.0,5.210420841683367,8.692444535543416,Sist. Ais.,275.3848935578963,8.692444535543416,11.601803666194204,5-10 km
Puerto_Rico,C4,Primera Sección - Puerto Rico,TRINIDACITO,3.0,12.0,1.9539078156312626,11.8974145302609,Sist. Ais.,310.0628797715983,11.8974145302609,48.65337103361588,10-25 km
Puerto_Rico,C4,Primera Sección - Puerto Rico,DESLINDE,5.0,41.0,3.256513026052104,12.92617609916942,Sist. Ais.,291.61486703253865,12.92617609916942,33.836149556067355,10-25 km
Puerto_Rico,C4,Primera Sección - Puerto Rico,PENINSULA,2.0,8.0,1.3026052104208417,15.356149484344698,Sist. Ais.,307.3328686731581,15.356149484344698,45.062769168821326,10-25 km
Puerto_Rico,C4,Primera Sección - Puerto Rico,BOLIVAR,1.0,8.0,0.6513026052104208,15.369503247042154,Sist. Ais.,278.5762251312622,15.369503247042154,45.02721273373408,10-25 km
Puerto_Rico,C4,Primera Sección - Puerto Rico,FLORENCIA,1.0,3.0,0.6513026052104208,15.613692533985269,Sist. Ais.,257.5326286342853,15.613692533985269,16.370955126908296,10-25 km
Puerto_Rico,C4,Primera Sección - Puerto Rico,SANTA ANA DEL TATU,2.0,103.0,1.3026052104208417,16.56173049196124,Sist. Ais.,277.22582102953663,16.56173049196124,75.39381310532231,10-25 km
Puerto_Rico,C4,Primera Sección - Puerto Rico,SAN JUAN,4.0,33.0,2.6052104208416833,16.90392884109661,Sist. Ais.,294.55411614578185,16.90392884109661,37.74010152378381,10-25 km
Puerto_Rico,C4,Primera Sección - Puerto Rico,CASCABELES,5.0,30.0,3.256513026052104,17.89080560800216,Sist. Ais.,296.5920674746907,17.89080560800216,37.02973731886877,10-25 km
Puerto_Rico,C4,Primera Sección - Puerto Rico,LITORAL,7.0,29.0,4.559118236472946,18.30380638214324,Sist. Ais.,276.04995564962866,18.30380638214324,45.8234557102913,10-25 km
Puerto_Rico,C4,Primera Sección - Puerto Rico,BRUNO RACUA,13.0,47.0,8.46693386773547,18.47768406389292,Sist. Ais.,292.5417220883534,18.47768406389292,36.39086480412566,10-25 km
Puerto_Rico,C4,Primera Sección - Puerto Rico,BUENA VENTURA,5.0,35.0,3.256513026052104,19.16541512812625,Sist. Ais.,260.58401820194865,19.16541512812625,19.767687691177443,10-25 km
Puerto_Rico,C4,Primera Sección - Puerto Rico,KIOSCO,6.0,21.0,3.907815631262525,22.132505236829488,Sist. Ais.,275.0034633108969,22.132505236829488,50.64487018592222,10-25 km
Puerto_Rico,C4,Primera Sección - Puerto Rico,COCAL,14.0,142.0,9.118236472945892,23.588763310930286,Sist. Ais.,304.04141164239087,23.588763310930286,33.92654302907289,10-25 km
Puerto_Rico,C4,Primera Sección - Puerto Rico,SANTA MARIA,8.0,50.0,5.210420841683367,23.599167079133718,Sist. Ais.,273.61982611770304,23.599167079133718,62.41362988052386,10-25 km
Puerto_Rico,C4,Primera Sección - Puerto Rico,CANAN AGUADA,11.0,52.0,7.16432865731463,24.566098522027737,Sist. Ais.,298.37807707428897,24.566098522027737,30.05242896489246,10-25 km
Puerto_Rico,C4,Primera Sección - Puerto Rico,PUERTO CARDENAS,2.0,6.0,1.3026052104208417,26.344396375970753,Sist. Ais.,269.9650825443154,26.344396375970753,56.61636879892001,25-50 km
Puerto_Rico,C4,Primera Sección - Puerto Rico,PROVIDENCIA,1.0,18.0,0.6513026052104208,26.65777433137254,Sist. Ais.,261.1997802189826,26.65777433137254,36.6065943288625,25-50 km
Puerto_Rico,C4,Primera Sección - Puerto Rico,INDEPENDENCIA,7.0,66.0,4.559118236472946,27.839585351256023,Sist. Ais.,259.5558399801345,27.839585351256023,36.60141459668453,25-50 km
Puerto_Rico,C4,Primera Sección - Puerto Rico,MANCHESTER,12.0,42.0,7.81563126252505,30.60584332179751,Sist. Ais.,258.9512204315142,30.60584332179751,75.49541181669325,25-50 km
Puerto_Rico,C4,Primera Sección - Puerto Rico,EL CARMEN,61.0,22.0,39.72945891783567,30.673152422278775,Sist. Ais.,259.0903509152151,30.673152422278775,75.13127237270484,25-50 km
Puerto_Rico,C4,Primera Sección - Puerto Rico,NUEVA VIDA,10.0,32.0,6.513026052104208,31.49935538994808,Sist. Ais.,265.45610729077964,31.49935538994808,61.16089827661194,25-50 km
Puerto_Rico,C4,Primera Sección - Puerto Rico,HIROSHIMA,14.0,38.0,9.118236472945892,33.34145902343985,Sist. Ais.,261.28034364409046,33.34145902343985,66.75883364860718,25-50 km
Puerto_Rico,C4,Primera Sección - Puerto Rico,PUERTO AMERICA,7.0,74.0,4.559118236472946,34.712515978120436,Sist. Ais.,252.01129747305066,34.712515978120436,81.64360773934773,25-50 km
Puerto_Rico,C4,Primera Sección - Puerto Rico,VICTORIA,1.0,20.0,0.6513026052104208,35.91352420318777,Sist. Ais.,313.44636419276185,35.91352420318777,23.622238430258207,25-50 km
Puerto_Rico,C4,Primera Sección - Puerto Rico,ALIANZA,11.0,40.0,7.16432865731463,36.66095048120904,Sist. Ais.,250.5870773978196,36.66095048120904,79.62160814560258,25-50 km
Puerto_Rico,C4,Primera Sección - Puerto Rico,CAMACHO,1.0,14.0,0.6513026052104208,39.26206127814715,Sist. Ais.,252.5880290296957,39.26206127814715,47.24720349933644,25-50 km
Puerto_Rico,C4,Primera Sección - Puerto Rico,LAS ARENAS,2.0,31.0,1.3026052104208417,39.80558742614102,Sist. Ais.,252.1108969845486,39.80558742614102,47.63548631426045,25-50 km
San_Lorenzo,C4,Segunda Sección - San Lorenzo,NARANJAL,7.0,426.0,3.734982332155477,0.0039301835402918445,Sist. Ais.,250.24956037328445,0.0039301835402918445,30.110247464445983,<5 km
San_Lorenzo,C4,Segunda Sección - San Lorenzo,VISTA ALEGRE,8.0,361.0,4.268551236749117,0.03302691558673511,Sist. Ais.,266.12975641995877,0.03302691558673511,17.863047616533112,<5 km
San_Lorenzo,C4,Segunda Sección - San Lorenzo,BLANCA FLOR,13.0,1306.0,6.936395759717315,0.03482391385508113,Sist. Ais.,233.48785582962262,0.03482391385508113,43.05201910298214,<5 km
San_Lorenzo,C4,Segunda Sección - San Lorenzo,GENECHIQUIA,36.0,350.0,19.208480565371023,0.08432151093033696,Sist. Ais.,281.2343828921643,0.08432151093033696,29.35354388378751,<5 km
San_Lorenzo,C4,Segunda Sección - San Lorenzo,SANTA ELENA,33.0,210.0,17.607773851590107,0.08714596567025311,Sist. Ais.,255.7624489759171,0.08714596567025311,22.421993238816757,<5 km
San_Lorenzo,C4,Segunda Sección - San Lorenzo,LORETO,4.0,186.0,2.1342756183745584,0.1259878652667654,Sist. Ais.,279.11254650362065,0.1259878652667654,33.17314988226644,<5 km
San_Lorenzo,C4,Segunda Sección - San Lorenzo,NUEVA ESPERANZA,1.0,100.0,0.5335689045936396,0.1613170365608272,Sist. Ais.,250.9907021327434,0.1613170365608272,28.70402241055328,<5 km
San_Lorenzo,C4,Segunda Sección - San Lorenzo,NUEVO HORIZONTE,6.0,71.0,3.2014134275618376,0.19657467670421605,Sist. Ais.,255.09531246491034,0.19657467670421605,44.58698466733699,<5 km
San_Lorenzo,C4,Segunda Sección - San Lorenzo,PALESTINA,7.0,187.0,3.734982332155477,0.1998269599319047,Sist. Ais.,281.8518681548772,0.1998269599319047,26.951920130981968,<5 km
San_Lorenzo,C4,Segunda Sección - San Lorenzo,LOS REYES,16.0,102.0,8.537102473498233,0.2861686635769537,Sist. Ais.,237.7654997877158,0.2861686635769537,37.88753357767901,<5 km
San_Lorenzo,C4,Segunda Sección - San Lorenzo,SAN MARTIN,14.0,117.0,7.469964664310954,0.8351533740726772,Sist. Ais.,282.0506146091838,0.8351533740726772,26.26930093944759,<5 km
San_Lorenzo,C4,Segunda Sección - San Lorenzo,REMANSO,7.0,77.0,3.734982332155477,0.9040819464872725,Sist. Ais.,280.247087483246,0.9040819464872725,30.87775164215424,<5 km
San_Lorenzo,C4,Segunda Sección - San Lorenzo,NAVIDAD,21.0,127.0,11.20494699646643,1.1576420617696976,Sist. Ais.,262.5734848806428,1.1576420617696976,33.53840380329922,<5 km
San_Lorenzo,C4,Segunda Sección - San Lorenzo,SAMARIA,29.0,139.0,15.47349823321555,1.4373880366144585,Sist. Ais.,252.6886636767999,1.4373880366144585,26.671540381549963,<5 km
San_Lorenzo,C4,Segunda Sección - San Lorenzo,SANTA MARIA,8.0,65.0,4.268551236749117,1.5060804842509012,Sist. Ais.,247.6359193055302,1.5060804842509012,28.935660828006924,<5 km
San_Lorenzo,C4,Segunda Sección - San Lorenzo,GALILEA,3.0,463.0,1.6007067137809188,1.6591496641340502,Sist. Ais.,251.64146829419784,1.6591496641340502,17.196091600380786,<5 km
San_Lorenzo,C4,Segunda Sección - San Lorenzo,NANAGUA,8.0,43.0,4.268551236749117,1.7213765092462208,Sist. Ais.,282.2996613974011,1.7213765092462208,25.485361726822077,<5 km
San_Lorenzo,C4,Segunda Sección - San Lorenzo,VIÑA DEL RIO,5.0,191.0,2.667844522968198,3.085192357942196,Sist. Ais.,231.02716683714962,3.085192357942196,46.50255156395652,<5 km
San_Lorenzo,C4,Segunda Sección - San Lorenzo,COPACABANA,5.0,25.0,2.667844522968198,5.585728829558041,Sist. Ais.,251.02500010012892,5.585728829558041,45.670380866875135,5-10 km
San_Lorenzo,C4,Segunda Sección - San Lorenzo,PUERTO COPACABANA,26.0,219.0,13.87279151943463,6.999531552815245,Sist. Ais.,248.1819949270613,6.999531552815245,48.77697816232696,5-10 km
San_Lorenzo,C4,Segunda Sección - San Lorenzo,SANTA ANITA,1.0,2.0,0.5335689045936396,7.572366479542287,Sist. Ais.,230.57347650675376,7.572366479542287,50.56247878561079,5-10 km
San_Lorenzo,C4,Segunda Sección - San Lorenzo,EXALTACION,24.0,214.0,12.80565371024735,9.028990587682555,Sist. Ais.,258.28051785982655,9.028990587682555,32.51126903253019,5-10 km
San_Lorenzo,C4,Segunda Sección - San Lorenzo,VENECIA,15.0,67.0,8.003533568904594,11.14820455278636,Sist. Ais.,288.8739280302455,11.14820455278636,21.69487571633018,10-25 km
San_Lorenzo,C4,Segunda Sección - San Lorenzo,TRIGALITO,1.0,26.0,0.5335689045936396,11.331689132738667,Sist. Ais.,223.35221955706115,11.331689132738667,54.26888183021664,10-25 km
San_Lorenzo,C4,Segunda Sección - San Lorenzo,SAN SALVADOR,3.0,410.0,1.6007067137809188,11.687829886739415,Sist. Ais.,274.89260054583264,11.687829886739415,36.36162510732071,10-25 km
San_Lorenzo,C4,Segunda Sección - San Lorenzo,LITUANIA,7.0,54.0,3.734982332155477,12.005013459436716,Sist. Ais.,240.61438360880834,12.005013459436716,50.91182431161232,10-25 km
San_Lorenzo,C4,Segunda Sección - San Lorenzo,BRIGIDA,9.0,130.0,4.802120141342756,12.046605765822646,Sist. Ais.,248.9383311110477,12.046605765822646,38.66487352574414,10-25 km
San_Lorenzo,C4,Segunda Sección - San Lorenzo,IBERIA,5.0,121.0,2.667844522968198,12.699099270374104,Sist. Ais.,235.31009422006346,12.699099270374104,55.324662762455525,10-25 km
San_Lorenzo,C4,Segunda Sección - San Lorenzo,SINAI,28.0,173.0,14.939929328621908,14.38846103491433,Sist. Ais.,275.35490286942996,14.38846103491433,32.62729541073567,10-25 km
San_Lorenzo,C4,Segunda Sección - San Lorenzo,TRINIDACITO,57.0,619.0,30.413427561837455,14.793132494058684,Sist. Ais.,277.574175267225,14.793132494058684,0.2155554461885885,10-25 km
San_Lorenzo,C4,Segunda Sección - San Lorenzo,SAN LORENZO,21.0,101.0,11.20494699646643,18.68776994112393,Sist. Ais.,216.0237021761833,18.68776994112393,53.08370270185355,10-25 km
San_Lorenzo,C4,Segunda Sección - San Lorenzo,BITUMBO,8.0,112.0,4.268551236749117,37.0518340880978,Sist. Ais.,196.24091890016078,37.0518340880978,73.24525844306335,25-50 km
San_Lorenzo,C4,Segunda Sección - San Lorenzo,SAN JORGE,16.0,90.0,8.537102473498233,39.252292789931836,Sist. Ais.,194.3957098850833,39.252292789931836,73.53776841328008,25-50 km
San_Lorenzo,C4,Segunda Sección - San Lorenzo,CHARAL,33.0,159.0,17.607773851590107,42.7941654182114,Sist. Ais.,192.24999488873624,42.7941654182114,73.83566401191777,25-50 km
San_Lorenzo,C4,Segunda Sección - San Lorenzo,FORTALEZA,64.0,320.0,34.148409893992934,52.54692285554989,Sist. Ais.,182.77158681597817,52.54692285554989,82.67470870815721,>50 km
San_Lorenzo,C4,Segunda Sección - San Lorenzo,ROSARIO,13.0,66.0,6.936395759717315,62.816349798346025,Sist. Ais.,170.93740039780073,62.816349798346025,95.35898172895328,>50 km
San_Lorenzo,C4,Segunda Sección - San Lorenzo,SAN ANTONIO,4.0,41.0,2.1342756183745584,75.98233296960338,Sist. Ais.,158.37707750442632,75.98233296960338,106.8983255934939,>50 km
San_Pedro,C4,Segunda Sección - San Pedro,VALPARAISO,48.0,238.0,41.97156398104265,6.2551563992873715,Sist. Ais.,278.2163600772129,6.2551563992873715,8.259264470093283,5-10 km
San_Pedro,C4,Segunda Sección - San Pedro,TRES ISLAS,28.0,154.0,24.483412322274884,6.836868798793387,Sist. Ais.,279.8999359984782,6.836868798793387,14.641874321967045,5-10 km
San_Pedro,C4,Segunda Sección - San Pedro,SANTA ROSA,33.0,144.0,28.855450236966824,11.324620974790339,Sist. Ais.,285.1743906272126,11.324620974790339,15.810632179650632,10-25 km
San_Pedro,C4,Segunda Sección - San Pedro,BARRACON,26.0,210.0,22.734597156398102,11.50937083923596,Sist. Ais.,285.8660878005876,11.50937083923596,16.660306940151155,10-25 km
San_Pedro,C4,Segunda Sección - San Pedro,MANGALITO,38.0,230.0,33.22748815165877,15.516644150915505,Sist. Ais.,288.96555547406933,15.516644150915505,18.9850598676806,10-25 km
San_Pedro,C4,Segunda Sección - San Pedro,EL CARMEN,37.0,256.0,32.35308056872038,16.595941793893523,Sist. Ais.,290.32334278985354,16.595941793893523,20.13733606339669,10-25 km
San_Pedro,C4,Segunda Sección - San Pedro,MARAVILLA,26.0,77.0,22.734597156398102,16.931666501810643,Sist. Ais.,292.4555249278543,16.931666501810643,29.11000808736512,10-25 km
San_Pedro,C4,Segunda Sección - San Pedro,TRES ESTRELLAS,5.0,155.0,4.372037914691943,17.21477267047513,Sist. Ais.,291.0819320426848,17.21477267047513,14.741541415486909,10-25 km
San_Pedro,C4,Segunda Sección - San Pedro,LOMA VELARDE,35.0,284.0,30.604265402843602,18.775713465842998,Sist. Ais.,293.0846227135238,18.775713465842998,23.92350771271056,10-25 km
San_Pedro,C4,Segunda Sección - San Pedro,PALLAR,10.0,199.0,8.744075829383887,18.98476586537306,Sist. Ais.,293.1175368375067,18.98476586537306,24.197585465071235,10-25 km
San_Pedro,C4,Segunda Sección - San Pedro,SANTA ANA,32.0,201.0,27.98104265402844,21.262776714833063,Sist. Ais.,292.89119362487475,21.262776714833063,18.565483256434234,10-25 km
San_Pedro,C4,Segunda Sección - San Pedro,NUEVA ESPERANZA,1.0,14.0,0.8744075829383887,21.641627168006004,Sist. Ais.,295.7079247676341,21.641627168006004,9.812505212212724,10-25 km
San_Pedro,C4,Segunda Sección - San Pedro,FORTALEZA,31.0,206.0,27.106635071090047,23.15280366175136,Sist. Ais.,297.09084638841006,23.15280366175136,12.750590322295904,10-25 km
San_Pedro,C4,Segunda Sección - San Pedro,FLOR ESPERANZA,2.0,32.0,1.7488151658767774,23.36013423239496,Sist. Ais.,297.3833451593148,23.36013423239496,8.087376974912427,10-25 km
San_Pedro,C4,Segunda Sección - San Pedro,12 DE MARZO,31.0,174.0,27.106635071090047,26.839421043382245,Sist. Ais.,302.3997767201776,26.839421043382245,9.857327887631005,25-50 km
San_Pedro,C4,Segunda Sección - San Pedro,CAYUSAL,30.0,196.0,26.232227488151658,27.800560881653688,Sist. Ais.,302.00832114947013,27.800560881653688,4.412038244560756,25-50 km
San_Pedro,C4,Segunda Sección - San Pedro,LA PAZ,9.0,154.0,7.869668246445499,33.60697556825164,Sist. Ais.,310.2066355253918,33.60697556825164,2.0794015900509337,25-50 km
Santa_Rosa_Pando,C4,Primera Sección - Santa Rosa del Abuná,NACEBE,1.0,162.0,0.6772727272727272,0.0007449728860776324,Sist. Ais.,316.3660800043669,0.0007449728860776324,60.755184957961625,<5 km
Santa_Rosa_Pando,C4,Primera Sección - Santa Rosa del Abuná,LAS ABEJAS II,14.0,82.0,9.48181818181818,0.0013612602813844793,Sist. Ais.,335.1770607554994,0.0013612602813844793,73.91560857995462,<5 km
Santa_Rosa_Pando,C4,Primera Sección - Santa Rosa del Abuná,SANTA ROSA,29.0,646.0,19.64090909090909,0.004933790002301001,Sist. Ais.,354.92225029573797,0.004933790002301001,78.19197894309276,<5 km
Santa_Rosa_Pando,C4,Primera Sección - Santa Rosa del Abuná,BERNARDINO RACUA,17.0,133.0,11.513636363636364,0.007684223616828824,Sist. Ais.,349.93204677776515,0.007684223616828824,69.67598212310422,<5 km
Santa_Rosa_Pando,C4,Primera Sección - Santa Rosa del Abuná,SIMON BOLIVAR,9.0,16.0,6.095454545454546,0.012444922082275923,Sist. Ais.,354.3289595652804,0.012444922082275923,61.191259250930834,<5 km
Santa_Rosa_Pando,C4,Primera Sección - Santa Rosa del Abuná,MONTERREY,6.0,96.0,4.0636363636363635,0.014084567354395656,Sist. Ais.,339.25232142497987,0.014084567354395656,74.86162763964478,<5 km
Santa_Rosa_Pando,C4,Primera Sección - Santa Rosa del Abuná,DOS LAGOS,18.0,67.0,12.190909090909091,0.02122936837865391,Sist. Ais.,315.96002839932186,0.02122936837865391,60.05077588138472,<5 km
Santa_Rosa_Pando,C4,Primera Sección - Santa Rosa del Abuná,1RO DE MAYO,3.0,429.0,2.0318181818181817,0.025620747403018833,Sist. Ais.,325.7539199451061,0.025620747403018833,72.20773227706677,<5 km
Santa_Rosa_Pando,C4,Primera Sección - Santa Rosa del Abuná,LAS ABEJAS,7.0,97.0,4.74090909090909,0.0320908332633664,Sist. Ais.,330.99559791085665,0.0320908332633664,73.23766687471081,<5 km
Santa_Rosa_Pando,C4,Primera Sección - Santa Rosa del Abuná,PUERTO MORALES AYMA,59.0,347.0,39.95909090909091,0.049889311428830185,Sist. Ais.,314.5044787316914,0.049889311428830185,58.13485149500862,<5 km
Santa_Rosa_Pando,C4,Primera Sección - Santa Rosa del Abuná,ALTO BAHIA II,31.0,102.0,20.995454545454542,8.588287549878975,Sist. Ais.,324.5151707813946,8.588287549878975,60.726790231287445,5-10 km
Santa_Rosa_Pando,C4,Primera Sección - Santa Rosa del Abuná,COPACABANA,10.0,33.0,6.7727272727272725,12.105802343102898,Sist. Ais.,337.57253031414604,12.105802343102898,86.59840532206051,10-25 km
Santa_Rosa_Pando,C4,Primera Sección - Santa Rosa del Abuná,VILLA DEL CARMEN,1.0,78.0,0.6772727272727272,13.891007665179723,Sist. Ais.,332.8853548424102,13.891007665179723,59.29904928280687,10-25 km
Santa_Rosa_Pando,C4,Primera Sección - Santa Rosa del Abuná,16 DE JULIO,1.0,81.0,0.6772727272727272,15.440936984884116,Sist. Ais.,327.9392387034337,15.440936984884116,53.522901916880166,10-25 km
Santa_Rosa_Pando,C4,Primera Sección - Santa Rosa del Abuná,PALESTINA,14.0,106.0,9.48181818181818,30.809259456323666,Sist. Ais.,311.3679771324312,30.809259456323666,30.3495859063528,25-50 km
Santos_Mercado,C4,Tercera Sección - Santos Mercado,SANTA TEREZA,17.0,114.0,17.68,0.06514744522711599,Sist. Ais.,317.58699737448813,0.06514744522711599,44.76413964148203,<5 km
Santos_Mercado,C4,Tercera Sección - Santos Mercado,RESERVA,19.0,360.0,19.76,0.08226009166964847,Sist. Ais.,321.19908093775746,0.08226009166964847,45.85880081302287,<5 km
Santos_Mercado,C4,Tercera Sección - Santos Mercado,CHIRIPA,20.0,148.0,20.8,8.553353758026091,Sist. Ais.,318.24675286318507,8.553353758026091,45.70768430522622,5-10 km
Santos_Mercado,C4,Tercera Sección - Santos Mercado,PUERTO SUCRE,8.0,47.0,8.32,10.50421556578216,Sist. Ais.,324.5699576725334,10.50421556578216,56.28453272772462,10-25 km
Santos_Mercado,C4,Tercera Sección - Santos Mercado,CHIRIPA,4.0,24.0,4.16,12.601261808838023,Sist. Ais.,315.53941453657086,12.601261808838023,45.70768430522622,10-25 km
Santos_Mercado,C4,Tercera Sección - Santos Mercado,SAN JOSE,2.0,177.0,2.08,16.500130216670104,Sist. Ais.,336.846772801354,16.500130216670104,47.127274123321726,10-25 km
Santos_Mercado,C4,Tercera Sección - Santos Mercado,CAMPESINA PARAISO,10.0,23.0,10.4,19.120409743382968,Sist. Ais.,326.37310701882546,19.120409743382968,51.554574424927,10-25 km
Santos_Mercado,C4,Tercera Sección - Santos Mercado,SAN MARTIN,5.0,240.0,5.2,28.98239821255749,Sist. Ais.,344.99700844575926,28.98239821255749,67.23904056699293,25-50 km
Santos_Mercado,C4,Tercera Sección - Santos Mercado,SAN MARTIN TACANA,18.0,192.0,18.72,32.364773805296274,Sist. Ais.,353.32932647541304,32.364773805296274,58.732380875253895,25-50 km
Santos_Mercado,C4,Tercera Sección - Santos Mercado,LOS ALMENDROS,4.0,81.0,4.16,33.731128491676856,Sist. Ais.,349.4755782433977,33.731128491676856,49.61079734044789,25-50 km
Santos_Mercado,C4,Tercera Sección - Santos Mercado,VILLA VICTORIA,53.0,333.0,55.120000000000005,36.02205711849203,Sist. Ais.,353.8006178497482,36.02205711849203,54.40983011470267,25-50 km
Santos_Mercado,C4,Tercera Sección - Santos Mercado,ALMENDROS II,22.0,142.0,22.88,36.79960325170685,Sist. Ais.,348.63545236780135,36.79960325170685,46.832086059362496,25-50 km
Santos_Mercado,C4,Tercera Sección - Santos Mercado,MOLINO,5.0,30.0,5.2,41.237520061499595,Sist. Ais.,351.57228116445896,41.237520061499595,66.9147759125122,25-50 km
Santos_Mercado,C4,Tercera Sección - Santos Mercado,TAMARINDO,6.0,16.0,6.24,76.4740530447699,Sist. Ais.,392.1213215039338,76.4740530447699,105.0525148217834,>50 km
Santos_Mercado,C4,Tercera Sección - Santos Mercado,7 DE ENERO,7.0,27.0,7.280000000000001,77.13806046960046,Sist. Ais.,396.39954913306303,77.13806046960046,108.09822829030644,>50 km
Sena,C4,Tercera Sección - Sena,EL CARMEN,7.0,288.0,5.338308457711443,0.019807855230991194,Sist. Ais.,255.48088596702326,0.019807855230991194,15.7797011434544,<5 km
Sena,C4,Tercera Sección - Sena,MONTE SINAI,20.0,143.0,15.25230987917555,0.14746851796334898,Sist. Ais.,260.8345564592735,0.14746851796334898,7.343989051337851,<5 km
Sena,C4,Tercera Sección - Sena,EL SENA,260.0,2587.0,198.28002842928217,0.16361815269821886,Sist. Ais.,264.7935006054654,0.16361815269821886,0.0895125706602594,<5 km
Sena,C4,Tercera Sección - Sena,VILLA COTOCA,29.0,170.0,22.11584932480455,7.899156218765868,Sist. Ais.,248.9842177761961,7.899156218765868,17.451469528862265,5-10 km
Sena,C4,Tercera Sección - Sena,SACRIFICIO,19.0,26.0,14.489694385216772,9.183013775093137,Sist. Ais.,272.94204948426034,9.183013775093137,12.388705370415291,5-10 km
Sena,C4,Tercera Sección - Sena,EL TURI,20.0,93.0,15.25230987917555,11.125426186656917,Sist. Ais.,264.53568932250045,11.125426186656917,21.748091320004736,10-25 km
Sena,C4,Tercera Sección - Sena,SANTA TRINIDAD,21.0,134.0,16.01492537313433,15.811258912170766,Sist. Ais.,271.2056821940513,15.811258912170766,22.125403042442684,10-25 km
Sena,C4,Tercera Sección - Sena,BELEN,2.0,5.0,1.525230987917555,17.553552227483614,Sist. Ais.,248.07199117390675,17.553552227483614,19.866163692307545,10-25 km
Sena,C4,Tercera Sección - Sena,CANADA,14.0,66.0,10.676616915422885,17.68048854900702,Sist. Ais.,234.26976490522688,17.68048854900702,31.023379039803466,10-25 km
Sena,C4,Tercera Sección - Sena,SANTA TERESA,2.0,9.0,1.525230987917555,18.642313040289775,Sist. Ais.,232.6302255537536,18.642313040289775,32.540692615869915,10-25 km
Sena,C4,Tercera Sección - Sena,TURI RIO,37.0,153.0,28.216773276474772,19.621320518862834,Sist. Ais.,243.71636417106185,19.621320518862834,22.885529421589144,10-25 km
Sena,C4,Tercera Sección - Sena,NUEVA FEDERACION,43.0,198.0,32.792466240227434,19.7179591269049,Sist. Ais.,247.5868206804126,19.7179591269049,21.554414634314064,10-25 km
Sena,C4,Tercera Sección - Sena,SANTA FE,10.0,53.0,7.626154939587775,24.424052982550617,Sist. Ais.,241.88915976503324,24.424052982550617,26.6421188738812,10-25 km
Sena,C4,Tercera Sección - Sena,BELLA BRISA,2.0,10.0,1.525230987917555,24.966402773211243,Sist. Ais.,259.72173282374064,24.966402773211243,31.28827790945598,10-25 km
Sena,C4,Tercera Sección - Sena,TURI DOS,10.0,42.0,7.626154939587775,25.83409382117687,Sist. Ais.,238.58729103729564,25.83409382117687,28.789055673840423,25-50 km
Sena,C4,Tercera Sección - Sena,REMANZO,20.0,98.0,15.25230987917555,28.214446283869066,Sist. Ais.,235.5964552182154,28.214446283869066,31.525320689522555,25-50 km
Sena,C4,Tercera Sección - Sena,SANTAROSITA,5.0,16.0,3.8130774697938876,28.616567587839448,Sist. Ais.,235.27585506776407,28.616567587839448,31.923133523654037,25-50 km
Sena,C4,Tercera Sección - Sena,VILLA FRONTERA,21.0,115.0,16.01492537313433,28.780799705370352,Sist. Ais.,234.0607736358882,28.780799705370352,32.19330339292658,25-50 km
Sena,C4,Tercera Sección - Sena,BRIGIDA II,15.0,76.0,11.439232409381663,30.68162381091515,Sist. Ais.,217.05376981479898,30.68162381091515,47.66153156320988,25-50 km
Sena,C4,Tercera Sección - Sena,SAN JOSE,29.0,14.0,22.11584932480455,30.87461090383096,Sist. Ais.,257.9513939164013,30.87461090383096,39.705675160754495,25-50 km
Sena,C4,Tercera Sección - Sena,TATUCITO,15.0,82.0,11.439232409381663,31.799044659877932,Sist. Ais.,204.91788668966015,31.799044659877932,61.1311264783897,25-50 km
Sena,C4,Tercera Sección - Sena,BERCEBA,14.0,52.0,10.676616915422885,33.21072245518073,Sist. Ais.,232.57973664655213,33.21072245518073,35.67360444937828,25-50 km
Sena,C4,Tercera Sección - Sena,RECREO,19.0,73.0,14.489694385216772,33.99349465315425,Sist. Ais.,209.27859042397853,33.99349465315425,55.4879480726642,25-50 km
Sena,C4,Tercera Sección - Sena,CACHUELITA,29.0,119.0,22.11584932480455,34.67277368605146,Sist. Ais.,231.4064822741426,34.67277368605146,37.082311580021525,25-50 km
Sena,C4,Tercera Sección - Sena,LA ESPERANZA,13.0,15.0,9.914001421464107,36.253238786449735,Sist. Ais.,208.56645587291905,36.253238786449735,56.13915124953919,25-50 km
Sena,C4,Tercera Sección - Sena,RESERVA,53.0,314.0,40.41862117981521,36.91733632874354,Sist. Ais.,227.67410648249574,36.91733632874354,40.13763949241195,25-50 km
Sena,C4,Tercera Sección - Sena,RINCONCITO PANDINO,22.0,103.0,16.777540867093105,37.25124525351793,Sist. Ais.,229.73065181263024,37.25124525351793,39.50807076940548,25-50 km
Sena,C4,Tercera Sección - Sena,LAS MERCEDES,29.0,157.0,22.11584932480455,37.610724990098355,Sist. Ais.,223.75626821043008,37.610724990098355,42.86295542034728,25-50 km
Sena,C4,Tercera Sección - Sena,NUEVA ESPERANZA II,6.0,39.0,4.575692963752665,39.78243258440721,Sist. Ais.,205.82020490162452,39.78243258440721,58.945727145283726,25-50 km
Sena,C4,Tercera Sección - Sena,SANTA ELENA,17.0,155.0,12.964463397299218,39.842319877252955,Sist. Ais.,227.65899852558843,39.842319877252955,42.04143499260744,25-50 km
Sena,C4,Tercera Sección - Sena,PRIMERO DE DICIEMBRE,13.0,60.0,9.914001421464107,40.872132406751035,Sist. Ais.,238.2106559400727,40.872132406751035,41.69337098991152,25-50 km
Sena,C4,Tercera Sección - Sena,BALLIVIAN,5.0,69.0,3.8130774697938876,43.684001965253,Sist. Ais.,244.84034923110238,43.684001965253,47.080501078777,25-50 km
Sena,C4,Tercera Sección - Sena,NUEVA EMPRESA,23.0,148.0,17.540156361051885,44.2747907197781,Sist. Ais.,220.54084485480834,44.2747907197781,47.53069556233987,25-50 km
Sena,C4,Tercera Sección - Sena,SOLEDAD,21.0,93.0,16.01492537313433,44.510087218566994,Sist. Ais.,194.32997111915876,44.510087218566994,70.5115830410618,25-50 km
Sena,C4,Tercera Sección - Sena,SAN ANTONIO,29.0,176.0,22.11584932480455,45.588223779928214,Sist. Ais.,224.63852154207245,45.588223779928214,47.48925520898717,25-50 km
Sena,C4,Tercera Sección - Sena,SAN MIGUEL,4.0,111.0,3.05046197583511,48.82093357337262,Sist. Ais.,203.16957756441593,48.82093357337262,62.93008283610016,25-50 km
Sena,C4,Tercera Sección - Sena,SAN CARLOS,4.0,11.0,3.05046197583511,50.451823433236925,Sist. Ais.,206.07765579914482,50.451823433236925,61.14855926475729,>50 km
Sena,C4,Tercera Sección - Sena,COPACABANA,10.0,53.0,7.626154939587775,50.74613327991972,Sist. Ais.,185.11799458130184,50.74613327991972,80.1676965591162,>50 km
Sena,C4,Tercera Sección - Sena,SANTA ROSA DE LIMA,9.0,79.0,6.863539445628998,52.136947283314754,Sist. Ais.,212.353043753423,52.136947283314754,55.721133974337576,>50 km
Sena,C4,Tercera Sección - Sena,BERLIN,8.0,45.0,6.10092395167022,53.25369616975247,Sist. Ais.,211.44135923079622,53.25369616975247,56.09346995907308,>50 km
Sena,C4,Tercera Sección - Sena,PALMA REAL,42.0,227.0,32.02985074626866,54.01338596231341,Sist. Ais.,235.34748514929302,54.01338596231341,55.25492870360996,>50 km
Sena,C4,Tercera Sección - Sena,GIRADO,16.0,76.0,12.20184790334044,55.92210763405246,Sist. Ais.,201.20996794174027,55.92210763405246,66.94547031993842,>50 km
Sena,C4,Tercera Sección - Sena,PALMAR,60.0,206.0,45.75692963752665,57.588791730323095,Sist. Ais.,178.36680067874252,57.588791730323095,86.67977239558412,>50 km
Sena,C4,Tercera Sección - Sena,SAN ROQUE,32.0,144.0,24.40369580668088,57.5980104100262,Sist. Ais.,231.866908732785,57.5980104100262,58.38947540677569,>50 km
Sena,C4,Tercera Sección - Sena,FLORIDA,8.0,87.0,6.10092395167022,57.92458981155002,Sist. Ais.,188.48589914163065,57.92458981155002,77.2069627657371,>50 km
Sena,C4,Tercera Sección - Sena,EL COLORADO,18.0,35.0,13.727078891257996,58.405913478522706,Sist. Ais.,205.96551429503006,58.405913478522706,61.41672240598031,>50 km
Sena,C4,Tercera Sección - Sena,SANTA ROSA DEL MANUPARE,25.0,134.0,19.06538734896944,59.278435021038355,Sist. Ais.,204.2445401674648,59.278435021038355,63.793658533670886,>50 km
Sena,C4,Tercera Sección - Sena,SAN MIGUEL,25.0,12.0,19.06538734896944,62.11259417131892,Sist. Ais.,229.13634069124674,62.11259417131892,62.93008283610016,>50 km
Sena,C4,Tercera Sección - Sena,ARROYO COLORADO,11.0,32.0,8.388770433546552,62.34697381237109,Sist. Ais.,174.7824727547464,62.34697381237109,89.97060346463537,>50 km
Sena,C4,Tercera Sección - Sena,SIMPENSAR,5.0,23.0,3.8130774697938876,64.11398142996802,Sist. Ais.,198.9246869936187,64.11398142996802,69.08701261185412,>50 km
Sena,C4,Tercera Sección - Sena,SAN SALVADOR,19.0,72.0,14.489694385216772,64.98417371331779,Sist. Ais.,193.49956813907832,64.98417371331779,76.40498640689222,>50 km
Sena,C4,Tercera Sección - Sena,COLMENA,46.0,307.0,35.08031272210377,65.71929753523627,Sist. Ais.,184.38527786804795,65.71929753523627,82.84617403383797,>50 km
Sena,C4,Tercera Sección - Sena,4 DE JUNIO,9.0,54.0,6.863539445628998,67.33755421866402,Sist. Ais.,211.99872870137474,67.33755421866402,86.63642661220085,>50 km
Sena,C4,Tercera Sección - Sena,NUEVA ESPERANZA,50.0,100.0,38.13077469793888,67.48832577788546,Sist. Ais.,193.2887486572277,67.48832577788546,75.9860513966842,>50 km
Sena,C4,Tercera Sección - Sena,TRIUNFO,9.0,41.0,6.863539445628998,67.91144738480538,Sist. Ais.,202.89747420008874,67.91144738480538,70.03693511691489,>50 km
Sena,C4,Tercera Sección - Sena,SAN ANTONIO,2.0,5.0,1.525230987917555,69.73052434545198,Sist. Ais.,190.29081731424955,69.73052434545198,47.48925520898717,>50 km
Sena,C4,Tercera Sección - Sena,PEKIN,35.0,185.0,26.691542288557216,70.20909887204418,Sist. Ais.,199.646767841444,70.20909887204418,72.43867049823685,>50 km
Sena,C4,Tercera Sección - Sena,ALTO BUENA VISTA,25.0,102.0,19.06538734896944,71.19864619823058,Sist. Ais.,191.1079882728612,71.19864619823058,76.94675598366359,>50 km
Sena,C4,Tercera Sección - Sena,SANTA MARIA DEL WIPA,24.0,103.0,18.30277185501066,72.30949107353106,Sist. Ais.,187.07839942711252,72.30949107353106,83.10387781571966,>50 km
Sena,C4,Tercera Sección - Sena,PUERTO PALOMA,3.0,16.0,2.2878464818763327,73.10963288085436,Sist. Ais.,188.6533642082245,73.10963288085436,79.62522560778373,>50 km
Sena,C4,Tercera Sección - Sena,RANCHITO,14.0,59.0,10.676616915422885,74.64468444937293,Sist. Ais.,188.14300783902542,74.64468444937293,79.61101044588945,>50 km
Villa_Nueva,C4,Segunda Sección - Villa Nueva (Loma Alta),RESERVA II,16.0,143.0,13.3125,0.016832701848483237,Sist. Ais.,321.11921672114624,0.016832701848483237,45.41477906527327,<5 km
Villa_Nueva,C4,Segunda Sección - Villa Nueva (Loma Alta),ENAREVENA,7.0,84.0,5.82421875,0.04048164406071246,Sist. Ais.,313.3207392044322,0.04048164406071246,46.16485657965958,<5 km
Villa_Nueva,C4,Segunda Sección - Villa Nueva (Loma Alta),SANTA CRUCITO,27.0,351.0,22.46484375,0.13169607670239303,Sist. Ais.,287.63081088871076,0.13169607670239303,33.28083800395854,<5 km
Villa_Nueva,C4,Segunda Sección - Villa Nueva (Loma Alta),LOMA ALTA,3.0,646.0,2.49609375,0.43810052277635875,Sist. Ais.,285.27383822023694,0.43810052277635875,24.65065416486958,<5 km
Villa_Nueva,C4,Segunda Sección - Villa Nueva (Loma Alta),SANTA TERESITA,13.0,116.0,10.81640625,2.822816289461168,Sist. Ais.,312.2862214786477,2.822816289461168,43.33704655243839,<5 km
Villa_Nueva,C4,Segunda Sección - Villa Nueva (Loma Alta),AGUARENDA,13.0,83.0,10.81640625,3.0718515408435083,Sist. Ais.,285.0417043460951,3.0718515408435083,30.471696349626484,<5 km
Villa_Nueva,C4,Segunda Sección - Villa Nueva (Loma Alta),ISLA LAS PETAS,3.0,22.0,2.49609375,5.529968387082769,Sist. Ais.,280.2248443630071,5.529968387082769,25.330845418514528,5-10 km
Villa_Nueva,C4,Segunda Sección - Villa Nueva (Loma Alta),BELEN,17.0,100.0,14.14453125,5.718543714110882,Sist. Ais.,287.9996523247443,5.718543714110882,23.26009112809353,5-10 km
Villa_Nueva,C4,Segunda Sección - Villa Nueva (Loma Alta),BELLA BRISA,25.0,155.0,20.80078125,7.310022627336611,Sist. Ais.,289.42363401878936,7.310022627336611,34.64443933560365,5-10 km
Villa_Nueva,C4,Segunda Sección - Villa Nueva (Loma Alta),CALLAO GUADALUPE,6.0,34.0,4.9921875,8.91301665451575,Sist. Ais.,294.1970851141664,8.91301665451575,10.408405441464929,5-10 km
Villa_Nueva,C4,Segunda Sección - Villa Nueva (Loma Alta),PERSEVERANCIA,17.0,126.0,14.14453125,12.829636791410554,Sist. Ais.,295.5409532444599,12.829636791410554,14.310824629779942,10-25 km
Villa_Nueva,C4,Segunda Sección - Villa Nueva (Loma Alta),SANTA FE,11.0,141.0,9.15234375,16.047952431544125,Sist. Ais.,292.60193201001,16.047952431544125,22.930717730292013,10-25 km
Villa_Nueva,C4,Segunda Sección - Villa Nueva (Loma Alta),PALMIRA,3.0,97.0,2.49609375,16.222646006138625,Sist. Ais.,295.0091287554527,16.222646006138625,17.72148298561036,10-25 km
Villa_Nueva,C4,Segunda Sección - Villa Nueva (Loma Alta),LAS MALVINAS,21.0,106.0,17.47265625,18.200032641685894,Sist. Ais.,316.7320087812896,18.200032641685894,25.82712043721552,10-25 km
Villa_Nueva,C4,Segunda Sección - Villa Nueva (Loma Alta),DEMOCRACIA,15.0,141.0,12.48046875,19.396460732148462,Sist. Ais.,319.96626482642273,19.396460732148462,26.433607479134107,10-25 km
Villa_Nueva,C4,Segunda Sección - Villa Nueva (Loma Alta),SAN ANTONIO,2.0,36.0,1.6640625,23.54857316851382,Sist. Ais.,297.8953920202985,23.54857316851382,24.36024042305825,10-25 km
Villa_Nueva,C4,Segunda Sección - Villa Nueva (Loma Alta),TRIUNFO,9.0,107.0,7.48828125,26.17817180446686,Sist. Ais.,300.50844207811355,26.17817180446686,20.13463215259373,25-50 km
Villa_Nueva,C4,Segunda Sección - Villa Nueva (Loma Alta),NUEVO TRIUNFO,15.0,22.0,12.48046875,26.461452241388038,Sist. Ais.,300.7983938879277,26.461452241388038,20.049733464011,25-50 km
Villa_Nueva,C4,Segunda Sección - Villa Nueva (Loma Alta),SANTA ISABEL,20.0,98.0,16.640625,29.86674436379726,Sist. Ais.,329.54888287212293,29.86674436379726,28.093634455633733,25-50 km
Villa_Nueva,C4,Segunda Sección - Villa Nueva (Loma Alta),SAN IGNACIO,13.0,152.0,10.81640625,30.350020475795173,Sist. Ais.,304.4206853898688,30.350020475795173,3.5064375143383977,25-50 km
Cobija,C5,Sección Capital - Cobija,VILLA BUSCH,14.0,734.0,5.50796812749004,0.006102059256351071,Sist. Ais.,303.6635874380871,0.006102059256351071,1.3251635531211703,<5 km
Cobija,C5,Sección Capital - Cobija,MEJILLONES,2.0,128.0,0.7868525896414342,0.0061093851889927045,Sist. Ais.,306.3315122879472,0.0061093851889927045,5.137720289005684,<5 km
Cobija,C5,Sección Capital - Cobija,VILLA ROSARIO,4.0,120.0,1.5737051792828685,0.007652867423545295,Sist. Ais.,298.89362972245755,0.007652867423545295,7.836238258892233,<5 km
Cobija,C5,Sección Capital - Cobija,17 DE MAYO,33.0,134.0,12.983067729083665,0.01599144231961723,Sist. Ais.,310.1193838546753,0.01599144231961723,22.56613590419303,<5 km
Cobija,C5,Sección Capital - Cobija,SUJAL,10.0,124.0,3.9342629482071714,0.017787530870283893,Sist. Ais.,303.26966692430125,0.017787530870283893,4.2214300847873565,<5 km
Cobija,C5,Sección Capital - Cobija,VILLA FATIMA,20.0,89.0,7.868525896414343,0.021463670796319084,Sist. Ais.,304.02077597171683,0.021463670796319084,6.127943583583647,<5 km
Cobija,C5,Sección Capital - Cobija,ALTO BAHIA,14.0,111.0,5.50796812749004,0.03179647791615607,Sist. Ais.,299.7764667183962,0.03179647791615607,4.260780693287344,<5 km
Cobija,C5,Sección Capital - Cobija,NUEVA ESPERANZA,17.0,139.0,6.688247011952191,0.03382625309617209,Sist. Ais.,303.28892591283443,0.03382625309617209,12.843504568961064,<5 km
Cobija,C5,Sección Capital - Cobija,COBIJA,858.0,0.0,337.5597609561753,0.056873914850490745,Sist. Ais.,309.6766675531971,0.056873914850490745,2.722059861978071,<5 km
Cobija,C5,Sección Capital - Cobija,AVAROA,18.0,295.0,7.081673306772909,0.13627867576933209,Sist. Ais.,304.4000658801243,0.13627867576933209,3.148652811640959,<5 km
Cobija,C5,Sección Capital - Cobija,BELMONTE,1.0,4.0,0.3934262948207171,0.7052766096650585,Sist. Ais.,304.15497257819766,0.7052766096650585,14.986831184856792,<5 km
Cobija,C5,Sección Capital - Cobija,NUEVO TRIUNFO,1.0,134.0,0.3934262948207171,0.8126235524870056,Sist. Ais.,307.8909460199571,0.8126235524870056,9.074301413897205,<5 km
Cobija,C5,Sección Capital - Cobija,MARAPANI,10.0,44.0,3.9342629482071714,2.7975421500845314,Sist. Ais.,300.69100071234334,2.7975421500845314,14.35170108120359,<5 km
Cobija,C5,Sección Capital - Cobija,PONTON,2.0,40.0,0.7868525896414342,3.542355749041134,Sist. Ais.,297.24873832483706,3.542355749041134,6.761277421226104,<5 km
