Cluster,Comunidad,Municipio_std,HH,distance_km,nearest_line_type,annual_extension_EUR_HH,annual_standalone_EUR_HH,dispersed,breakeven_distance_km,dispersed_glouton_noeud_seul,dispersed_breakeven_independant,km_arete_parent_glouton,attache_glouton,km_arete_parent_glouton_noeud_seul
C1,EXALTACION,Exaltación,123.03930860361235,0.0466155111328188,SIN,17.87,1258.21,False,145.602,False,False,0.04661551113272673,root,0.0466155111328188
C1,BOCORONDO,Exaltación,47.84948533695863,6.621175174356837,SIN,162.56,1258.21,False,56.624,False,False,6.6211751743568374,root,6.621175174356837
C1,20 DE ENERO,Exaltación,10.940104874732958,9.23373335335436,SIN,902.41,1258.21,False,12.946,False,False,9.23373335335443,root,9.23373335335436
C1,TROMPILLO,Exaltación,23.91481841134201,25.196975927875904,SIN,1122.16,1258.21,False,28.3,False,False,18.770373470401072,node,18.770373470401072
C1,PUERTO SANTIAGO,Exaltación,17.28638570596232,26.13837843789098,SIN,1602.85,1258.21,False,20.456,False,True,1.6625843413937527,node,1.6625843413937527
C1,SAN CARLOS,Exaltación,60.64342590794328,38.88060115910172,SIN,689.69,1258.21,False,71.764,False,False,7.638321429818993,tap,30.1105233595478
C1,RANCHO GINEBRA,Exaltación,70.3138473489998,47.53665032392087,SIN,726.31,1258.21,False,83.208,False,False,23.78256714996185,node,31.010513745299512
C1,NUEVO PARAISO,Exaltación,4.75474849485337,55.491363268560434,SIN,12253.94,1258.21,True,5.627,True,True,,,
C1,ANA MARIA,Exaltación,4.75474849485337,57.97884882569683,SIN,12802.46,1258.21,False,5.627,True,True,1.1495258068105365,tap,
C1,COOPERATIVA,Exaltación,49.280093221984856,59.63582981686783,SIN,1286.28,1258.21,False,58.317,False,True,3.4875400592910517,tap,49.684921230744905
C1,LAS MARAVILLAS,Exaltación,32.679238687123714,62.36583964672258,SIN,2018.41,1258.21,False,38.672,False,True,12.247915579945124,tap,15.602218855666218
C1,SANTA ROSA,Exaltación,23.491590600116528,65.39327980163179,SIN,2936.1,1258.21,True,27.799,True,True,,,
C1,EXALTACION DE SANTA CRUZ,Exaltación,12.390561274033793,65.73754362739461,SIN,5580.11,1258.21,True,14.663,True,True,,,
C1,LAS PEÑAS DE NAZARETH,Exaltación,24.498970673917263,66.86261596164935,SIN,2878.97,1258.21,False,28.991,False,True,6.684450240556258,tap,7.539549766639472
C1,PIRAQUINAL,Exaltación,23.491590600116528,68.1721909210026,SIN,3060.13,1258.21,False,27.799,False,True,1.8813020537034661,tap,4.20865869797959
C1,COQUINAL,Exaltación,258.9321033210332,71.91205849780054,SIN,308.66,1258.21,False,306.414,False,False,3.7647723196511707,root,71.91205849780054
C1,BIENVENIDO,Exaltación,34.008467663624,76.56691313909643,SIN,2378.02,1258.21,False,40.245,False,True,9.807710361227688,tap,29.140815569698734
C1,SANTA FE,Exaltación,18.43484171683822,81.44804871313407,Sist. Ais.,4649.8,1258.21,True,21.815,True,True,,,
C1,LAS ABRAS,Exaltación,85.60532142163527,102.83551200173416,Sist. Ais.,1276.98,1258.21,False,101.303,False,True,28.749858590105912,node,60.849236094578195
C1,PALMERA,Exaltación,23.612818022917068,105.98506383034974,SIN,4723.51,1258.21,False,27.943,True,True,24.147560878452968,tap,
C1,SAN JUAN DEL RIO JORDAN,Exaltación,20.590677801514857,108.63006591687127,SIN,5548.91,1258.21,False,24.366,False,True,13.405929840093528,tap,14.764042997289696
C1,LAS PETAS,Exaltación,48.393940570984654,120.12380051721308,Sist. Ais.,2620.01,1258.21,False,57.268,False,True,14.699925016072752,node,48.683969807027346
C1,ESTANCIAS DISPERSAS,Exaltación,136.59817440279664,128.11332687214735,SIN,1000.82,1258.21,False,161.647,False,False,57.41143493556772,node,57.41143493556772
C1,CARMEN TAHUA,Ixiamas,62.03355420329051,0.0004381443347964,SIN,17.48,1212.8,False,70.722,False,False,0.00043814433469453544,root,0.0004381443347964
C1,IXIAMAS,Ixiamas,254.893968897904,0.0404778045096563,SIN,17.64,1212.8,False,290.594,False,False,0.04047780451003824,root,0.0404778045096563
C1,SANTA ANA,Ixiamas,13.395744872661709,0.0406040349345042,SIN,20.65,1212.8,False,15.272,False,False,0.04060403493445688,root,0.0406040349345042
C1,TARENE,Ixiamas,9.520283975659227,0.0441934250365481,SIN,22.34,1212.8,False,10.854,False,False,0.044193425036619334,root,0.0441934250365481
C1,EL CARMEN DE PECHA,Ixiamas,29.969677710164525,0.0481916777161336,SIN,19.16,1212.8,False,34.167,False,False,0.04819167771613367,root,0.0481916777161336
C1,MACHAJ MARKA,Ixiamas,14.809330628803243,0.0525118787219095,SIN,21.19,1212.8,False,16.883,False,False,0.05251187872208394,root,0.0525118787219095
C1,FLOR DE MAYO,Ixiamas,8.109078205995042,0.0615083501681539,SIN,25.43,1212.8,False,9.245,False,False,0.06150835016780785,root,0.0615083501681539
C1,MACAHUA,Ixiamas,2.8200315528510256,0.0796388744760145,SIN,47.08,1212.8,False,3.215,False,False,0.07963887447601453,root,0.0796388744760145
C1,30 DE AGOSTO,Ixiamas,2.1156186612576064,0.1103038796185135,SIN,72.14,1212.8,False,2.412,False,False,0.11030387961850482,root,0.1103038796185135
C1,NUEVA EDEN,Ixiamas,1.0578093306288032,0.1119245748864452,SIN,128.41,1212.8,False,1.206,False,False,0.11192457488725607,root,0.1119245748864452
C1,SANTA ROSA DE MARAVILLA,Ixiamas,26.0823168807753,0.1184126375546518,SIN,22.23,1212.8,False,29.735,False,False,0.11841263755465187,root,0.1184126375546518
C1,SAN FELIPE,Ixiamas,23.966698219517692,0.1301892366289315,SIN,23.17,1212.8,False,27.323,False,False,0.1301892366293124,root,0.1301892366289315
C1,RUSO,Ixiamas,4.582253775073248,0.2014349003677267,SIN,63.57,1212.8,False,5.224,False,False,0.20143490036783313,root,0.2014349003677267
C1,ITURRALDE,Ixiamas,8.462474645030426,0.3241022690739487,SIN,57.63,1212.8,False,9.648,False,False,0.32410226907394873,root,0.3241022690739487
C1,PALMA  REAL,Ixiamas,6.346855983772819,0.970402419584973,SIN,177.78,1212.8,False,7.236,False,False,0.970402419584973,root,0.970402419584973
C1,ALAMOS,Ixiamas,4.231237322515213,1.38101036220025,SIN,359.68,1212.8,False,4.824,False,False,1.3750078081529056,tap,1.3778535843739683
C1,3 DE JUNIO,Ixiamas,5.289046653144016,1.4307217062899211,SIN,301.09,1212.8,False,6.03,False,False,0.08851004175330575,root,1.4307217062899211
C1,SANTA FE,Ixiamas,32.43631282398017,1.82896771982947,SIN,76.59,1212.8,False,36.979,False,False,1.82896771982947,root,1.82896771982947
C1,SAN PABLO,Ixiamas,1.0578093306288032,1.877658646441145,SIN,1878.56,1212.8,True,1.206,True,True,,,
C1,CORAZON DE LEON,Ixiamas,11.635902636916835,4.68522658108807,SIN,439.65,1212.8,False,13.266,False,False,0.45276343081240966,tap,0.6425028410703701
C1,BUENA VISTA,Ixiamas,23.97145819247239,5.18041963631259,SIN,244.06,1212.8,False,27.329,False,False,0.4558674988442561,node,3.4377885013115383
C1,PUERTO PEREZ,Ixiamas,44.76948839305837,6.147346071861433,Sist. Ais.,161.44,1212.8,False,51.04,False,False,6.147346071861433,root,6.147346071861433
C1,COROCORO,Ixiamas,25.738440387649312,7.467829026019695,SIN,321.68,1212.8,False,29.343,False,False,1.1731079244406577,node,6.32975245411366
C1,COMANDO,Ixiamas,15.867139959432048,7.968352252652989,SIN,544.01,1212.8,False,18.089,False,False,1.802072181695098,tap,2.150266576595662
C1,SAN PEDRO,Ixiamas,20.09837728194726,8.686355655204979,SIN,470.62,1212.8,False,22.913,False,False,8.686355655204979,root,8.686355655204979
C1,LAS MERCEDES,Ixiamas,43.009646157313504,10.416047097012902,Sist. Ais.,271.39,1212.8,False,49.033,False,False,5.510272175237024,node,5.510272175237024
C1,ALTO ZATARIAPU,Ixiamas,31.02272706783863,10.743158739502794,SIN,380.56,1212.8,False,35.368,False,False,3.8395750337869408,node,3.8395750337869408
C1,CARINDE,Ixiamas,16.92494929006085,12.05349735432156,SIN,764.17,1212.8,False,19.295,False,False,2.232711120269079,node,2.232711120269079
C1,SAN MARCOS,Ixiamas,92.70050484561641,12.656591167257314,SIN,160.63,1212.8,False,105.684,False,False,12.656591167257314,root,12.656591167257314
C1,5 DE JUNIO,Ixiamas,14.809330628803243,14.224354926757984,SIN,1024.53,1212.8,False,16.883,False,False,2.378151379560585,node,2.378151379560585
C1,SEGUNDO FLOR DE MAYO,Ixiamas,8.462474645030426,14.785646023967058,SIN,1849.37,1212.8,True,9.648,True,True,,,
C1,PUERTO RUSO,Ixiamas,26.44523326572008,15.496088138281966,SIN,631.85,1212.8,False,30.149,False,False,11.416964371291288,node,11.416964371291288
C1,TACASO,Ixiamas,5.993459544737435,17.27113794566464,SIN,3038.83,1212.8,False,6.833,False,True,1.3605754603502864,tap,2.8428031005325995
C1,MANANTIAL,Ixiamas,19.040567951318454,19.654082447993964,SIN,1099.73,1212.8,False,21.707,False,False,2.783540650350949,node,5.627020899689599
C1,NUEVA BELEN,Ixiamas,5.993459544737435,20.10085076249884,SIN,3533.85,1212.8,False,6.833,False,True,1.392310886124794,tap,2.2428976686869753
C1,NUEVO AMANECER,Ixiamas,7.404665314401623,20.46445265722924,SIN,2915.17,1212.8,False,8.442,False,True,5.438715459208244,node,5.438715459208244
C1,LOS ALMENDRILLO,Ixiamas,9.520283975659227,21.453721651767196,SIN,2380.19,1212.8,False,10.854,False,True,10.299280835015303,node,10.299280835015303
C1,PIEDRAS BLANCAS,Ixiamas,9.166887536623845,22.932159862699248,SIN,2640.37,1212.8,False,10.451,False,True,0.3970790356952748,tap,2.8322204891635376
C1,SANTA ROSA DE LIMA,Ixiamas,6.346855983772819,23.292563386046066,SIN,3865.31,1212.8,False,7.236,False,True,2.8795671342355846,node,2.8795671342355846
C1,UNDUMO,Ixiamas,11.28250619788145,34.798220478556544,SIN,3251.25,1212.8,True,12.863,True,True,,,
C1,EL ZAPATO,Ixiamas,11.631142663962137,39.00306340262702,Sist. Ais.,3533.36,1212.8,False,13.26,True,True,11.706860307732748,node,
C1,LAS PARRABAS,Ixiamas,14.451174216813161,39.02252057171465,Sist. Ais.,2848.67,1212.8,False,16.475,True,True,14.954431034783921,tap,
C1,TOROMONAS,Ixiamas,67.67837728194726,39.21224298491429,Sist. Ais.,624.95,1212.8,False,77.157,False,False,31.865491633918744,node,31.865491633918744
C1,LA MANSION,Ixiamas,5.640063105702051,42.02909734840664,Sist. Ais.,7830.59,1212.8,True,6.43,True,True,,,
C1,EL TIGRE ALTO MADIDI,Ixiamas,78.62176695965742,43.49456563614475,SIN,597.5,1212.8,False,89.633,False,False,23.576700208405867,node,27.53047459723338
C1,AGUAS DE LA VIDA,Ixiamas,5.289046653144016,60.53321706939278,SIN,12017.29,1212.8,True,6.03,True,True,,,
C1,EL TIGRE,Ixiamas,60.27847194050034,62.7795633113302,Sist. Ais.,1109.45,1212.8,False,68.721,False,False,25.307840439102606,tap,33.03411750456141
C1,EL CARMEN,Ixiamas,17.275965742618887,64.64110081017941,Sist. Ais.,3940.53,1212.8,False,19.696,False,True,0.8404445001506661,tap,1.7062646098278622
C1,LA PALCA,Ixiamas,28.55609195402299,64.74225260556479,Sist. Ais.,2394.57,1212.8,False,32.556,False,True,19.470713852077935,node,26.44649453356235
C1,SAN JUAN,Ixiamas,27.142506197881453,66.16714173589168,Sist. Ais.,2573.41,1212.8,False,30.944,False,True,1.4849215335884993,node,6.4178029183904535
C1,PUERTO ARAONA,Ixiamas,35.25396439035384,75.25323928751718,Sist. Ais.,2255.55,1212.8,False,40.192,False,True,26.634349941751235,node,26.634349941751235
C1,SANTA ROSA,Ixiamas,88.13491097588461,76.7164400110649,Sist. Ais.,930.11,1212.8,False,100.479,False,False,5.541440550213972,node,67.54695858099817
C1,CARMEN DEL EMERO,Ixiamas,44.42085192697769,78.03452334493518,SIN,1859.34,1212.8,False,50.642,False,True,26.516120576667337,node,26.516120576667337
C1,ANTOFAGASTA,Ixiamas,10.222316880775299,80.17847130936791,Sist. Ais.,8241.16,1212.8,False,11.654,False,True,7.784131099646065,tap,9.555116971970833
C1,CAMPO CENTRAL,Ixiamas,36.665170160018036,83.15342421541438,Sist. Ais.,2395.32,1212.8,False,41.8,False,True,16.072219780094255,node,19.470713852077935
C1,MONTECRISTO,Ixiamas,8.109078205995042,87.51078904397038,Sist. Ais.,11332.31,1212.8,False,9.245,True,True,7.1340549009752925,tap,
C1,PAQUIOSAL,Ixiamas,25.029267523101197,90.13738214773204,Sist. Ais.,3793.33,1212.8,False,28.535,False,True,2.6029217142552117,tap,16.072219780094255
C1,NUEVA JERUSALEN,Ixiamas,15.8647599729547,90.86820383966509,Sist. Ais.,6022.8,1212.8,False,18.087,False,True,2.2667266722639265,tap,3.4515578015287347
C1,CAMPO BRAVO,Ixiamas,6.697872436330854,91.00951482321057,Sist. Ais.,14263.97,1212.8,True,7.636,True,True,,,
C1,CAYUBABA,Ixiamas,15.8647599729547,93.64071320114252,Sist. Ais.,6206.03,1212.8,False,18.087,False,True,9.711360470539029,node,9.711360470539029
C1,BARRACON,Ixiamas,31.7247599729547,99.6440252533788,Sist. Ais.,3310.62,1212.8,False,36.168,False,True,6.819605849958106,tap,7.900977247315841
C1,NUEVA ESPERANZA,Ixiamas,4.935650214108632,100.12083003440245,SIN,21286.04,1212.8,True,5.627,True,True,,,
C1,SANTA ANITA,Ixiamas,15.16034708136128,100.2867774056765,SIN,6953.21,1212.8,False,17.284,False,True,5.211569203633642,node,5.211569203633642
C1,ESPERANZA DEL MADIDI,Ixiamas,3.877840883479829,101.77700708372956,Sist. Ais.,27535.53,1212.8,True,4.421,True,True,,,
C1,CAMPESINA LAS PALMAS,Ixiamas,24.324854631507776,104.24694238381464,Sist. Ais.,4510.83,1212.8,False,27.732,False,True,3.333025322863135,tap,7.778333966598178
C1,LA PAZ DEL BENI,Ixiamas,15.513743520396664,104.99494133074916,SIN,7113.41,1212.8,False,17.687,False,True,7.782832398343546,tap,8.21836223418308
C1,OJAKI,Ixiamas,36.66279017354068,105.18071274172144,Sist. Ais.,3025.41,1212.8,False,41.798,False,True,13.035804340196185,node,13.035804340196185
C1,EMBAJADORES DEL MADIDI,Ixiamas,77.55443768311923,105.96592030075035,Sist. Ais.,1450.05,1212.8,False,88.416,False,True,3.989789156562528,node,45.98776222845484
C1,SANTA MARIA,Ixiamas,10.929109758846067,108.1580486574359,Sist. Ais.,10393.53,1212.8,False,12.46,False,True,3.8335545501969737,node,3.8335545501969737
C1,GUAGUA UNO,Reyes,31.28457132255746,0.0025939245506652,SIN,17.56,1241.38,False,36.519,False,False,0.0025939245506877914,root,0.0025939245506652
C1,SAN JOSE,Reyes,7.235212986203524,0.0209795624641954,SIN,20.51,1241.38,False,8.446,False,False,0.02097956246421215,root,0.0209795624641954
C1,RATIJE,Reyes,65.22089005357019,0.0215920567164558,SIN,17.82,1241.38,False,76.134,False,False,0.02159205671671946,root,0.0215920567164558
C1,EL COZAR,Reyes,31.046450685280952,0.0419012942329257,SIN,18.89,1241.38,False,36.241,False,False,0.04190129423256075,root,0.0419012942329257
C1,SAN JUAN,Reyes,21.223348252591546,0.0648849743148317,SIN,20.68,1241.38,False,24.775,False,False,0.06488497431483171,root,0.0648849743148317
C1,VILLA COPACABANA,Reyes,32.79831172746458,0.0672089916727575,SIN,19.62,1241.38,False,38.286,False,False,0.06720899167261023,root,0.0672089916727575
C1,GUALAGUAGUA,Reyes,52.20639595556689,0.0942446080709362,SIN,19.37,1241.38,False,60.942,False,False,0.09424460807162753,root,0.0942446080709362
C1,SAN FELIPE,Reyes,18.08221052387468,0.1233692460686131,SIN,24.63,1241.38,False,21.108,False,False,0.12336924606861314,root,0.1233692460686131
C1,NUEVO AMANECER,Reyes,22.699983766610238,0.1365389987189208,SIN,23.78,1241.38,False,26.498,False,False,0.13653899871903588,root,0.1365389987189208
C1,REYES,Reyes,76.35905939101598,0.1812810309638463,SIN,19.96,1241.38,False,89.136,False,False,0.18128103096462925,root,0.1812810309638463
C1,BAYCHUJE,Reyes,7.933628626423321,0.2037961077841205,SIN,44.41,1241.38,False,9.261,False,False,0.20379610778412058,root,0.2037961077841205
C1,ESTANCIAS DISPERSAS,Reyes,50.7297604415482,0.4249599121681608,SIN,26.26,1241.38,False,59.218,False,False,0.42495991216816087,root,0.4249599121681608
C1,MONTE CARLOS,Reyes,16.55532107325897,0.9656530128316746,SIN,78.63,1241.38,False,19.325,False,False,0.9656530128316746,root,0.9656530128316746
C1,LOS TAJIBOS,Reyes,10.423807425616289,1.1309522865193329,SIN,131.23,1241.38,False,12.168,False,False,1.1309522865198625,root,1.1309522865193329
C1,LA UNION,Reyes,23.663273115187497,2.9150592420625165,SIN,146.64,1241.38,False,27.623,False,False,2.9150592420625165,root,2.9150592420625165
C1,NUEVA ESPERANZA,Reyes,15.454418960599243,5.133321514671898,SIN,365.73,1241.38,False,18.04,False,False,5.133321514671898,root,5.133321514671898
C1,REMANSO,Reyes,3.2284965562023142,8.684786232351064,SIN,2837.91,1241.38,False,3.769,False,True,0.9116600645244082,tap,2.3916183720134523
C1,RIO VIEJO,Reyes,22.562371002527765,10.847847987480083,SIN,521.57,1241.38,False,26.338,False,False,2.211043727315973,root,10.847847987480083
C1,PEÑA AMARILLA,Reyes,29.006215069223813,11.803879745190146,Sist. Ais.,444.14,1241.38,False,33.86,False,False,11.803879745190146,root,11.803879745190146
C1,LOS TUBOS,Reyes,15.59203172468171,16.271192023738493,Sist. Ais.,1111.62,1241.38,False,18.201,False,False,16.271192023738493,root,16.271192023738493
C1,SAL SI PUEDES,Reyes,4.705132070221006,21.51912269889449,SIN,4812.72,1241.38,True,5.492,True,True,,,
C1,CALIFORNIA,Reyes,38.755107720136365,25.655705446772725,Sist. Ais.,711.56,1241.38,False,45.24,False,False,25.655705446772725,root,25.655705446772725
C1,SAN MIGUEL DE SORAIDA,Reyes,4.705132070221006,27.77491582258962,SIN,6206.74,1241.38,True,5.492,True,True,,,
C1,CARNAVAL,Reyes,10.286194661533823,29.64469083329769,Sist. Ais.,3039.17,1241.38,False,12.007,False,True,3.993816074493372,node,3.993816074493372
C1,CARMEN ALTO,Reyes,64.68358804294891,39.06838414010726,Sist. Ais.,650.75,1241.38,False,75.507,False,False,38.45466199302593,node,38.45466199302593
C1,LA ESPERANZA,Reyes,4.104427077294126,44.99540825013622,Sist. Ais.,11511.54,1241.38,False,4.791,True,True,0.9490315391101841,tap,
C1,SANTA LOURDES,Reyes,11.950696876231998,45.54625875117102,Sist. Ais.,4013.4,1241.38,False,13.95,True,True,5.688450749202462,tap,
C1,LAS OLLITAS,Reyes,1.6142482781011571,53.59831174495377,Sist. Ais.,34830.27,1241.38,True,1.884,True,True,,,
C1,SAN PEDRO,Reyes,26.804410843904364,61.13883268660233,SIN,2408.97,1241.38,False,31.289,False,True,25.825931094893633,node,25.951418650585467
C1,SAN JOSE,Reyes,52.981363623800874,62.5963814743042,Sist. Ais.,1256.23,1241.38,False,61.846,False,True,21.28823240026909,node,36.76145999304215
C1,PUERTO SALINAS,Reyes,19.19626168224299,65.91102082517787,SIN,3617.45,1241.38,False,22.408,False,True,18.087934170419608,tap,18.884648853151184
C1,LAGO BUENA VISTA,Reyes,17.256533939379885,69.02785392269139,Sist. Ais.,4211.48,1241.38,False,20.144,False,True,6.45999344766779,node,6.45999344766779
C1,NATIVIDAD,Reyes,7.796015862340855,71.4536212463901,Sist. Ais.,9627.17,1241.38,True,9.1,True,True,,,
C1,LAS MERCEDES,Reyes,10.474061362213307,76.31524770574404,Sist. Ais.,7656.79,1241.38,False,12.227,False,True,8.701019680153056,node,8.701019680153056
C1,PUERTO CAVINA,Reyes,19.696458801975837,86.09236999427894,Sist. Ais.,4600.31,1241.38,False,22.992,False,True,6.800622608052226,node,6.800622608052226
C1,MISION CAVINAS,Reyes,27.3177570093458,92.5992063100274,Sist. Ais.,3571.5,1241.38,False,31.889,False,True,15.07039824734987,node,14.960208595462095
C1,SANTA CATALINA,Reyes,19.28362050972844,95.92508664614128,SIN,5233.04,1241.38,False,22.51,False,True,11.27554447144121,node,11.27554447144121
C1,LAS PEÑITAS,Reyes,16.55532107325897,97.99526511085028,SIN,6223.67,1241.38,False,19.325,False,True,2.6398859201737177,node,10.88995268097298
C1,BAQUETI,Reyes,14.39062173882795,103.43602066252632,SIN,7553.64,1241.38,False,16.799,False,True,9.276562302071353,tap,10.790596589648864
C1,SAN MIGUEL,Reyes,14.165650147260036,105.23281783591366,SIN,7806.31,1241.38,False,16.536,False,True,10.50484146236869,node,10.50484146236869
C1,NUEVA ALIANZA,Reyes,7.745761925743837,107.50004930470978,Sist. Ais.,14568.8,1241.38,False,9.042,False,True,4.202402220422767,node,4.202402220422767
C1,CAMPO BOLIVAR,Reyes,23.575914287702048,107.8426912427021,Sist. Ais.,4813.49,1241.38,False,27.521,False,True,4.226652334727265,node,4.226652334727265
C1,NUEVO REYES,Reyes,7.195310869413975,108.53775606893764,Sist. Ais.,15833.21,1241.38,False,8.399,False,True,7.614316306662171,node,7.614316306662171
C1,PEÑA GUARAYO,Reyes,16.46796224577352,110.1345880483854,Sist. Ais.,7029.48,1241.38,False,19.223,False,True,1.1258378176567325,tap,14.649110896026965
C1,CANDELARIA,Reyes,33.0735372556295,114.22629189642043,SIN,3638.6,1241.38,False,38.608,False,True,5.512020193751786,node,21.40202641111615
C1,EL TRIUNFO,Santa_Rosa_Beni,28.681212677997244,0.0093065830437991,SIN,17.81,1260.89,False,34.014,False,False,0.009306583043820935,root,0.0093065830437991
C1,EL ROSARIO,Santa_Rosa_Beni,14.635277905374368,0.0158405554524117,SIN,18.61,1260.89,False,17.356,False,False,0.015840555452411725,root,0.0158405554524117
C1,SANTA ROSA DE YACUMA,Santa_Rosa_Beni,49.38033991731741,0.03157501223138,SIN,18.15,1260.89,False,58.562,False,False,0.031575012231728095,root,0.03157501223138
C1,PICAFLORES,Santa_Rosa_Beni,38.21175930179145,0.0870619334182219,SIN,19.86,1260.89,False,45.317,False,False,0.08706193341822194,root,0.0870619334182219
C1,SAN BARTOLOME,Santa_Rosa_Beni,39.40055121727147,0.1292412750419755,SIN,20.91,1260.89,False,46.726,False,False,0.12924127504197555,root,0.1292412750419755
C1,VILLA FATIMA,Santa_Rosa_Beni,43.92604501607717,2.00921547412078,SIN,65.43,1260.89,False,52.093,False,False,2.0092154741204737,root,2.00921547412078
C1,SAN CRISTOBAL,Santa_Rosa_Beni,89.85989894350024,5.4416126300163485,SIN,80.97,1260.89,False,106.568,False,False,5.4416126300163485,root,5.4416126300163485
C1,EL MOJON,Santa_Rosa_Beni,21.188791915480017,6.038981999378066,SIN,316.3,1260.89,False,25.128,False,False,6.038981999378066,root,6.038981999378066
C1,AWAISAL,Santa_Rosa_Beni,37.022967386311436,6.83539232931307,SIN,211.05,1260.89,False,43.907,False,False,6.405497733131429,node,6.405497733131429
C1,LA INDIA,Santa_Rosa_Beni,5.594395957740009,24.07288134823556,SIN,4529.1,1260.89,True,6.635,True,True,,,
C1,VILLAZON,Santa_Rosa_Beni,4.165824529168581,25.29454351111948,SIN,6383.73,1260.89,True,4.94,True,True,,,
C1,PALMIRA,Santa_Rosa_Beni,16.903077629765733,37.7265293591546,SIN,2357.6,1260.89,False,20.046,False,True,4.669768614963434,node,4.669768614963434
C1,PUERTO YATA,Santa_Rosa_Beni,14.045934772622875,42.3067833122065,SIN,3175.51,1260.89,False,16.658,False,True,2.2275280921280665,tap,3.6799315774264905
C1,EL CANDADO,Santa_Rosa_Beni,35.94395957740009,42.31332195181801,SIN,1251.74,1260.89,False,42.627,False,False,15.509325760728313,node,20.93671921923278
C1,PUERTO TERESA,Santa_Rosa_Beni,34.51538814882866,43.55094797622824,SIN,1340.42,1260.89,False,40.933,False,True,2.9291662659050295,node,25.271645600125137
C1,TACUARAL,Santa_Rosa_Beni,45.214515388148826,55.78810506288406,SIN,1311.14,1260.89,False,53.621,False,True,8.978218149687432,node,8.978218149687432
C1,EL ENCERRADO,Santa_Rosa_Beni,58.33164905833716,63.50141017293479,SIN,1158.87,1260.89,False,69.177,False,False,7.195104420309059,node,18.60037336999959
C1,TRINIDAD,Santa_Rosa_Beni,18.56132292145154,66.47691229970191,Sist. Ais.,3772.56,1260.89,True,22.012,True,True,,,
C1,EL TORO,Santa_Rosa_Beni,8.451538814882866,70.24694491574769,SIN,8732.12,1260.89,False,10.023,False,True,0.029659687388576748,tap,7.195165551688971
C1,TABLERO,Santa_Rosa_Beni,38.4313275149288,70.96366972608472,Sist. Ais.,1953.49,1260.89,False,45.577,False,True,26.525808614546648,node,32.39164671874003
C1,EL CERRITO,Santa_Rosa_Beni,57.37253100597152,81.11979809212923,SIN,1499.93,1260.89,False,68.04,False,True,16.925315703024918,node,16.925315703024918
C1,PONTON SANTA TERESA DEL YATA,Santa_Rosa_Beni,1.3086816720257235,89.33744156514074,Sist. Ais.,71591.85,1260.89,True,1.552,True,True,,,
C1,PALMA FLOR,Santa_Rosa_Beni,70.68902158934313,96.49146513351825,SIN,1448.66,1260.89,False,83.832,False,True,8.64307421855209,node,22.352028016594186
C1,PORVENIR,Santa_Rosa_Beni,35.594395957740005,104.77183596551316,SIN,3103.65,1260.89,False,42.213,False,True,1.3346034658514254,tap,8.745507324246864
C1,CAVADOR,Santa_Rosa_Beni,41.5383555351401,107.22197711212743,Sist. Ais.,2723.88,1260.89,False,49.262,False,True,1.3940993867627653,tap,19.144237960563313
C1,MACEDONIA,Santa_Rosa_Beni,30.459347726228753,108.31678246005876,Sist. Ais.,3745.97,1260.89,False,36.123,False,True,5.194762062147594,tap,5.378574716642025
C1,AUSTRALIA,Santa_Rosa_Beni,100.42903077629765,116.6439811708952,SIN,1235.23,1260.89,False,119.102,False,False,3.573121111379605,node,22.82115550671325
C2,NAREUDA,Bolpebra,57.70192396207309,0.0109342292886367,Sist. Ais.,17.67,1257.14,False,68.224,False,False,0.010934229288522238,root,0.0109342292886367
C2,MUKDEN,Bolpebra,150.1381294301758,0.177625214874509,Sist. Ais.,18.72,1257.14,False,177.516,False,False,0.17762521487450905,root,0.177625214874509
C2,VERA CRUZ,Bolpebra,67.3711221577833,8.064715369609612,Sist. Ais.,142.98,1257.14,False,79.656,False,False,4.50436041154915,root,8.064715369609612
C2,PUERTO ORO,Bolpebra,21.122572033508238,12.610236417352093,Sist. Ais.,643.42,1257.14,False,24.974,False,False,12.097187072791568,tap,12.610236417352093
C2,MOLIENDA,Bolpebra,18.894550308386265,17.982907348702575,Sist. Ais.,1015.36,1257.14,False,22.34,False,False,11.69000673934661,tap,11.807798850708972
C2,AGROPECUARIA EL CEIBO,Bolpebra,27.2843137254902,18.360884970362957,Sist. Ais.,723.04,1257.14,False,32.26,False,False,1.2981541939414976,tap,2.28997009219334
C2,CANAAN,Bolpebra,23.02853723649084,20.596783597606628,Sist. Ais.,955.23,1257.14,False,27.228,False,False,0.7644580905261992,tap,3.3386199416980387
C2,NUEVA CANAAN,Bolpebra,50.56522139372181,21.648197546237704,Sist. Ais.,466.35,1257.14,False,59.786,False,False,3.2499210671847556,tap,21.48102417235345
C2,TRES ARROYOS,Bolpebra,55.22153180521035,23.48607962742746,Sist. Ais.,463.4,1257.14,False,65.291,False,False,3.873939799197789,node,16.2113315856928
C2,EXTREMA,Bolpebra,14.186136426401546,23.74189529787581,Sist. Ais.,1772.2,1257.14,False,16.773,False,True,9.752316742933223,tap,10.493573815544927
C2,BIOCEANICA,Bolpebra,29.642916321458163,36.6360276698783,Sist. Ais.,1313.3,1257.14,False,35.048,False,True,16.237856904305175,node,16.237856904305175
C2,SAN JORGE,Bolpebra,22.26263463131732,42.188919712937626,Sist. Ais.,2004.39,1257.14,False,26.322,False,True,5.842383925669879,node,5.842383925669879
C2,NOHAYA,Bolpebra,18.128647703212742,48.45989467057796,Sist. Ais.,2820.17,1257.14,False,21.434,False,True,6.497582383030208,node,6.497582383030208
C2,SAN MIGUEL DE MACHINERI,Bolpebra,9.669198195710209,54.5501592850436,Sist. Ais.,5932.6,1257.14,False,11.432,False,True,0.35602847669201293,node,0.35602847669201293
C2,YAMINAHUA,Bolpebra,25.378348522507594,54.90199546439373,Sist. Ais.,2285.68,1257.14,False,30.006,False,True,6.561526677656921,tap,7.871067756420112
C2,SAN PEDRO DE BOLPEBRA,Bolpebra,55.40421614655252,62.44392299099927,Sist. Ais.,1199.17,1257.14,False,65.507,False,False,4.347421682395736,node,16.55870001801895
C3,SANTA ROSA,Guayaramerín,31.22853798126951,0.0015664926191252,Sist. Ais.,17.53,1257.87,False,36.945,False,False,0.0015664926191676625,root,0.0015664926191252
C3,26 DE MARZO,Guayaramerín,37.51873048907388,0.0027284078834997,Sist. Ais.,17.55,1257.87,False,44.387,False,False,0.0027284078836166364,root,0.0027284078834997
C3,SAN JUAN,Guayaramerín,24.360691987513007,0.0053629048000885,Sist. Ais.,17.71,1257.87,False,28.82,False,False,0.00536290480034717,root,0.0053629048000885
C3,SAN AGUSTIN,Guayaramerín,70.50663371488034,0.0305693525726044,Sist. Ais.,17.93,1257.87,False,83.413,False,False,0.030569352573341847,root,0.0305693525726044
C3,1RO DE MAYO,Guayaramerín,13.28524973985432,0.0330630018451636,Sist. Ais.,20.08,1257.87,False,15.717,False,False,0.03306300184516367,root,0.0330630018451636
C3,VILLA PURISIMA,Guayaramerín,12.83480749219563,0.042019404413938,Sist. Ais.,20.91,1257.87,False,15.184,False,False,0.04201940441401183,root,0.042019404413938
C3,CACHUELA ESPERANZA,Guayaramerín,47.00442247658689,0.0420670632737001,Sist. Ais.,18.41,1257.87,False,55.609,False,False,0.042067063274405514,root,0.0420670632737001
C3,SAN MIGUEL,Guayaramerín,38.096383975026015,0.0704400944988156,Sist. Ais.,19.41,1257.87,False,45.07,False,False,0.07044009449881562,root,0.0704400944988156
C3,ROSARIO DEL YATA,Guayaramerín,41.602660257454225,0.0751746000907297,Sist. Ais.,19.37,1257.87,False,49.218,False,False,0.07517460009077043,root,0.0751746000907297
C3,GUAYARAMERIN,Guayaramerín,260.75013007284076,0.08578055348348,Sist. Ais.,17.82,1257.87,False,308.481,False,False,0.08578055348370667,root,0.08578055348348
C3,27 DE NOVIEMBRE,Guayaramerín,38.37721123829344,0.1087731365772857,Sist. Ais.,20.45,1257.87,False,45.402,False,False,0.10877313657728577,root,0.1087731365772857
C3,LA UNION,Guayaramerín,25.627211238293444,0.1460826426691154,Sist. Ais.,23.45,1257.87,False,30.318,False,False,0.14608264266911541,root,0.1460826426691154
C3,8 DE FEBRERO,Guayaramerín,29.469172736732567,0.162632702085984,Sist. Ais.,23.26,1257.87,False,34.864,False,False,0.16263270208598407,root,0.162632702085984
C3,SAN JOSE,Guayaramerín,21.785249739854322,0.1766261060875343,Sist. Ais.,25.98,1257.87,False,25.773,False,False,0.17662610608753432,root,0.1766261060875343
C3,ESTANCIAS DISPERSAS,Guayaramerín,3.841961498439126,0.2712324362636584,Sist. Ais.,91.49,1257.87,False,4.545,False,False,0.2712324362638515,root,0.2712324362636584
C3,SANTA EMILIA,Guayaramerín,1.7616057492195631,0.3051661081622357,Sist. Ais.,199.1,1257.87,False,2.084,False,False,0.3051661081622357,root,0.3051661081622357
C3,SAN PEDRO,Guayaramerín,2.02903159667719,0.739664055451882,Sist. Ais.,399.69,1257.87,False,2.4,False,False,0.7396640554518572,root,0.739664055451882
C3,SANTA EMILIA,Guayaramerín,5.514278746097815,0.7624578041117839,Sist. Ais.,162.45,1257.87,False,6.524,False,False,0.762457804110991,root,0.7624578041117839
C3,CACHUELA MAMORE,Guayaramerín,47.820499479708644,1.5299242601810832,Sist. Ais.,51.02,1257.87,False,56.574,False,False,1.5299242601810832,root,1.5299242601810832
C3,PUERTO CARRERO,Guayaramerín,12.12597463030001,1.644059457153869,Sist. Ais.,159.63,1257.87,False,14.346,False,False,1.6440594571545093,root,1.644059457153869
C3,EL PORVENIR,Guayaramerín,19.167403746097815,1.911770126979268,Sist. Ais.,122.05,1257.87,False,22.676,False,False,1.9117701269792677,root,1.911770126979268
C3,SAN FRANCISCO,Guayaramerín,20.926768990634756,1.925510907587795,Sist. Ais.,113.95,1257.87,False,24.757,False,False,1.925510907587795,root,1.925510907587795
C3,SANTA LUCIA,Guayaramerín,63.341961498439126,2.863110516569265,Sist. Ais.,64.87,1257.87,False,74.937,False,False,2.863110516569265,root,2.863110516569265
C3,SANTA FE,Guayaramerín,42.261576482830385,4.843480361908091,Sist. Ais.,137.64,1257.87,False,49.998,False,False,4.769149348028153,node,4.769149348028153
C3,VILLA UNION,Guayaramerín,19.252211238293444,6.248217718386594,Sist. Ais.,357.75,1257.87,False,22.776,False,False,1.455036473651923,tap,3.3959788051621147
C3,SAN PEDRO,Guayaramerín,35.89773739395757,6.274083122076944,Sist. Ais.,200.72,1257.87,False,42.469,False,False,5.145494049772355,node,5.145494049772355
C3,VILLA BELLA,Guayaramerín,47.820499479708644,8.115286435414435,Sist. Ais.,195.4,1257.87,False,56.574,False,False,5.969766303704436,root,8.115286435414435
C3,2 DE OCTUBRE,Guayaramerín,46.72359521331946,8.669628604964418,Sist. Ais.,212.02,1257.87,False,55.276,False,False,3.0986839988091854,node,6.167159337711672
C3,SANTA TERESA DEL YATA,Guayaramerín,23.180312888575003,8.876812568259037,Sist. Ais.,418.98,1257.87,False,27.423,False,False,4.6989313634583,node,4.6989313634583
C3,SAN FRANSISCO DEL YATA,Guayaramerín,16.719172736732567,12.59032490636806,Sist. Ais.,807.03,1257.87,False,19.78,False,False,6.182356531019041,node,6.182356531019041
C3,14 DE SEPTIEMBRE,Guayaramerín,22.72853798126951,13.910391977976571,Sist. Ais.,659.17,1257.87,False,26.889,False,False,5.477652167980157,node,5.477652167980157
C3,SANTA TERESA DEL YATA,Guayaramerín,46.5526475692814,14.033204806109612,Sist. Ais.,333.54,1257.87,False,55.074,False,False,11.870486592597084,node,11.870486592597084
C3,18 DE JUNIO,Guayaramerín,43.69771071800208,14.039664418309304,Sist. Ais.,354.34,1257.87,False,51.697,False,False,10.669022069143947,node,10.669022069143947
C3,PUERTO CARRERO,Guayaramerín,12.192313611115182,20.54662526974061,Sist. Ais.,1784.38,1257.87,False,14.424,False,True,0.6538884482380999,tap,1.4335776415554642
C3,SAN ROQUE,Guayaramerín,28.202653485952133,20.553844102869927,Sist. Ais.,781.59,1257.87,False,33.365,False,False,1.275764379353196,node,10.40283124823833
C3,PALMA SOLA,Guayaramerín,34.94328824141519,31.92040149395029,Sist. Ais.,975.25,1257.87,False,41.34,False,False,14.471385007952087,node,14.471385007952087
C3,RANCHO GRANDE,Guayaramerín,20.433922996878252,36.30193075203629,Sist. Ais.,1880.15,1257.87,False,24.174,False,True,0.44712673429333183,tap,3.0027084961342165
C3,BARRANCO COLORADO,Guayaramerín,42.75442247658689,39.30122744948912,Sist. Ais.,981.27,1257.87,False,50.581,False,False,2.969231549784154,node,7.429955040978936
C3,SAN JUAN DEL MAMORE,Guayaramerín,23.051768990634756,48.62838206877869,Sist. Ais.,2229.26,1257.87,False,27.271,False,True,9.64250350376607,node,9.64250350376607
C3,PUERTO COIMBRA,Guayaramerín,14.101326742976067,58.11617418825754,Sist. Ais.,4338.58,1257.87,False,16.683,False,True,1.9929026558345322,tap,2.1177150426814326
C3,SANTA FE DE LA CRUZ,Guayaramerín,16.63436524453694,60.21815795507517,Sist. Ais.,3813.06,1257.87,False,19.679,False,True,0.7162792795902057,tap,8.065874190036128
C3,ROSARIO DEL YATA,Guayaramerín,6.387454206645672,73.8938273742279,Sist. Ais.,12146.85,1257.87,True,7.557,True,True,,,
C3,LA ESPERANZA,Guayaramerín,0.8584807492195631,80.69853767352332,Sist. Ais.,98575.77,1257.87,True,1.016,True,True,,,
C3,PUERTO BOLIVAR,Guayaramerín,13.242845993756504,88.73483504718295,Sist. Ais.,7042.87,1257.87,True,15.667,True,True,,,
C3,FIRMEZA,Guayaramerín,9.808922996878252,90.21962458286488,Sist. Ais.,9661.04,1257.87,False,11.604,False,True,8.320497034355467,node,8.320497034355467
C3,SAN LORENZO,Guayaramerín,12.83480749219563,91.32893307554636,Sist. Ais.,7478.13,1257.87,True,15.184,True,True,,,
C3,VILLA NUEVA,Guayaramerín,9.400884495317378,91.49600023867296,Sist. Ais.,10221.97,1257.87,True,11.122,True,True,,,
C3,SINAI,Guayaramerín,5.966961498439126,94.29680460783636,Sist. Ais.,16586.69,1257.87,True,7.059,True,True,,,
C3,LAS PIEDRAS,Puerto_Gonzalo_Moreno,58.25081081081081,0.0010074354680366,Sist. Ais.,17.49,1255.82,False,68.8,False,False,0.001007435467605165,root,0.0010074354680366
C3,GONZALO MORENO,Puerto_Gonzalo_Moreno,56.93405405405406,0.0121208085802924,Sist. Ais.,17.7,1255.82,False,67.245,False,False,0.012120808580922023,root,0.0121208085802924
C3,BUEN FUTURO,Puerto_Gonzalo_Moreno,32.270990990990995,0.0361522499229542,Sist. Ais.,18.65,1255.82,False,38.115,False,False,0.036152249923012296,root,0.0361522499229542
C3,LIBERTAD,Puerto_Gonzalo_Moreno,10.011531531531531,0.0381126026619756,Sist. Ais.,21.47,1255.82,False,11.825,False,False,0.0381126026618969,root,0.0381126026619756
C3,LAGO VICTORIA,Puerto_Gonzalo_Moreno,19.96036036036036,0.0747955390471253,Sist. Ais.,21.4,1255.82,False,23.575,False,False,0.07479553904718769,root,0.0747955390471253
C3,PORTACHUELO MEDIO,Puerto_Gonzalo_Moreno,34.340180180180184,0.1017127007660635,Sist. Ais.,20.58,1255.82,False,40.559,False,False,0.10171270076627222,root,0.1017127007660635
C3,SAN PABLO,Puerto_Gonzalo_Moreno,34.69549549549549,0.1050556380191655,Sist. Ais.,20.65,1255.82,False,40.979,False,False,0.10505563801916552,root,0.1050556380191655
C3,CANDELARIA,Puerto_Gonzalo_Moreno,11.223783783783784,0.1293022962986766,Sist. Ais.,29.55,1255.82,False,13.256,False,False,0.12930229629864762,root,0.1293022962986766
C3,MIRAFLORES,Puerto_Gonzalo_Moreno,35.28072072072072,0.1329820296268107,Sist. Ais.,21.43,1255.82,False,41.67,False,False,0.13298202962611888,root,0.1329820296268107
C3,PORTACHUELO BAJO,Puerto_Gonzalo_Moreno,62.91171171171172,0.1790470402402901,Sist. Ais.,20.46,1255.82,False,74.305,False,False,0.17904704024029014,root,0.1790470402402901
C3,FRONTERA,Puerto_Gonzalo_Moreno,16.595315315315318,0.2453856190041139,Sist. Ais.,32.98,1255.82,False,19.601,False,False,0.24538561900411396,root,0.2453856190041139
C3,PORTACHUELO ALTO,Puerto_Gonzalo_Moreno,28.905945945945945,0.2877181506576902,Sist. Ais.,27.91,1255.82,False,34.141,False,False,0.2877181506576902,root,0.2877181506576902
C3,AGUA DULCE,Puerto_Gonzalo_Moreno,55.638198198198204,0.6809406946166343,Sist. Ais.,30.31,1255.82,False,65.714,False,False,0.6809406946166343,root,0.6809406946166343
C3,SAN CARLOS,Puerto_Gonzalo_Moreno,20.56648648648649,5.617822496357661,Sist. Ais.,303.87,1255.82,False,24.291,False,False,5.617822496357661,root,5.617822496357661
C3,6 DE AGOSTO,Puerto_Gonzalo_Moreno,19.019819819819823,5.690417652237091,Sist. Ais.,331.16,1255.82,False,22.464,False,False,2.7708921061196703,tap,5.642456169361645
C3,21 DE SEPTIEMBRE,Puerto_Gonzalo_Moreno,6.2493693693693695,6.7173887332877165,Sist. Ais.,1144.47,1255.82,False,7.381,False,False,5.902862563121253,tap,6.376562755230478
C3,AMERICA,Puerto_Gonzalo_Moreno,23.053693693693695,10.43176090995268,Sist. Ais.,491.91,1255.82,False,27.229,False,False,6.108347934433979,node,6.108347934433979
C3,VILLA NUEVA,Puerto_Gonzalo_Moreno,13.43927927927928,11.792548368339856,Sist. Ais.,937.48,1255.82,False,15.873,False,False,2.933495605371268,tap,3.3713163519374874
C3,SANTA ROSITA,Puerto_Gonzalo_Moreno,10.345945945945946,12.412262873463304,Sist. Ais.,1275.35,1255.82,False,12.22,False,True,1.6243051828887207,node,1.6243051828887207
C3,CONTRAVARICIA,Puerto_Gonzalo_Moreno,28.75963963963964,12.914298606871924,Sist. Ais.,488.28,1255.82,False,33.968,False,False,1.8621541441969898,node,5.315485868569615
C3,PALMIRA,Riberalta,20.55035128805621,4.6627595768806114e-05,Sist. Ais.,17.48,1257.49,False,24.305,False,False,4.6627596184228314e-05,root,4.6627595768806114e-05
C3,RIBERALTA,Riberalta,1293.7840449168318,0.0017451790051837,Sist. Ais.,17.48,1257.49,False,1530.134,False,False,0.00174517900513931,root,0.0017451790051837
C3,SANTA MARIA,Riberalta,125.4548990171941,0.0024104872218863,Sist. Ais.,17.49,1257.49,False,148.373,False,False,0.002410487222302256,root,0.0024104872218863
C3,LA ESPERANZA,Riberalta,4.566744730679157,0.00457756212331,Sist. Ais.,18.53,1257.49,False,5.401,False,False,0.004577562123324507,root,0.00457756212331
C3,VILLA COTOCA,Riberalta,42.54203646990533,0.0068734131478468,Sist. Ais.,17.64,1257.49,False,50.314,False,False,0.006873413148121072,root,0.0068734131478468
C3,SIGLO XX,Riberalta,7.991803278688525,0.0127401374784626,Sist. Ais.,19.15,1257.49,False,9.452,False,False,0.012740137478814688,root,0.0127401374784626
C3,SAN CRISTOBAL,Riberalta,34.86830000600493,0.0329249077333875,Sist. Ais.,18.46,1257.49,False,41.238,False,False,0.03292490773396023,root,0.0329249077333875
C3,TUMICHUCUA,Riberalta,36.63691026641847,0.0367063719529776,Sist. Ais.,18.53,1257.49,False,43.33,False,False,0.03670637195318981,root,0.0367063719529776
C3,12 DE OCTUBRE,Riberalta,18.472883764687044,0.0381239435497775,Sist. Ais.,19.64,1257.49,False,21.848,False,False,0.0381239435493317,root,0.0381239435497775
C3,LAGO SAN JOSE,Riberalta,13.803186613022678,0.0823657918139144,Sist. Ais.,23.73,1257.49,False,16.325,False,False,0.0823657918139144,root,0.0823657918139144
C3,AGUA CLARA,Riberalta,47.62354330551052,0.0854504785491578,Sist. Ais.,19.36,1257.49,False,56.323,False,False,0.08545047854947772,root,0.0854504785491578
C3,WARNES,Riberalta,74.50924958465941,0.0971151178174334,Sist. Ais.,18.84,1257.49,False,88.121,False,False,0.09711511781746751,root,0.0971151178174334
C3,AVAROA,Riberalta,32.89378490362097,0.1358970845966442,Sist. Ais.,21.81,1257.49,False,38.903,False,False,0.13589708459701563,root,0.1358970845966442
C3,POPECHI,Riberalta,73.16165856001922,0.1613392680526464,Sist. Ais.,19.79,1257.49,False,86.527,False,False,0.16133926805264645,root,0.1613392680526464
C3,BOLIVAR,Riberalta,50.95485898436719,0.244915270872427,Sist. Ais.,22.51,1257.49,False,60.263,False,False,0.244915270872427,root,0.244915270872427
C3,LA UNION,Riberalta,44.731665966092194,0.2611881217853398,Sist. Ais.,23.6,1257.49,False,52.903,False,False,0.2611881217858224,root,0.2611881217853398
C3,SAN ANTONIO,Riberalta,22.361228207129848,0.3273854698325498,Sist. Ais.,32.83,1257.49,False,26.446,False,False,0.3273854698325498,root,0.3273854698325498
C3,PALESTINA,Riberalta,6.167960601256249,0.3537383558004681,Sist. Ais.,77.61,1257.49,False,7.295,False,False,0.3537383557999125,root,0.3537383558004681
C3,SAN JOSE,Riberalta,20.75625613002662,0.3701012127160359,Sist. Ais.,36.17,1257.49,False,24.548,False,False,0.289414299651384,node,0.289414299651384
C3,CAMPO CENTRAL,Riberalta,67.55618006765548,0.3789451481248055,Sist. Ais.,23.36,1257.49,False,79.897,False,False,0.3789451481248055,root,0.3789451481248055
C3,LAS PALMERAS,Riberalta,41.51251226005324,0.507260745980315,Sist. Ais.,30.29,1257.49,False,49.096,False,False,0.507260745980315,root,0.507260745980315
C3,NUEVA UNION,Riberalta,13.70023419203747,1.8561719481722767,Sist. Ais.,159.53,1257.49,False,16.203,False,False,1.8561719481722767,root,1.8561719481722767
C3,SAN JUAN DEL URUCU,Riberalta,28.953964250685566,1.8959393108575464,Sist. Ais.,86.13,1257.49,False,34.243,False,False,1.8959393108575464,root,1.8959393108575464
C3,ANTOFAGASTA,Riberalta,48.77443904001281,2.2961558009344154,Sist. Ais.,66.83,1257.49,False,57.685,False,False,2.2961558009344154,root,2.2961558009344154
C3,LAS MERCEDES,Riberalta,24.284267099021196,2.4649293572712776,Sist. Ais.,123.9,1257.49,False,28.721,False,False,2.4649293572712776,root,2.4649293572712776
C3,ALADITA,Riberalta,10.37812806501331,2.647285187822573,Sist. Ais.,284.92,1257.49,False,12.274,False,False,1.8676187596763252,tap,2.647285187822573
C3,ESTANCIAS DISPERSAS,Riberalta,2.2833723653395785,2.866702815955385,Sist. Ais.,1333.8,1257.49,False,2.701,True,True,1.9373627340653798,tap,
C3,BUENA VISTA,Riberalta,22.028687318877072,3.332415749042682,Sist. Ais.,176.08,1257.49,False,26.053,False,False,3.322869681559215,node,3.322869681559215
C3,SAN LORENZO DE PAMPA,Riberalta,25.220048439720568,3.426822292993978,Sist. Ais.,159.94,1257.49,False,29.827,False,False,3.426822292993978,root,3.426822292993978
C3,7 DE JULIO,Riberalta,46.182209411717615,3.719254563964971,Sist. Ais.,101.91,1257.49,False,54.619,False,False,3.7192545639647245,root,3.719254563964971
C3,SAN JUAN,Riberalta,69.42774274905423,5.053773221999233,Sist. Ais.,93.8,1257.49,False,82.111,False,False,5.053773221999233,root,5.053773221999233
C3,SAN ANTONIO,Riberalta,41.15217878660502,5.41946278533492,Sist. Ais.,155.55,1257.49,False,48.67,False,False,3.5432647589613833,root,5.41946278533492
C3,SANTA AMALIA,Riberalta,47.323895594387395,6.613882773577458,Sist. Ais.,164.01,1257.49,False,55.969,False,False,6.613882773577458,root,6.613882773577458
C3,EL HONDO,Riberalta,31.237336616025146,7.799533625137456,Sist. Ais.,279.26,1257.49,False,36.944,False,False,4.151630340736674,node,4.151630340736674
C3,26 DE OCTUBRE,Riberalta,45.04052322904782,8.232357529250057,Sist. Ais.,209.11,1257.49,False,53.269,False,False,6.639788217256858,tap,7.508358936566
C3,SANTA ROSA DEL IVON,Riberalta,26.464687043375573,8.346941651223807,Sist. Ais.,348.16,1257.49,False,31.299,False,False,5.479823571754296,node,5.479823571754296
C3,BERLIN,Riberalta,49.81317280169739,8.372235237139709,Sist. Ais.,193.69,1257.49,False,58.913,False,False,3.50551941233792,root,8.372235237139709
C3,LOS ANGELES,Riberalta,27.39125883224244,8.463332279801506,Sist. Ais.,341.43,1257.49,False,32.395,False,False,6.715371487738107,node,6.715371487738107
C3,PUERTO ROMAN,Riberalta,52.508354850977796,8.849704125119949,Sist. Ais.,194.18,1257.49,False,62.101,False,False,8.849704125119949,root,8.849704125119949
C3,SANTA FE,Riberalta,31.34028903701035,8.862894754079939,Sist. Ais.,313.98,1257.49,False,37.066,False,False,8.838144323002073,node,8.838144323002073
C3,CANDELARIA,Riberalta,54.501708969982836,8.998596347061524,Sist. Ais.,190.58,1257.49,False,64.458,False,False,8.97948136459826,node,8.97948136459826
C3,SAN JUAN KM 42,Riberalta,25.220048439720568,11.046602787309594,Sist. Ais.,476.72,1257.49,False,29.827,False,False,2.9605679157541434,node,2.9605679157541434
C3,BELLA FLOR,Riberalta,55.93341339898717,11.252025922825574,Sist. Ais.,228.39,1257.49,False,66.151,False,False,7.3874744037746884,tap,8.084949263212604
C3,HAMBURGO,Riberalta,3.425058548009368,11.31406562152047,Sist. Ais.,3480.92,1257.49,False,4.051,False,True,1.3106806043727899,tap,2.0102348299511834
C3,DESVELO,Riberalta,33.21185171840909,11.578479769958694,Sist. Ais.,383.0,1257.49,False,39.279,False,False,8.48453093758491,node,8.48453093758491
C3,SAN ARIEL,Riberalta,66.33418508440079,11.683086319781472,Sist. Ais.,202.14,1257.49,False,78.452,False,False,3.2850611139355888,node,11.535327914920014
C3,MEDIO MONTE,Riberalta,24.284267099021196,11.904214056365795,Sist. Ais.,531.44,1257.49,False,28.721,False,False,0.22176768645820588,tap,3.6949921993629466
C3,PARAISO,Riberalta,10.584032906983728,12.229171686553858,Sist. Ais.,1228.92,1257.49,False,12.518,False,False,0.30466295312098013,tap,0.37682943324700013
C3,27 DE MAYO,Riberalta,12.558548009367684,13.086721595776924,Sist. Ais.,1110.05,1257.49,False,14.853,False,False,3.0388219540573305,tap,3.563994518123237
C3,BUENA VISTA,Riberalta,21.03732080778679,13.59615985265695,Sist. Ais.,695.09,1257.49,False,24.88,False,False,1.9011574262110975,tap,8.55243817036498
C3,VILLA NAZARETH,Riberalta,15.047825216677676,13.886916361483353,Sist. Ais.,985.06,1257.49,False,17.797,False,False,2.0277488305789717,tap,3.6247764598840675
C3,SAN ARIEL,Riberalta,13.88349541360758,14.312512784258962,Sist. Ais.,1098.35,1257.49,False,16.42,False,False,4.579604983527381,tap,4.842934014579733
C3,PALMIRA DEL IVON,Riberalta,30.82552693208431,14.61899696302298,Sist. Ais.,514.71,1257.49,False,36.457,False,False,0.01071812303643566,node,4.639540412236285
C3,LAGO EL CARMEN,Riberalta,15.459634900618507,14.837150607904546,Sist. Ais.,1023.73,1257.49,False,18.284,False,False,1.3142791137901855,tap,2.010293811029386
C3,CENTRITO,Riberalta,10.481080485998518,15.024164209069474,Sist. Ais.,1520.42,1257.49,False,12.396,False,True,8.010682585685126,node,8.010682585685126
C3,IVARENDA,Riberalta,2.2833723653395785,15.616149029498589,Sist. Ais.,7188.07,1257.49,False,2.701,False,True,1.1345541028913557,tap,2.2139585749574158
C3,SANTUARIO,Riberalta,56.85998518785405,15.929342544405934,Sist. Ais.,311.21,1257.49,False,67.247,False,False,12.388466810684902,node,15.929342544405934
C3,SANTA ELENA DEL LAGO,Riberalta,27.185353990272024,16.319021113647736,Sist. Ais.,646.86,1257.49,False,32.152,False,False,16.319021113647736,root,16.319021113647736
C3,FLOR DE OCTUBRE,Riberalta,25.323000860705783,16.49850185213819,Sist. Ais.,700.58,1257.49,False,29.949,False,False,1.521167846661778,node,6.176491856234984
C3,BUEN RETIRO,Riberalta,22.10384715466683,18.103415534728445,Sist. Ais.,876.19,1257.49,False,26.142,False,False,11.312203518801017,node,11.312203518801017
C3,CONSUELO DEL ROSARIO,Riberalta,81.771176364619,18.88528238503865,Sist. Ais.,259.62,1257.49,False,96.709,False,False,6.457168956807479,node,10.927936120358728
C3,SANTA RITA,Riberalta,12.558548009367684,19.158092547181067,Sist. Ais.,1616.93,1257.49,False,14.853,False,True,5.004599831694588,node,5.004599831694588
C3,PALESTINA,Riberalta,11.920916875976234,22.35718941626072,Sist. Ais.,1983.85,1257.49,False,14.099,False,True,3.217747442819556,node,3.217747442819556
C3,MONTE CRISTO,Riberalta,14.214996296963513,24.96072751107668,Sist. Ais.,1858.54,1257.49,False,16.812,False,True,8.612617621796396,node,8.612617621796396
C3,BRILLANTE,Riberalta,36.31884345163034,26.20380755070581,Sist. Ais.,773.94,1257.49,False,42.954,False,False,10.536356236849588,node,10.536356236849588
C3,SANTA ROSA DEL BIATA,Riberalta,17.331197582017257,26.23030838585562,Sist. Ais.,1604.31,1257.49,False,20.497,False,True,7.35016696604437,tap,11.43061124900633
C3,PALESTINA,Riberalta,18.959842473126812,27.77880082925932,Sist. Ais.,1553.64,1257.49,False,22.423,False,True,3.7173293370389633,node,3.7173293370389633
C3,LA SABANA,Riberalta,15.150777637662884,27.981624264887696,Sist. Ais.,1953.88,1257.49,False,17.919,False,True,16.79342301697654,node,16.79342301697654
C3,ALTA GRACIA,Riberalta,23.245533337336617,30.37586847234673,Sist. Ais.,1387.56,1257.49,False,27.492,False,True,4.31142343887443,tap,5.065290237780617
C3,EL TRIANGULO,Riberalta,22.61860925959287,31.124784070859388,Sist. Ais.,1460.25,1257.49,False,26.751,False,True,5.033096591831665,node,5.033096591831665
C3,PUERTO CHACOBO,Riberalta,177.95285535347446,31.903214115037773,Sist. Ais.,205.44,1257.49,False,210.461,False,False,2.658720204097443,node,21.07728802246133
C3,SANTA ROSA DEL FLORIDA,Riberalta,27.709325647030568,36.65187965922666,Sist. Ais.,1404.32,1257.49,False,32.771,False,True,8.754080139979326,node,18.57690473098509
C3,COSTA RICA,Riberalta,49.59805840789447,37.63039327564434,Sist. Ais.,812.96,1257.49,False,58.659,False,False,9.63844235120602,node,9.63844235120602
C3,5 DE AGOSTO,Riberalta,32.790832482635764,39.30039294276949,Sist. Ais.,1274.09,1257.49,False,38.781,False,True,1.8217167632504345,node,1.8217167632504345
C3,POZA NEGRA,Riberalta,16.086558978362255,39.48337864250204,Sist. Ais.,2590.89,1257.49,False,19.025,False,True,7.784141140898806,tap,8.532897540819958
C3,CANDELARIA,Riberalta,40.03392024597425,40.08108379417812,Sist. Ais.,1067.18,1257.49,False,47.347,False,False,1.8003373916700003,node,1.8003373916700003
C3,VICTORIA,Riberalta,33.82956624432035,42.60355616542255,Sist. Ais.,1337.88,1257.49,False,40.01,False,True,4.537830559542849,node,14.88547845030951
C3,TOKIO,Riberalta,12.558548009367684,46.12141994356299,Sist. Ais.,3868.01,1257.49,False,14.853,False,True,4.114801370884754,tap,6.267341349782729
C3,LAS LIMAS,Riberalta,11.416861826697891,57.59636294400491,Sist. Ais.,5306.87,1257.49,True,13.503,True,True,,,
C3,LOS CAYUCES,Riberalta,1.2439572449408516,58.77569516229987,Sist. Ais.,49556.84,1257.49,True,1.471,True,True,,,
C3,FORTALEZA,Riberalta,15.150777637662884,59.28878030227891,Sist. Ais.,4120.42,1257.49,False,17.919,False,True,15.139675688180688,tap,15.141866263520349
C3,LA UNION II,Riberalta,11.820184325795038,62.53959000388844,Sist. Ais.,5564.87,1257.49,True,13.98,True,True,,,
C3,SAN FRANCISCO,Riberalta,31.443241457995555,64.12037897046511,Sist. Ais.,2155.57,1257.49,False,37.187,False,True,6.378439728877941,node,16.86905234589367
C3,EL RECREO,Riberalta,48.77443904001281,69.14633266932267,Sist. Ais.,1503.87,1257.49,False,57.685,False,True,7.679989349809782,tap,7.971877998848169
C3,ALTO IVON,Riberalta,133.77397866250325,73.05380332228823,Sist. Ais.,590.05,1257.49,False,158.212,False,False,1.7678479662007591,node,34.653754065623886
C3,BUEN DESTINO,Riberalta,61.74479673332132,74.31590787115638,Sist. Ais.,1279.42,1257.49,False,73.024,False,True,0.25755387601493845,tap,41.472728618057246
C3,PUERTO CHACOBO,Riberalta,24.61273242850679,77.89783652812108,Sist. Ais.,3335.84,1257.49,False,29.109,False,True,7.258566058802362,node,7.258566058802362
C3,3 BOCAS,Riberalta,7.056021937989151,82.16138968655842,Sist. Ais.,12226.08,1257.49,False,8.345,True,True,7.798331082969467,tap,
C3,LA UNION II,Riberalta,5.511013256222215,85.88734074323702,Sist. Ais.,16357.62,1257.49,False,6.518,False,True,0.08796475869497636,tap,0.17708452183346812
C3,CACHUELITA,Riberalta,12.661500430352891,85.99690802726325,Sist. Ais.,7138.72,1257.49,False,14.975,False,True,0.15369166893827452,node,12.758650199182117
C3,LOS CAYUCES,Riberalta,36.74054404611782,87.68050269391726,Sist. Ais.,2519.64,1257.49,False,43.452,False,True,24.99464285698907,node,24.99464285698907
C3,SANTA DELMIRA,Riberalta,21.065113392982248,114.84247463849955,Sist. Ais.,5733.54,1257.49,True,24.913,True,True,,,
C4,EL CARMEN,Bella_Flor,27.899798477384685,0.0018922181770077,Sist. Ais.,17.55,1275.52,False,33.476,False,False,0.0018922181763931787,root,0.0018922181770077
C4,KARAMANU,Bella_Flor,18.89576802507837,0.0060987584443616,Sist. Ais.,17.81,1275.52,False,22.673,False,False,0.00609875844416477,root,0.0060987584443616
C4,NUEVO BELEN,Bella_Flor,9.472318629646216,0.0211379481228958,Sist. Ais.,19.81,1275.52,False,11.366,False,False,0.021137948122382365,root,0.0211379481228958
C4,SAN PEDRO,Bella_Flor,10.528479064039407,0.02957241657343,Sist. Ais.,20.42,1275.52,False,12.633,False,False,0.02957241657254472,root,0.02957241657343
C4,CINCO ESTRELLAS,Bella_Flor,5.318181818181818,0.0365621942140137,Sist. Ais.,24.68,1275.52,False,6.381,False,False,0.03656219421430147,root,0.0365621942140137
C4,VILLA AMAZONICA,Bella_Flor,29.757836990595614,0.037223461617487,Sist. Ais.,18.79,1275.52,False,35.706,False,False,0.03722346161710308,root,0.037223461617487
C4,SANTA ELENA,Bella_Flor,30.38961038961039,0.0529104633247063,Sist. Ais.,19.3,1275.52,False,36.464,False,False,0.05291046332451999,root,0.0529104633247063
C4,SANTA LUCIA,Bella_Flor,26.574031571876397,0.0712638484667445,Sist. Ais.,20.29,1275.52,False,31.886,False,False,0.07126384846742573,root,0.0712638484667445
C4,SANTA MARIA,Bella_Flor,11.234381997313031,0.0757028549956613,Sist. Ais.,24.54,1275.52,False,13.48,False,False,0.07570285499597208,root,0.0757028549956613
C4,SANTA LOURDES,Bella_Flor,38.87472010747873,0.077332403373604,Sist. Ais.,19.56,1275.52,False,46.645,False,False,0.077332403373604,root,0.077332403373604
C4,SAN ANTONIO,Bella_Flor,43.75660546350201,0.0833878958764506,Sist. Ais.,19.47,1275.52,False,52.503,False,False,0.08338789587703736,root,0.0833878958764506
C4,NUEVO HORIZONTE,Bella_Flor,10.555502686968204,0.0969876052851138,Sist. Ais.,27.11,1275.52,False,12.665,False,False,0.09698760528529461,root,0.0969876052851138
C4,SANTA RITA,Bella_Flor,36.967812360053735,0.1045814266412118,Sist. Ais.,20.44,1275.52,False,44.357,False,False,0.10458142664161438,root,0.1045814266412118
C4,SAN PEDRO,Bella_Flor,17.290458463949843,0.1186129868615955,Sist. Ais.,24.67,1275.52,False,20.746,False,False,0.11861298686156507,root,0.1186129868615955
C4,CAMPOANA CASTAÑERA,Bella_Flor,29.69385356023287,0.1288799502034814,Sist. Ais.,22.03,1275.52,False,35.629,False,False,0.12887995020398618,root,0.1288799502034814
C4,NUEVA VIDA,Bella_Flor,19.97895208240036,0.1831708955133784,Sist. Ais.,27.09,1275.52,False,23.972,False,False,0.18317089551412302,root,0.1831708955133784
C4,PERLA DEL ORIENTE,Bella_Flor,4.23499776085983,0.2146572319649502,Sist. Ais.,70.62,1275.52,False,5.081,False,False,0.21465723196468203,root,0.2146572319649502
C4,FLORIDA,Bella_Flor,6.595079489476042,1.1518870769242016,Sist. Ais.,200.6,1275.52,False,7.913,False,False,1.1518870769234468,root,1.1518870769242016
C4,PALACIOS,Bella_Flor,8.195420958351992,3.7697027235455542,Sist. Ais.,499.75,1275.52,False,9.834,False,False,2.04641099129966,node,3.2012859950385373
C4,16 DE MAYO,Bella_Flor,25.329125615763544,4.125912029875726,Sist. Ais.,188.26,1275.52,False,30.392,False,False,4.125912029876291,root,4.125912029875726
C4,VERONICA,Bella_Flor,9.553179579041647,4.565597701020118,Sist. Ais.,518.56,1275.52,False,11.463,False,False,4.565597701020118,root,4.565597701020118
C4,ALEGRIA,Bella_Flor,5.997061128526646,5.003179086257375,Sist. Ais.,892.19,1275.52,False,7.196,False,False,5.003179086257375,root,5.003179086257375
C4,INTEGRAL CIVICA,Bella_Flor,3.7178403493058667,11.068926320678337,Sist. Ais.,3139.04,1275.52,True,4.461,True,True,,,
C4,VILLA MAVARI,Bella_Flor,5.0755989699955215,16.23889079288221,Sist. Ais.,3371.97,1275.52,True,6.09,True,True,,,
C4,NUEVA ESPERANZA,Bella_Flor,9.391457680250785,18.07428329880881,Sist. Ais.,2035.31,1275.52,True,11.269,True,True,,,
C4,PUERTO VARGAS ARROYO GRANDE,Bella_Flor,16.22912001791312,19.98608147100141,Sist. Ais.,1308.67,1275.52,False,19.473,False,True,14.098627573238602,tap,14.429551660133583
C4,FORTIN,Bella_Flor,35.22262651141962,21.20908695057307,Sist. Ais.,648.81,1275.52,False,42.263,False,False,21.19492292458677,node,21.19492292458677
C4,MAPAJO,Bella_Flor,37.291256157635466,22.710274447771184,Sist. Ais.,655.99,1275.52,False,44.745,False,False,3.072565973834914,root,22.710274447771184
C4,MONTE VIDEO,Bella_Flor,14.709639498432601,34.50749088734348,Sist. Ais.,2477.1,1275.52,False,17.65,False,True,2.4332640490242987,tap,2.7074552637455147
C4,MONTEVIDEO PUERTO EVO,Bella_Flor,116.5904052843708,35.6088348178308,Sist. Ais.,337.7,1275.52,False,139.894,False,False,1.1872405286663934,root,35.6088348178308
C4,LONDRES,Filadelfia,33.712829226847916,0.0040722913206309,Sist. Ais.,17.6,1269.91,False,40.271,False,False,0.004072291320149232,root,0.0040722913206309
C4,FILADELFIA,Filadelfia,28.157179269328804,0.0078139358790586,Sist. Ais.,17.77,1269.91,False,33.635,False,False,0.007813935879007236,root,0.0078139358790586
C4,LAGO,Filadelfia,32.3874256584537,0.0085497775013129,Sist. Ais.,17.75,1269.91,False,38.688,False,False,0.00854977750088826,root,0.0085497775013129
C4,CURICHON,Filadelfia,28.29056924384027,0.0092905054118727,Sist. Ais.,17.82,1269.91,False,33.794,False,False,0.009290505411807452,root,0.0092905054118727
C4,CHIVE,Filadelfia,36.75106202209006,0.0097928563094671,Sist. Ais.,17.75,1269.91,False,43.9,False,False,0.009792856310057888,root,0.0097928563094671
C4,SOBERANIA BELLA VISTA,Filadelfia,102.59728122344944,0.0154002887526083,Sist. Ais.,17.63,1269.91,False,122.555,False,False,0.015400288752267911,root,0.0154002887526083
C4,PURISIMA,Filadelfia,15.33305012744265,0.0186588797806377,Sist. Ais.,18.75,1269.91,False,18.316,False,False,0.018658879780635636,root,0.0186588797806377
C4,AMAZONICA,Filadelfia,49.97536108751062,0.0216098640998723,Sist. Ais.,17.93,1269.91,False,59.697,False,False,0.021609864100740252,root,0.0216098640998723
C4,NUEVA UNION,Filadelfia,34.11299915038233,0.0227461013277667,Sist. Ais.,18.17,1269.91,False,40.749,False,False,0.02274610132801109,root,0.0227461013277667
C4,BUYUYO 2,Filadelfia,10.177570093457945,0.0273608719672354,Sist. Ais.,20.29,1269.91,False,12.157,False,False,0.027360871967249168,root,0.0273608719672354
C4,PETRONILA,Filadelfia,2.7757009345794392,0.0284135579633864,Sist. Ais.,28.21,1269.91,False,3.316,False,False,0.028413557963394953,root,0.0284135579633864
C4,REINO DE LOS LOBOS,Filadelfia,4.759558198810535,0.0347632056675433,Sist. Ais.,25.13,1269.91,False,5.685,False,False,0.034763205667519934,root,0.0347632056675433
C4,BUYUYO,Filadelfia,14.541206457094308,0.0375578175833762,Sist. Ais.,20.18,1269.91,False,17.37,False,False,0.0375578175831001,root,0.0375578175833762
C4,NUEVA ALIANZA,Filadelfia,39.264231096006796,0.0385076509919729,Sist. Ais.,18.5,1269.91,False,46.902,False,False,0.03850765099197299,root,0.0385076509919729
C4,LUZ DE AMERICA,Filadelfia,8.327102803738317,0.0420550000017007,Sist. Ais.,22.77,1269.91,False,9.947,False,False,0.042055000001638,root,0.0420550000017007
C4,ESPIRITU,Filadelfia,13.878504672897195,0.0455896037746772,Sist. Ais.,20.92,1269.91,False,16.578,False,False,0.04558960377525966,root,0.0455896037746772
C4,FLORIDA,Filadelfia,11.765505522514868,0.0597161202153398,Sist. Ais.,22.8,1269.91,False,14.054,False,False,0.05971612021552081,root,0.0597161202153398
C4,SAN ANTONIO,Filadelfia,7.122618384945166,0.0628025485219004,Sist. Ais.,26.72,1269.91,False,8.508,False,False,0.06280254852195995,root,0.0628025485219004
C4,EMPRESIÑA,Filadelfia,23.401869158878505,0.0663372445380953,Sist. Ais.,20.45,1269.91,False,27.954,False,False,0.06633724453780936,root,0.0663372445380953
C4,EL CHORRO,Filadelfia,29.486830926083265,0.0800293263235113,Sist. Ais.,20.32,1269.91,False,35.223,False,False,0.08002932632412593,root,0.0800293263235113
C4,HOLANDA,Filadelfia,14.40781648258284,0.082700327333396,Sist. Ais.,23.49,1269.91,False,17.211,False,False,0.08270032733355738,root,0.082700327333396
C4,PLANCHON,Filadelfia,17.054375531011043,0.0997839610593352,Sist. Ais.,23.61,1269.91,False,20.372,False,False,0.09978396105935146,root,0.0997839610593352
C4,HONDURAS,Filadelfia,0.9252336448598132,0.1028471443821451,Sist. Ais.,134.02,1269.91,False,1.105,False,False,0.10284714438214518,root,0.1028471443821451
C4,10 DE NOVIEMBRE,Filadelfia,12.69073916737468,0.1054323368683312,Sist. Ais.,26.19,1269.91,False,15.159,False,False,0.10543233686827008,root,0.1054323368683312
C4,VILLA BELLA,Filadelfia,27.49872557349193,0.1198203125788032,Sist. Ais.,22.04,1269.91,False,32.848,False,False,0.1198203125785685,root,0.1198203125788032
C4,SAN ANTONIO,Filadelfia,12.84084805515679,0.1491548977333585,Sist. Ais.,29.65,1269.91,False,15.339,False,False,0.14915489773335858,root,0.1491548977333585
C4,19 DE AGOSTO,Filadelfia,31.862361937128295,0.1584253791290835,Sist. Ais.,22.69,1269.91,False,38.06,False,False,0.1584253791287543,root,0.1584253791290835
C4,LONDRES II,Filadelfia,17.583687340696684,0.4062132886537431,Sist. Ais.,41.7,1269.91,False,21.004,False,False,0.4062132886537431,root,0.4062132886537431
C4,COMPENSACION ESPIRITU I,Filadelfia,3.8343245539507222,2.060707564628424,Sist. Ais.,580.96,1269.91,False,4.58,False,False,1.427820029939285,tap,1.959524011975217
C4,CAPERNAUN,Filadelfia,6.2141036533559895,3.397252510693868,Sist. Ais.,590.68,1269.91,False,7.423,False,False,1.3420373748942045,root,3.397252510693868
C4,LAGO 2,Filadelfia,20.092608326253185,3.501906568295005,Sist. Ais.,200.21,1269.91,False,24.001,False,False,3.5019065682949653,root,3.501906568295005
C4,RIMBER ECUARI,Filadelfia,12.824129141886152,5.053486496511826,Sist. Ais.,430.64,1269.91,False,15.319,False,False,5.053486496511826,root,5.053486496511826
C4,SAN FRANCISCO DE ASIS,Filadelfia,6.476635514018692,6.5289632673264,Sist. Ais.,1074.42,1269.91,False,7.737,False,False,6.5289632673264,root,6.5289632673264
C4,GRAN TULAPA,Filadelfia,8.593882752761257,6.786397882625297,Sist. Ais.,845.43,1269.91,False,10.266,False,False,3.3895364606593668,node,3.3895364606593668
C4,GRAN PROGRESO,Filadelfia,14.145284621920135,6.996711760446482,Sist. Ais.,536.08,1269.91,False,16.897,False,False,6.996711760446482,root,6.996711760446482
C4,MONTECARLO,Filadelfia,24.197960917587086,7.403518096015623,Sist. Ais.,338.26,1269.91,False,28.905,False,False,7.403518096015623,root,7.403518096015623
C4,UCIA,Filadelfia,57.239592183517416,7.773976099325546,Sist. Ais.,159.87,1269.91,False,68.374,False,False,7.773976099325546,root,7.773976099325546
C4,FELIX ROCA,Filadelfia,50.37977909940527,7.94503197819945,Sist. Ais.,182.82,1269.91,False,60.18,False,False,5.8821947801105905,node,7.542036324516319
C4,VILLA SACRIFICIO,Filadelfia,22.343245539507222,9.024192492832618,Sist. Ais.,440.94,1269.91,False,26.69,False,False,8.988431059988207,node,8.988431059988207
C4,PUERTO SUCRE,Filadelfia,15.995751911639763,9.120869176258257,Sist. Ais.,615.32,1269.91,False,19.107,False,False,8.832202711565802,tap,8.986816938756691
C4,NUEVA HOLANDA,Filadelfia,16.787595581988104,11.428750394463094,Sist. Ais.,731.26,1269.91,False,20.053,False,False,11.428750394463094,root,11.428750394463094
C4,ESPIRITU II,Filadelfia,21.284621920135937,13.303902293062398,Sist. Ais.,672.82,1269.91,False,25.425,False,False,5.611562814777277,node,7.51797823326221
C4,LIMON,Filadelfia,24.193712829226847,13.830327438977116,Sist. Ais.,616.83,1269.91,False,28.9,False,False,13.830327438977116,root,13.830327438977116
C4,VISTA HERMOSA,Filadelfia,13.878504672897195,14.355817278619124,Sist. Ais.,1102.01,1269.91,False,16.578,False,False,10.984154244167602,tap,10.986603555749248
C4,SAN FRANCISCO,Filadelfia,17.979609175870856,15.011208539056788,Sist. Ais.,892.85,1269.91,False,21.477,False,False,9.583715834733454,node,9.583715834733454
C4,NUEVA ALEGRIA,Filadelfia,22.87255734919286,15.322962601043804,Sist. Ais.,719.88,1269.91,False,27.322,False,False,10.648555937044387,tap,11.36599652479372
C4,11 DE SEPTIEMBRE,Filadelfia,22.338997451146987,18.39390699322892,Sist. Ais.,880.79,1269.91,False,26.685,False,False,9.191631921420612,tap,9.387252906293558
C4,NUEVA FRONTERA,Filadelfia,17.183517417162275,18.40233047214894,Sist. Ais.,1140.32,1269.91,False,20.526,False,False,3.5182305213043854,node,3.5182305213043854
C4,NUEVA JERUSALEN,Filadelfia,19.03823279524214,20.53853066797948,Sist. Ais.,1148.57,1269.91,False,22.742,False,False,6.072513858222251,node,6.072513858222251
C4,ALTO MONTE EL PINPOLLO SAMARIA,Filadelfia,26.83177570093458,23.879811375745646,Sist. Ais.,950.6,1269.91,False,32.051,False,False,8.558224179477714,node,8.558224179477714
C4,VILLA PRIMERO DE MAYO,Filadelfia,32.12914188615123,24.214502089672028,Sist. Ais.,807.67,1269.91,False,38.379,False,False,3.974183369856859,node,16.890379843963892
C4,18 DE NOVIEMBRE,Filadelfia,24.060322854715377,24.788186708900398,Sist. Ais.,1097.67,1269.91,False,28.741,False,False,1.2683884147521158,node,1.5003652057032548
C4,ALTA GRACIA,Filadelfia,25.65250637213254,27.70699821258617,Sist. Ais.,1149.92,1269.91,False,30.643,False,False,16.59754840359217,node,16.59754840359217
C4,CATOLICA LA CRUZ,Filadelfia,13.749362786745966,48.34804005307951,Sist. Ais.,3704.32,1269.91,True,16.424,True,True,,,
C4,HUMAITA,Ingavi,104.3841059602649,30.574084918483518,Sist. Ais.,324.57,1278.23,False,125.519,False,False,3.5310331840634537,node,20.107153464810658
C4,LAS AMALIAS,Ingavi,14.560430463576159,33.11107458799566,Sist. Ais.,2401.75,1278.23,False,17.508,False,True,1.4065054321928205,tap,2.034284973122851
C4,SAN JUAN DE NUEVO MUNDO,Ingavi,31.84519867549669,34.81515532963927,Sist. Ais.,1163.73,1278.23,False,38.293,False,False,7.351723271719271,tap,7.608792510549498
C4,INGAVI,Ingavi,91.34602649006622,35.29050929751297,Sist. Ais.,422.54,1278.23,False,109.841,False,False,1.6498748834871795,node,29.340902074705834
C4,SAN LUIS,Ingavi,25.331953642384107,35.675659028318584,Sist. Ais.,1494.07,1278.23,False,30.461,False,True,1.6653027541994372,tap,10.321310222324362
C4,DERREPENTE,Ingavi,43.681291390728475,40.03552137302023,Sist. Ais.,978.44,1278.23,False,52.525,False,False,12.297038362208175,node,12.297038362208175
C4,GENESIS UNIDO,Ingavi,12.099337748344372,45.83894673035316,Sist. Ais.,3989.67,1278.23,False,14.549,False,True,10.192560961289793,tap,11.55009567921468
C4,CONFLICTO,Ingavi,37.431291390728475,45.91443893685295,Sist. Ais.,1303.57,1278.23,False,45.01,False,True,1.1689214786736035,node,12.932114296223348
C4,PUERTO SUCRE,Ingavi,42.94867549668874,50.67912227590329,Sist. Ais.,1254.67,1278.23,False,51.644,False,False,5.432900813506784,node,17.784199594551954
C4,SANTA CLAUDIA,Ingavi,11.767384105960266,53.19094624377257,Sist. Ais.,4756.79,1278.23,True,14.15,True,True,,,
C4,11 DE OCTUBRE,Ingavi,5.185430463576159,60.01542798846869,Sist. Ais.,12152.37,1278.23,True,6.235,True,True,,,
C4,JERUSALEN,Ingavi,25.927152317880797,64.47060732879345,Sist. Ais.,2624.62,1278.23,False,31.177,False,True,25.519559390224018,tap,25.546316542594653
C4,TAJIBO,Ingavi,20.74172185430464,79.0251395586302,Sist. Ais.,4012.12,1278.23,True,24.941,True,True,,,
C4,PUERTO CONSUELO II,Nueva_Esperanza,20.061986863711002,1.0694581196950332,Sist. Ais.,73.37,1273.74,False,24.038,False,False,1.0694581196956972,root,1.0694581196950332
C4,PUERTO CONSUELO I,Nueva_Esperanza,51.238095238095234,6.895524624497626,Sist. Ais.,158.58,1273.74,False,61.392,False,False,6.895524624497626,root,6.895524624497626
C4,ASERRADERO LOS INDIOS,Nueva_Esperanza,24.48152709359606,11.220701437124731,Sist. Ais.,498.03,1273.74,False,29.333,False,False,6.935678229979755,node,6.935678229979755
C4,LA GRAN CRUZ,Nueva_Esperanza,68.52189381499726,27.552375529300367,Sist. Ais.,439.06,1273.74,False,82.102,False,False,18.98703452830194,node,18.98703452830194
C4,NUEVA UNION,Nueva_Esperanza,62.65818281335523,37.26559495908736,Sist. Ais.,641.05,1273.74,False,75.076,False,False,5.955225092976609,tap,21.359387214486468
C4,16 DE MAYO,Nueva_Esperanza,16.583470169677064,37.47540853135139,Sist. Ais.,2386.82,1273.74,False,19.87,False,True,0.37988030855450616,node,0.37988030855450616
C4,EL TIGRE,Nueva_Esperanza,36.14230979748221,37.76473699365205,Sist. Ais.,1113.02,1273.74,False,43.305,False,False,2.672588767233845,tap,6.527437217374304
C4,ARCA DE ISRAEL,Nueva_Esperanza,107.37712096332785,42.28726714761592,Sist. Ais.,430.39,1273.74,False,128.657,False,False,8.418672607213452,node,14.828068447057722
C4,LA LOMA,Nueva_Esperanza,8.160509031198686,45.825687364088736,Sist. Ais.,5905.23,1273.74,False,9.778,False,True,8.583642258316504,node,8.583642258316504
C4,NUEVA ESPERANZA,Nueva_Esperanza,22.774904214559385,59.26064102624858,Sist. Ais.,2745.62,1273.74,False,27.288,False,True,21.7614235852797,node,21.7614235852797
C4,PORVENIR,Porvenir,67.26502866502867,0.0046819770650741,Sist. Ais.,17.55,1270.59,False,80.394,False,False,0.00468197706482108,root,0.0046819770650741
C4,COLORADO,Porvenir,26.115096915096917,0.004831432095126,Sist. Ais.,17.67,1270.59,False,31.212,False,False,0.004831432095059395,root,0.004831432095126
C4,5 DE AGOSTO,Porvenir,35.347665847665844,0.0077109414282825,Sist. Ais.,17.7,1270.59,False,42.247,False,False,0.007710941428253675,root,0.0077109414282825
C4,NUEVA ESPERANZA,Porvenir,10.195986895986897,0.0082296909311171,Sist. Ais.,18.32,1270.59,False,12.186,False,False,0.008229690931096009,root,0.0082296909311171
C4,COCAMITA,Porvenir,17.181244881244883,0.0085908420853552,Sist. Ais.,18.0,1270.59,False,20.535,False,False,0.008590842085922578,root,0.0085908420853552
C4,CACHUELITA BAJO,Porvenir,5.7013650013650015,0.0463689895224187,Sist. Ais.,26.0,1270.59,False,6.814,False,False,0.04636898952265589,root,0.0463689895224187
C4,VILLA ROJAS,Porvenir,29.65817635817636,0.0589106228955742,Sist. Ais.,19.56,1270.59,False,35.447,False,False,0.05891062289600366,root,0.0589106228955742
C4,SANTA FE,Porvenir,20.44736554736555,0.0824284034065172,Sist. Ais.,21.7,1270.59,False,24.438,False,False,0.08242840340651725,root,0.0824284034065172
C4,TRINCHERA,Porvenir,29.402975702975706,0.1183673599489279,Sist. Ais.,21.7,1270.59,False,35.142,False,False,0.11836735994962799,root,0.1183673599489279
C4,AGUA RICA,Porvenir,27.48801528801529,0.1392873902271401,Sist. Ais.,22.79,1270.59,False,32.853,False,False,0.13928739022714018,root,0.1392873902271401
C4,SAN JORGE,Porvenir,9.564919464919466,0.2313058860608959,Sist. Ais.,42.83,1270.59,False,11.432,False,False,0.23130588606069907,root,0.2313058860608959
C4,SAN LUIS,Porvenir,14.198848848848849,0.2755196574563058,Sist. Ais.,37.82,1270.59,False,16.97,False,False,0.2755196574566206,root,0.2755196574563058
C4,GRAN CHACO,Porvenir,6.852716352716353,0.5136614929567195,Sist. Ais.,96.07,1270.59,False,8.19,False,False,0.5136614929566529,root,0.5136614929567195
C4,CACHUELITA ALTA,Porvenir,18.90827190827191,0.5552530182764865,Sist. Ais.,48.26,1270.59,False,22.599,False,False,0.5552530182764865,root,0.5552530182764865
C4,TRES BARRACAS,Porvenir,7.2068250068250075,1.3908996864534304,Sist. Ais.,219.83,1270.59,False,8.613,False,False,1.3908996864534382,root,1.3908996864534304
C4,EL CEDRO,Porvenir,5.535189735189736,2.8263488046884984,Sist. Ais.,552.84,1270.59,False,6.616,False,False,2.8263488046889242,root,2.8263488046884984
C4,VILLA MARIETA,Porvenir,7.8932841932841935,5.120034132195242,Sist. Ais.,697.58,1270.59,False,9.434,False,False,5.120034132195002,root,5.120034132195242
C4,SAN JOSE,Porvenir,6.332432432432433,6.7228078990545015,Sist. Ais.,1130.58,1270.59,False,7.568,False,False,2.7706721890532955,node,2.7706721890532955
C4,NUEVA VIDA,Porvenir,5.756756756756757,6.859128780982459,Sist. Ais.,1266.72,1270.59,False,6.88,False,False,6.01023932722155,node,6.01023932722155
C4,SAN LUIS,Porvenir,13.39994994994995,8.258669929802721,Sist. Ais.,663.67,1270.59,False,16.015,False,False,8.258669929802721,root,8.258669929802721
C4,BUENA VISTA,Porvenir,16.251460551460553,10.001721712746782,Sist. Ais.,662.74,1270.59,False,19.423,False,False,4.637825639084323,tap,4.758556981770981
C4,CAMPO ANA,Porvenir,22.827218127218128,10.53261617311902,Sist. Ais.,501.25,1270.59,False,27.283,False,False,10.53261617311902,root,10.53261617311902
C4,CASTAÑERA,Porvenir,20.98940758940759,10.949226412871568,Sist. Ais.,564.42,1270.59,False,25.086,False,False,3.7221749675780496,node,4.787274911341492
C4,AVAROA,Puerto_Rico,9.265000589414122,0.0044324401661622,Sist. Ais.,17.98,1277.09,False,11.131,False,False,0.004432440166870948,root,0.0044324401661622
C4,LOS ANGELES,Puerto_Rico,10.182325435184094,0.0093418816422981,Sist. Ais.,18.44,1277.09,False,12.233,False,False,0.00934188164204928,root,0.0093418816422981
C4,CAMPEONES,Puerto_Rico,26.226374317261975,0.0314298893532684,Sist. Ais.,18.73,1277.09,False,31.508,False,False,0.03142988935323187,root,0.0314298893532684
C4,MOTACUZAL,Puerto_Rico,10.301583559275414,0.0379617714620112,Sist. Ais.,21.34,1277.09,False,12.376,False,False,0.037961771461602345,root,0.0379617714620112
C4,JERICO,Puerto_Rico,12.255491374906676,0.0949263601518412,Sist. Ais.,25.6,1277.09,False,14.724,False,False,0.0949263601515719,root,0.0949263601518412
C4,ARROYO SECO,Puerto_Rico,8.494439860112381,0.1129215932644143,Sist. Ais.,31.41,1277.09,False,10.205,False,False,0.11292159326382184,root,0.1129215932644143
C4,BATRAJA,Puerto_Rico,42.80246768045895,0.1716240168182745,Sist. Ais.,21.68,1277.09,False,51.422,False,False,0.17162401681836595,root,0.1716240168182745
C4,SAN ANTONIO EL MATI,Puerto_Rico,22.731345043027233,0.1860837627246362,Sist. Ais.,26.06,1277.09,False,27.309,False,False,0.18608376272463628,root,0.1860837627246362
C4,NUEVA JERUSALEN,Puerto_Rico,13.425085465047745,0.190839829833467,Sist. Ais.,32.38,1277.09,False,16.129,False,False,0.19083982983346703,root,0.190839829833467
C4,CONQUISTA,Puerto_Rico,11.218908405045385,0.1999035150449466,Sist. Ais.,36.16,1277.09,False,13.478,False,False,0.1999035150449466,root,0.1999035150449466
C4,PUERTO RICO,Puerto_Rico,189.7306377460804,0.2459652497398414,Sist. Ais.,18.83,1277.09,False,227.939,False,False,0.2459652497398414,root,0.2459652497398414
C4,MANDARINO,Puerto_Rico,4.958151597312272,1.6873098074688837,Sist. Ais.,374.28,1277.09,False,5.957,False,False,1.6873098074689852,root,1.6873098074688837
C4,PUERTO MADRE DE DIOS,Puerto_Rico,5.875476443082243,1.7925680531770327,Sist. Ais.,337.36,1277.09,False,7.059,False,False,1.7925680531770327,root,1.7925680531770327
C4,EL PIÑAL,Puerto_Rico,1.435616330700617,3.75906285067682,Sist. Ais.,2762.83,1277.09,True,1.725,True,True,,,
C4,LA ESPERANZA,Puerto_Rico,2.6052104208416837,4.929719204518715,Sist. Ais.,2001.46,1277.09,True,3.13,True,True,,,
C4,IRAK,Puerto_Rico,21.534244960509255,5.2444938173004845,Sist. Ais.,272.82,1277.09,False,25.871,False,False,5.2444938173004845,root,5.2444938173004845
C4,NACEBECITO,Puerto_Rico,14.874454791936817,5.671297227341397,Sist. Ais.,417.23,1277.09,False,17.87,False,False,5.671297227341397,root,5.671297227341397
C4,MAPIMEJE,Puerto_Rico,1.3026052104208417,6.801773390069309,Sist. Ais.,5492.26,1277.09,True,1.565,True,True,,,
C4,FLORIDA,Puerto_Rico,13.159063224488193,7.089287716987203,Sist. Ais.,582.33,1277.09,False,15.809,False,False,6.964559903910298,tap,7.059662239046687
C4,JAPA,Puerto_Rico,1.435616330700617,7.854426447060819,Sist. Ais.,5753.81,1277.09,True,1.725,True,True,,,
C4,SACRIFICIO,Puerto_Rico,5.994734567173563,8.692444535543416,Sist. Ais.,1537.78,1277.09,False,7.202,False,True,3.579298014830886,node,3.579298014830886
C4,TRINIDACITO,Puerto_Rico,1.9539078156312624,11.8974145302609,Sist. Ais.,6401.68,1277.09,True,2.347,True,True,,,
C4,DESLINDE,Puerto_Rico,9.531022829973672,12.92617609916942,Sist. Ais.,1439.44,1277.09,False,11.45,False,True,3.162910155537677,node,6.088954995155534
C4,PENINSULA,Puerto_Rico,2.871232661401234,15.356149484344698,Sist. Ais.,5625.01,1277.09,True,3.449,True,True,,,
C4,BOLIVAR,Puerto_Rico,4.572871232661401,15.369503247042154,Sist. Ais.,3541.42,1277.09,True,5.494,True,True,,,
C4,FLORENCIA,Puerto_Rico,0.6513026052104208,15.613692533985269,Sist. Ais.,25152.59,1277.09,True,0.782,True,True,,,
C4,SANTA ANA DEL TATU,Puerto_Rico,12.282997367283587,16.56173049196124,Sist. Ais.,1431.18,1277.09,False,14.757,False,True,12.99056948226573,node,12.99056948226573
C4,SAN JUAN,Puerto_Rico,5.7424653228024685,16.90392884109661,Sist. Ais.,3103.84,1277.09,False,6.899,False,True,2.5023379521848876,tap,3.8501212487917083
C4,CASCABELES,Puerto_Rico,4.825140477032496,17.89080560800216,Sist. Ais.,3905.04,1277.09,False,5.797,False,True,2.0961138843370763,node,2.0961138843370763
C4,LITORAL,Puerto_Rico,7.69637313843373,18.30380638214324,Sist. Ais.,2511.0,1277.09,True,9.246,True,True,,,
C4,BRUNO RACUA,Puerto_Rico,10.035561318715862,18.47768406389292,Sist. Ais.,1947.95,1277.09,False,12.057,False,True,6.75584380404508,node,6.75584380404508
C4,BUENA VENTURA,Puerto_Rico,3.256513026052104,19.16541512812625,Sist. Ais.,6188.02,1277.09,True,3.912,True,True,,,
C4,KIOSCO,Puerto_Rico,5.476443082242917,22.132505236829488,Sist. Ais.,4254.78,1277.09,True,6.579,True,True,,,
C4,COCAL,Puerto_Rico,17.74568745333805,23.58876331093029,Sist. Ais.,1411.18,1277.09,False,21.319,False,True,7.5258921825492155,node,7.5258921825492155
C4,SANTA MARIA,Puerto_Rico,7.5633620181539545,23.59916707913372,Sist. Ais.,3288.92,1277.09,False,9.086,False,True,8.16380274018204,node,8.16380274018204
C4,CANAN AGUADA,Puerto_Rico,8.732956108295022,24.566098522027737,Sist. Ais.,2966.87,1277.09,False,10.492,False,True,9.452762833067009,node,9.452762833067009
C4,PUERTO CARDENAS,Puerto_Rico,1.3026052104208417,26.344396375970756,Sist. Ais.,21222.24,1277.09,True,1.565,True,True,,,
C4,PROVIDENCIA,Puerto_Rico,1.435616330700617,26.65777433137254,Sist. Ais.,19486.47,1277.09,False,1.725,True,True,0.9997345688244235,tap,
C4,INDEPENDENCIA,Puerto_Rico,8.480686863923927,27.839585351256023,Sist. Ais.,3459.31,1277.09,False,10.189,False,True,1.8990876628334163,tap,3.305061669526351
C4,MANCHESTER,Puerto_Rico,12.521513615466226,30.60584332179751,Sist. Ais.,2580.22,1277.09,False,15.043,False,True,0.20927859656320152,tap,0.3942448682746256
C4,EL CARMEN,Puerto_Rico,42.08240009430626,30.673152422278772,Sist. Ais.,781.69,1277.09,False,50.557,False,False,0.3341129826592049,node,23.636941637792955
C4,NUEVA VIDA,Puerto_Rico,6.513026052104208,31.49935538994808,Sist. Ais.,5088.28,1277.09,False,7.825,False,True,7.190155985752843,node,7.190155985752843
C4,HIROSHIMA,Puerto_Rico,11.47117764941648,33.34145902343985,Sist. Ais.,3064.91,1277.09,False,13.781,False,True,8.729976816801626,node,8.729976816801626
C4,PUERTO AMERICA,Puerto_Rico,4.559118236472946,34.71251597812044,Sist. Ais.,8000.42,1277.09,False,5.477,False,True,2.348884585352304,tap,2.528198717107676
C4,VICTORIA,Puerto_Rico,2.219930056190813,35.91352420318777,Sist. Ais.,16979.47,1277.09,False,2.667,True,True,0.8797380408716408,tap,
C4,ALIANZA,Puerto_Rico,9.517269833785218,36.66095048120904,Sist. Ais.,4056.25,1277.09,False,11.434,False,True,0.9351630648604313,tap,9.275008676116874
C4,CAMACHO,Puerto_Rico,2.219930056190813,39.26206127814715,Sist. Ais.,18560.98,1277.09,True,2.667,True,True,,,
C4,LAS ARENAS,Puerto_Rico,3.65554638689143,39.80558742614102,Sist. Ais.,11434.42,1277.09,True,4.392,True,True,,,
C4,NARANJAL,San_Lorenzo,3.734982332155477,0.0039301835402918,Sist. Ais.,18.58,1278.98,False,4.494,False,False,0.00393018353990907,root,0.0039301835402918
C4,VISTA ALEGRE,San_Lorenzo,8.700369418567298,0.0330269155867351,Sist. Ais.,21.45,1278.98,False,10.468,False,False,0.03302691558754838,root,0.0330269155867351
C4,BLANCA FLOR,San_Lorenzo,15.800032123353677,0.0348239138550811,Sist. Ais.,19.79,1278.98,False,19.01,False,False,0.034823913855364624,root,0.0348239138550811
C4,GENECHIQUIA,San_Lorenzo,44.322116929007386,0.0843215109303369,Sist. Ais.,19.47,1278.98,False,53.328,False,False,0.08432151093069275,root,0.0843215109303369
C4,SANTA ELENA,San_Lorenzo,33.85777385159011,0.0871459656702531,Sist. Ais.,20.17,1278.98,False,40.737,False,False,0.0871459656701394,root,0.0871459656702531
C4,LORETO,San_Lorenzo,9.520639254738194,0.1259878652667654,Sist. Ais.,31.35,1278.98,False,11.455,False,False,0.12598786526680442,root,0.1259878652667654
C4,NUEVA ESPERANZA,San_Lorenzo,2.010841631866367,0.1613170365608272,Sist. Ais.,101.59,1278.98,False,2.419,False,False,0.16131703656140323,root,0.1613170365608272
C4,NUEVO HORIZONTE,San_Lorenzo,7.633231609380019,0.196574676704216,Sist. Ais.,44.48,1278.98,False,9.184,False,False,0.19657467670387463,root,0.196574676704216
C4,PALESTINA,San_Lorenzo,9.644073241246385,0.1998269599319047,Sist. Ais.,39.2,1278.98,False,11.604,False,False,0.1998269599319047,root,0.1998269599319047
C4,LOS REYES,San_Lorenzo,12.968920655316415,0.2861686635769537,Sist. Ais.,40.61,1278.98,False,15.604,False,False,0.28616866357730475,root,0.2861686635769537
C4,SAN MARTIN,San_Lorenzo,16.333601027947317,0.8351533740726772,Sist. Ais.,71.08,1278.98,False,19.652,False,False,0.7675600161206865,node,0.7675600161206865
C4,REMANSO,San_Lorenzo,11.121345968519112,0.9040819464872724,Sist. Ais.,102.71,1278.98,False,13.381,False,False,0.9040819464872725,root,0.9040819464872724
C4,NAVIDAD,San_Lorenzo,14.159492451011886,1.1576420617696976,Sist. Ais.,103.2,1278.98,False,17.036,False,False,1.1576420617696976,root,1.1576420617696976
C4,SAMARIA,San_Lorenzo,18.428043687761004,1.4373880366144585,Sist. Ais.,99.26,1278.98,False,22.172,False,False,1.4373880366144585,root,1.4373880366144585
C4,SANTA MARIA,San_Lorenzo,8.700369418567298,1.5060804842509012,Sist. Ais.,198.97,1278.98,False,10.468,False,False,1.5060804842510405,root,1.5060804842509012
C4,GALILEA,San_Lorenzo,6.0325248955991,1.6591496641340502,Sist. Ais.,305.84,1278.98,False,7.258,False,False,1.6591496641340502,root,1.6591496641340502
C4,NANAGUA,San_Lorenzo,7.223096691294572,1.7213765092462208,Sist. Ais.,267.34,1278.98,False,8.691,False,False,0.8965518840665904,node,0.8965518840665904
C4,VIÑA DEL RIO,San_Lorenzo,5.622389977513652,3.085192357942196,Sist. Ais.,592.81,1278.98,False,6.765,False,False,3.085192357942196,root,3.085192357942196
C4,COPACABANA,San_Lorenzo,5.622389977513652,5.585728829558041,Sist. Ais.,1059.11,1278.98,False,6.765,False,False,2.7313182158169957,tap,3.4619061404149893
C4,PUERTO COPACABANA,San_Lorenzo,37.50915515579827,6.999531552815245,Sist. Ais.,213.13,1278.98,False,45.13,False,False,2.1271330303931046,root,6.999531552815245
C4,SANTA ANITA,San_Lorenzo,0.5335689045936396,7.572366479542287,Sist. Ais.,14897.35,1278.98,True,0.642,True,True,,,
C4,EXALTACION,San_Lorenzo,15.760199164792805,9.028990587682555,Sist. Ais.,618.14,1278.98,False,18.962,False,False,9.02899058768234,root,9.028990587682555
C4,VENECIA,San_Lorenzo,9.48080629617732,11.14820455278636,Sist. Ais.,1250.35,1278.98,False,11.407,False,False,9.521471764190016,node,9.521471764190016
C4,TRIGALITO,San_Lorenzo,4.9653870864118215,11.331689132738669,Sist. Ais.,2410.24,1278.98,True,5.974,True,True,,,
C4,SAN SALVADOR,San_Lorenzo,3.077979441053646,11.687829886739417,Sist. Ais.,3998.79,1278.98,True,3.703,True,True,,,
C4,LITUANIA,San_Lorenzo,8.166800513973659,12.005013459436716,Sist. Ais.,1558.71,1278.98,False,9.826,False,True,5.449611965129911,node,5.449611965129911
C4,BRIGIDA,San_Lorenzo,6.279392868615483,12.046605765822646,Sist. Ais.,2028.91,1278.98,True,7.555,True,True,,,
C4,IBERIA,San_Lorenzo,10.054208159331834,12.699099270374104,Sist. Ais.,1341.76,1278.98,False,12.097,False,True,5.323767255340154,node,5.323767255340154
C4,SINAI,San_Lorenzo,20.849020237712818,14.38846103491433,Sist. Ais.,741.05,1278.98,False,25.085,False,False,10.511026629804357,node,10.511026629804357
C4,TRINIDACITO,San_Lorenzo,48.14070028911018,14.793132494058684,Sist. Ais.,339.66,1278.98,False,57.922,False,False,14.793132494058684,root,14.793132494058684
C4,SAN LORENZO,San_Lorenzo,15.636765178284612,18.68776994112393,Sist. Ais.,1270.53,1278.98,False,18.814,False,False,13.18800854076024,node,13.18800854076024
C4,BITUMBO,San_Lorenzo,29.38218760038548,37.0518340880978,Sist. Ais.,1339.63,1278.98,False,35.352,False,True,4.177998337153619,node,10.726432036395364
C4,SAN JORGE,San_Lorenzo,12.968920655316415,39.25229278993184,Sist. Ais.,3190.83,1278.98,False,15.604,False,True,0.24858487657153633,tap,4.185387024651541
C4,CHARAL,San_Lorenzo,42.72141021522647,42.7941654182114,Sist. Ais.,1067.74,1278.98,False,51.402,False,False,2.127103046689597,node,8.025185382360013
C4,FORTALEZA,San_Lorenzo,44.48931898490203,52.54692285554989,Sist. Ais.,1255.84,1278.98,False,53.529,False,False,5.157151534850657,node,5.157151534850657
C4,ROSARIO,San_Lorenzo,6.936395759717315,62.816349798346025,Sist. Ais.,9512.52,1278.98,True,8.346,True,True,,,
C4,SAN ANTONIO,San_Lorenzo,2.1342756183745584,75.98233296960338,Sist. Ais.,37344.23,1278.98,True,2.568,True,True,,,
C4,VALPARAISO,San_Pedro,58.88384468279703,6.255156399287372,Sist. Ais.,128.85,1273.77,False,70.556,False,False,6.2551563992873715,root,6.255156399287372
C4,TRES ISLAS,San_Pedro,28.71148249771348,6.836868798793387,Sist. Ais.,267.14,1273.77,False,34.403,False,False,6.836868798793387,root,6.836868798793387
C4,SANTA ROSA,San_Pedro,30.264806962113024,11.32462097479034,Sist. Ais.,409.8,1273.77,False,36.264,False,False,7.577146074768594,node,7.577146074768594
C4,BARRACON,San_Pedro,36.828164407860086,11.50937083923596,Sist. Ais.,345.14,1273.77,False,44.128,False,False,6.018496392575715,tap,6.540998308102295
C4,MANGALITO,San_Pedro,41.68362850253596,15.516644150915504,Sist. Ais.,407.77,1273.77,False,49.946,False,False,4.239143942670882,node,4.239143942670882
C4,EL CARMEN,San_Pedro,49.26536127047476,16.595941793893523,Sist. Ais.,370.67,1273.77,False,59.031,False,False,8.362229841484018,node,8.362229841484018
C4,MARAVILLA,San_Pedro,28.372024056982898,16.931666501810643,Sist. Ais.,643.18,1273.77,False,33.996,False,False,16.81063772777734,node,16.81063772777734
C4,TRES ESTRELLAS,San_Pedro,42.42466949363931,17.21477267047513,Sist. Ais.,442.92,1273.77,False,50.834,False,False,11.133182678385367,node,11.133182678385367
C4,LOMA VELARDE,San_Pedro,47.51654610459798,18.775713465843,Sist. Ais.,431.77,1273.77,False,56.935,False,False,5.462498403241489,node,5.64243478968358
C4,PALLAR,San_Pedro,46.79670740833125,18.98476586537306,Sist. Ais.,442.83,1273.77,False,56.073,False,False,4.768466143008041,node,4.768466143008041
C4,SANTA ANA,San_Pedro,35.02782627975943,21.262776714833063,Sist. Ais.,653.93,1273.77,False,41.971,False,False,6.809017407595119,node,6.809017407595119
C4,NUEVA ESPERANZA,San_Pedro,2.2837643080845873,21.641627168006004,Sist. Ais.,9953.13,1273.77,False,2.736,False,True,1.7425933801064193,node,1.7425933801064193
C4,FORTALEZA,San_Pedro,44.01891577284443,23.15280366175136,Sist. Ais.,568.95,1273.77,False,52.744,False,False,5.348855058528779,tap,9.916218656083501
C4,FLOR ESPERANZA,San_Pedro,7.386242066461572,23.36013423239496,Sist. Ais.,3333.44,1273.77,False,8.85,False,True,6.483564803077224,tap,6.767407798791975
C4,12 DE MARZO,San_Pedro,39.790845597405834,26.839421043382245,Sist. Ais.,724.68,1273.77,False,47.678,False,False,6.62451036814373,node,6.62451036814373
C4,CAYUSAL,San_Pedro,44.553864915052245,27.800560881653688,Sist. Ais.,671.7,1273.77,False,53.385,False,False,1.961093675645374,node,4.440474475382489
C4,LA PAZ,San_Pedro,26.191305673346083,33.60697556825164,Sist. Ais.,1362.81,1273.77,False,31.383,False,True,1.3162249428404136,tap,2.110576990142024
C4,NACEBE,Santa_Rosa_Pando,2.6097051597051597,0.0007449728860776,Sist. Ais.,17.77,1276.81,False,3.135,False,False,0.0007449728860776324,root,0.0007449728860776
C4,LAS ABEJAS II,Santa_Rosa_Pando,17.21154791154791,0.0013612602813844,Sist. Ais.,17.56,1276.81,False,20.673,False,False,0.0013612602814169334,root,0.0013612602813844
C4,SANTA ROSA,Santa_Rosa_Pando,56.35712530712531,0.004933790002301,Sist. Ais.,17.57,1276.81,False,67.691,False,False,0.004933790002040547,root,0.004933790002301
C4,BERNARDINO RACUA,Santa_Rosa_Pando,26.973095823095825,0.0076842236168288,Sist. Ais.,17.77,1276.81,False,32.398,False,False,0.007684223615952139,root,0.0076842236168288
C4,SIMON BOLIVAR,Santa_Rosa_Pando,9.96031941031941,0.0124449220822759,Sist. Ais.,18.78,1276.81,False,11.963,False,False,0.012444922082043503,root,0.0124449220822759
C4,MONTERREY,Santa_Rosa_Pando,17.590663390663394,0.0140845673543956,Sist. Ais.,18.31,1276.81,False,21.128,False,False,0.014084567354430472,root,0.0140845673543956
C4,DOS LAGOS,Santa_Rosa_Pando,14.123341523341523,0.0212293683786539,Sist. Ais.,19.05,1276.81,False,16.964,False,False,0.021229368378349853,root,0.0212293683786539
C4,1RO DE MAYO,Santa_Rosa_Pando,9.761547911547911,0.0256207474030188,Sist. Ais.,20.23,1276.81,False,11.725,False,False,0.0256207474032149,root,0.0256207474030188
C4,LAS ABEJAS,Santa_Rosa_Pando,6.673341523341523,0.0320908332633664,Sist. Ais.,22.52,1276.81,False,8.015,False,False,0.032090833263285025,root,0.0320908332633664
C4,PUERTO MORALES AYMA,Santa_Rosa_Pando,49.62125307125307,0.0498893114288301,Sist. Ais.,18.53,1276.81,False,59.601,False,False,0.04988931142846655,root,0.0498893114288301
C4,ALTO BAHIA II,Santa_Rosa_Pando,32.59004914004914,8.588287549878975,Sist. Ais.,293.77,1276.81,False,39.144,False,False,8.588287549878975,root,8.588287549878975
C4,COPACABANA,Santa_Rosa_Pando,10.637592137592137,12.105802343102898,Sist. Ais.,1210.66,1276.81,False,12.777,False,False,10.42294083026895,tap,11.269563037139953
C4,VILLA DEL CARMEN,Santa_Rosa_Pando,10.33943488943489,13.891007665179725,Sist. Ais.,1426.1,1276.81,False,12.419,False,True,8.400079838800577,node,8.400079838800577
C4,16 DE JULIO,Santa_Rosa_Pando,0.6772727272727272,15.440936984884116,Sist. Ais.,23921.34,1276.81,True,0.813,True,True,,,
C4,PALESTINA,Santa_Rosa_Pando,26.873710073710072,30.809259456323662,Sist. Ais.,1219.49,1276.81,False,32.278,False,False,6.754268805811637,node,19.98150622603274
C4,SANTA TEREZA,Santos_Mercado,28.059746835443036,0.0651474452271159,Sist. Ais.,19.91,1284.99,False,33.922,False,False,0.06514744522711599,root,0.0651474452271159
C4,RESERVA,Santos_Mercado,65.17139240506329,0.0822600916696484,Sist. Ais.,18.8,1284.99,False,78.786,False,False,0.08226009166964847,root,0.0822600916696484
C4,CHIRIPA,Santos_Mercado,37.54639387695025,8.553353758026091,Sist. Ais.,256.33,1284.99,False,45.39,False,False,8.553353758026091,root,8.553353758026091
C4,PUERTO SUCRE,Santos_Mercado,9.61746835443038,10.50421556578216,Sist. Ais.,1162.62,1284.99,False,11.627,False,False,6.324312152926189,node,6.324312152926189
C4,CHIRIPA,Santos_Mercado,6.875631439505446,12.601261808838023,Sist. Ais.,1939.06,1284.99,False,8.312,False,True,7.691324865119994,node,7.691324865119994
C4,SAN JOSE,Santos_Mercado,3.3774683544303796,16.500130216670104,Sist. Ais.,5139.65,1284.99,False,4.083,True,True,0.6784305275528038,tap,
C4,CAMPESINA PARAISO,Santos_Mercado,10.4,19.120409743382968,Sist. Ais.,1945.1,1284.99,False,12.573,False,True,8.665515941691579,node,8.665515941691579
C4,SAN MARTIN,Santos_Mercado,14.282278481012657,28.98239821255749,Sist. Ais.,2145.1,1284.99,True,17.266,True,True,,,
C4,SAN MARTIN TACANA,Santos_Mercado,55.04911392405063,32.364773805296274,Sist. Ais.,633.9,1284.99,False,66.549,False,False,7.595273270015265,tap,8.859571911502401
C4,LOS ALMENDROS,Santos_Mercado,27.514430379746834,33.731128491676856,Sist. Ais.,1302.85,1284.99,False,33.262,False,True,4.078259028441937,tap,4.802057204640663
C4,VILLA VICTORIA,Santos_Mercado,88.85417721518988,36.02205711849203,Sist. Ais.,442.53,1284.99,False,107.417,False,False,2.535262647847779,root,36.02205711849203
C4,ALMENDROS II,Santos_Mercado,43.639493670886075,36.79960325170685,Sist. Ais.,901.62,1284.99,False,52.756,False,False,5.525850080374359,node,5.525850080374359
C4,MOLINO,Santos_Mercado,6.49746835443038,41.2375200614996,Sist. Ais.,6671.84,1284.99,True,7.855,True,True,,,
C4,TAMARINDO,Santos_Mercado,7.53746835443038,76.4740530447699,Sist. Ais.,10655.15,1284.99,True,9.112,True,True,,,
C4,7 DE ENERO,Santos_Mercado,8.577468354430382,77.13806046960046,Sist. Ais.,9446.52,1284.99,True,10.369,True,True,,,
C4,EL CARMEN,Sena,20.229138152034587,0.0198078552309911,Sist. Ais.,18.5,1283.46,False,24.426,False,False,0.019807855230846036,root,0.0198078552309911
C4,MONTE SINAI,Sena,42.05580332895721,0.1474685179633489,Sist. Ais.,21.15,1283.46,False,50.781,False,False,0.14746851796296603,root,0.1474685179633489
C4,EL SENA,Sena,391.860814455483,0.1636181526982188,Sist. Ais.,17.91,1283.46,False,473.155,False,False,0.16361815269789146,root,0.1636181526982188
C4,VILLA COTOCA,Sena,28.07218120253381,7.899156218765868,Sist. Ais.,312.5,1283.46,False,33.896,False,False,7.899156218765868,root,7.899156218765868
C4,SACRIFICIO,Sena,47.24951971272769,9.183013775093135,Sist. Ais.,221.25,1283.46,False,57.052,False,False,9.183013775093137,root,9.183013775093135
C4,EL TURI,Sena,15.25230987917555,11.125426186656917,Sist. Ais.,782.26,1283.46,False,18.417,False,False,6.726658201195099,node,6.726658201195099
C4,SANTA TRINIDAD,Sena,27.927589128592842,15.811258912170766,Sist. Ais.,611.07,1283.46,False,33.721,False,False,12.23635487447169,node,12.23635487447169
C4,BELEN,Sena,1.525230987917555,17.553552227483614,Sist. Ais.,12084.15,1283.46,True,1.842,True,True,,,
C4,CANADA,Sena,13.654782854287513,17.68048854900702,Sist. Ais.,1375.06,1283.46,False,16.488,False,True,14.77167460755299,node,14.77167460755299
C4,SANTA TERESA,Sena,1.525230987917555,18.64231304028977,Sist. Ais.,12832.58,1283.46,True,1.842,True,True,,,
C4,TURI RIO,Sena,31.194939215339396,19.621320518862834,Sist. Ais.,676.96,1283.46,False,37.667,False,False,11.866973309862697,tap,12.552663926439074
C4,NUEVA FEDERACION,Sena,38.74879811795669,19.7179591269049,Sist. Ais.,551.01,1283.46,False,46.788,False,False,4.091981929719608,root,19.7179591269049
C4,SANTA FE,Sena,7.626154939587775,24.424052982550617,Sist. Ais.,3375.39,1283.46,False,9.208,False,True,5.73552954045585,node,5.73552954045585
C4,BELLA BRISA,Sena,1.525230987917555,24.966402773211243,Sist. Ais.,17179.89,1283.46,True,1.842,True,True,,,
C4,TURI DOS,Sena,7.626154939587775,25.83409382117687,Sist. Ais.,3569.25,1283.46,False,9.208,False,True,4.425209230967838,tap,6.498148374567419
C4,REMANZO,Sena,18.23047581804018,28.214446283869066,Sist. Ais.,1640.15,1283.46,False,22.013,False,True,0.055954796237339045,tap,2.582331878452406
C4,SANTAROSITA,Sena,3.813077469793888,28.616567587839448,Sist. Ais.,7886.12,1283.46,False,4.604,False,True,0.40731000669689743,tap,0.41113547740116746
C4,VILLA FRONTERA,Sena,27.927589128592842,28.780799705370352,Sist. Ais.,1097.98,1283.46,False,33.721,False,False,2.582331878452406,node,9.451755346329449
C4,BRIGIDA II,Sena,11.439232409381663,30.68162381091515,Sist. Ais.,2829.63,1283.46,False,13.812,False,True,7.918211076065514,node,7.918211076065514
C4,SAN JOSE,Sena,51.89750871345083,30.87461090383096,Sist. Ais.,641.23,1283.46,False,62.664,False,False,2.7049766520703695,node,30.38066765783447
C4,TATUCITO,Sena,17.395564287110922,31.79904465987793,Sist. Ais.,1934.08,1283.46,False,21.004,False,True,12.458830782125517,tap,12.731561005863748
C4,BERCEBA,Sena,10.676616915422883,33.21072245518073,Sist. Ais.,3278.86,1283.46,False,12.892,False,True,1.6043537169155235,node,1.6043537169155235
C4,RECREO,Sena,20.44602626294603,33.99349465315425,Sist. Ais.,1760.67,1283.46,False,24.688,False,True,10.04161974239011,node,10.04161974239011
C4,CACHUELITA,Sena,34.02851308026307,34.67277368605146,Sist. Ais.,1085.8,1283.46,False,41.088,False,False,3.2596757137792096,node,3.2596757137792096
C4,LA ESPERANZA,Sena,9.914001421464109,36.253238786449735,Sist. Ais.,3851.51,1283.46,False,11.971,False,True,2.477288487463571,node,2.477288487463571
C4,RESERVA,Sena,49.353118996409094,36.91733632874354,Sist. Ais.,801.76,1283.46,False,59.592,False,False,1.1443302734677794,node,17.299944141396892
C4,RINCONCITO PANDINO,Sena,37.62470243914551,37.25124525351793,Sist. Ais.,1055.54,1283.46,False,45.43,False,False,2.0232088497466307,tap,2.6906379720443696
C4,LAS MERCEDES,Sena,39.98484495799232,37.61072499009836,Sist. Ais.,1003.7,1283.46,False,48.28,False,False,4.033398169099388,node,7.159265085846116
C4,NUEVA ESPERANZA II,Sena,13.510190780346552,39.78243258440721,Sist. Ais.,3104.84,1283.46,False,16.313,False,True,3.584570334993159,node,3.584570334993159
C4,SANTA ELENA,Sena,48.702454663674764,39.84231987725296,Sist. Ais.,875.21,1283.46,False,58.806,False,False,1.7737414261703826,tap,18.16013312397387
C4,PRIMERO DE DICIEMBRE,Sena,18.848499238057997,40.87213240675104,Sist. Ais.,2291.05,1283.46,False,22.759,False,True,12.443932668676942,node,12.443932668676942
C4,BALLIVIAN,Sena,18.70390716411703,43.684001965253,Sist. Ais.,2466.25,1283.46,False,22.584,False,True,0.7994157653609995,tap,10.429581186020146
C4,NUEVA EMPRESA,Sena,20.518322299916512,44.2747907197781,Sist. Ais.,2279.89,1283.46,False,24.775,False,True,6.753064617948304,tap,7.441433041786612
C4,SOLEDAD,Sena,16.01492537313433,44.510087218566994,Sist. Ais.,2931.49,1283.46,False,19.337,False,True,8.433752258740292,tap,8.69785861767341
C4,SAN ANTONIO,Sena,39.49122629409211,45.58822377992821,Sist. Ais.,1227.82,1283.46,False,47.684,False,False,7.144198239798421,node,7.144198239798421
C4,SAN MIGUEL,Sena,13.800914633200112,48.82093357337262,Sist. Ais.,3726.47,1283.46,False,16.664,False,True,7.370091130611654,node,9.650666651664501
C4,SAN CARLOS,Sena,3.05046197583511,50.451823433236925,Sist. Ais.,17358.28,1283.46,True,3.683,True,True,,,
C4,COPACABANA,Sena,13.582486817317033,50.74613327991972,Sist. Ais.,3934.73,1283.46,False,16.4,False,True,2.651602304322999,node,2.651602304322999
C4,SANTA ROSA DE LIMA,Sena,12.819871323358257,52.136947283314754,Sist. Ais.,4281.5,1283.46,False,15.479,False,True,1.546653251090219,tap,8.123000280857076
C4,BERLIN,Sena,6.10092395167022,53.25369616975247,Sist. Ais.,9169.4,1283.46,True,7.367,True,True,,,
C4,PALMA REAL,Sena,35.008016685133285,54.01338596231341,Sist. Ais.,1635.15,1283.46,False,42.271,False,True,10.398898891222526,node,23.99932652896957
C4,GIRADO,Sena,12.20184790334044,55.92210763405246,Sist. Ais.,4822.72,1283.46,False,14.733,False,True,7.2977733764947805,tap,7.370091130611654
C4,PALMAR,Sena,51.71326151525591,57.588791730323095,Sist. Ais.,1185.07,1283.46,False,62.442,False,False,3.0451597647144166,node,23.838417150544046
C4,SAN ROQUE,Sena,30.360027684410138,57.5980104100262,Sist. Ais.,2006.61,1283.46,False,36.658,False,True,3.8158243096154396,node,3.8158243096154396
C4,FLORIDA,Sena,15.035421768264106,57.92458981155002,Sist. Ais.,4056.77,1283.46,False,18.155,False,True,5.944796605318624,tap,7.994930629575529
C4,EL COLORADO,Sena,13.727078891257996,58.40591347852271,Sist. Ais.,4478.52,1283.46,False,16.575,False,True,7.4847854567439756,node,7.4847854567439756
C4,SANTA ROSA DEL MANUPARE,Sena,25.0217192266987,59.27843502103836,Sist. Ais.,2501.39,1283.46,False,30.213,False,True,3.364320208705814,tap,12.980489246967231
C4,SAN MIGUEL,Sena,20.227598447062956,62.11259417131892,Sist. Ais.,3237.01,1283.46,False,24.424,False,True,4.609715247479861,node,4.609715247479861
C4,ARROYO COLORADO,Sena,8.388770433546552,62.34697381237109,Sist. Ais.,7809.94,1283.46,False,10.129,False,True,4.281915614673125,tap,5.254312450151348
C4,SIMPENSAR,Sena,3.813077469793888,64.11398142996802,Sist. Ais.,17646.78,1283.46,True,4.604,True,True,,,
C4,SAN SALVADOR,Sena,14.489694385216772,64.98417371331779,Sist. Ais.,4719.73,1283.46,False,17.496,False,True,1.595244577592668,tap,5.070134070759812
C4,COLMENA,Sena,70.81830398847931,65.71929753523627,Sist. Ais.,990.46,1283.46,False,85.51,False,False,10.669401009072415,node,15.482035862574685
C4,4 DE JUNIO,Sena,12.819871323358257,67.33755421866402,Sist. Ais.,5524.69,1283.46,True,15.479,True,True,,,
C4,NUEVA ESPERANZA,Sena,70.8906000254498,67.48832577788546,Sist. Ais.,1015.63,1283.46,False,85.597,False,False,8.979329462547833,node,28.53074983166912
C4,TRIUNFO,Sena,42.601530712004546,67.91144738480538,Sist. Ais.,1688.86,1283.46,False,51.44,False,True,22.850882684805928,node,22.850882684805928
C4,SAN ANTONIO,Sena,2.01884965181777,69.73052434545198,Sist. Ais.,36231.52,1283.46,True,2.438,True,True,,,
C4,PEKIN,Sena,35.626040105151105,70.20909887204418,Sist. Ais.,2083.73,1283.46,False,43.017,False,True,3.4823812278444857,node,3.4823812278444857
C4,ALTO BUENA VISTA,Sena,19.06538734896944,71.19864619823058,Sist. Ais.,3932.95,1283.46,False,23.021,False,True,6.012843836504017,node,6.012843836504017
C4,SANTA MARIA DEL WIPA,Sena,21.28093779387529,72.30949107353106,Sist. Ais.,3580.04,1283.46,False,25.696,False,True,5.795492884877603,tap,7.436327038368201
C4,PUERTO PALOMA,Sena,2.2878464818763327,73.10963288085436,Sist. Ais.,33522.18,1283.46,True,2.762,True,True,,,
C4,RANCHITO,Sena,10.676616915422883,74.64468444937293,Sist. Ais.,7347.8,1283.46,False,12.892,False,True,3.5785083248039466,node,3.5785083248039466
C4,RESERVA II,Villa_Nueva,31.95105421686747,0.0168327018484832,Sist. Ais.,18.03,1282.83,False,38.56,False,False,0.016832701848483237,root,0.0168327018484832
C4,ENAREVENA,Villa_Nueva,8.486869352409638,0.0404816440607124,Sist. Ais.,22.48,1282.83,False,10.242,False,False,0.04048164406071246,root,0.0404816440607124
C4,SANTA CRUCITO,Villa_Nueva,39.77207266566265,0.131696076702393,Sist. Ais.,20.95,1282.83,False,47.999,False,False,0.13169607670239303,root,0.131696076702393
C4,LOMA ALTA,Villa_Nueva,25.128623870481928,0.4381005227763587,Sist. Ais.,35.75,1282.83,False,30.327,False,False,0.43810052277635875,root,0.4381005227763587
C4,SANTA TERESITA,Villa_Nueva,22.798333960843372,2.822816289461168,Sist. Ais.,147.29,1282.83,False,27.514,False,False,2.822816289461168,root,2.822816289461168
C4,AGUARENDA,Villa_Nueva,13.479056852409638,3.0718515408435083,Sist. Ais.,256.42,1282.83,False,16.267,False,False,3.0718515408435083,root,3.0718515408435083
C4,ISLA LAS PETAS,Villa_Nueva,14.478021460843374,5.529968387082769,Sist. Ais.,417.95,1282.83,False,17.473,False,False,5.529968387082769,root,5.529968387082769
C4,BELEN,Villa_Nueva,14.14453125,5.718543714110882,Sist. Ais.,441.37,1282.83,False,17.07,False,False,5.376631255835146,node,5.376631255835146
C4,BELLA BRISA,Villa_Nueva,22.13210655120482,7.310022627336611,Sist. Ais.,363.78,1282.83,False,26.71,False,False,7.310022627336611,root,7.310022627336611
C4,CALLAO GUADALUPE,Villa_Nueva,7.654838102409639,8.91301665451575,Sist. Ais.,1238.28,1282.83,False,9.238,False,False,0.8628142876799949,tap,3.964894571040654
C4,PERSEVERANCIA,Villa_Nueva,27.457784262048193,12.829636791410554,Sist. Ais.,507.37,1282.83,False,33.138,False,False,3.8698760270123396,node,12.758696619037618
C4,SANTA FE,Villa_Nueva,34.447524472891565,16.047952431544125,Sist. Ais.,505.92,1282.83,False,41.573,False,False,3.056115650543459,tap,6.007687955431599
C4,PALMIRA,Villa_Nueva,6.490069653614458,16.222646006138625,Sist. Ais.,2638.25,1282.83,False,7.833,False,True,3.59101666906367,node,3.59101666906367
C4,LAS MALVINAS,Villa_Nueva,20.135306852409638,18.20003264168589,Sist. Ais.,965.18,1282.83,False,24.3,False,False,3.528559479347986,node,3.528559479347986
C4,DEMOCRACIA,Villa_Nueva,33.78167356927711,19.396460732148466,Sist. Ais.,619.48,1282.83,False,40.77,False,False,18.865031584546678,tap,19.21360320793004
C4,SAN ANTONIO,Villa_Nueva,6.989363704819278,23.54857316851382,Sist. Ais.,3550.0,1282.83,False,8.435,False,True,3.0153442279464624,tap,4.575324072016067
C4,TRIUNFO,Villa_Nueva,7.48828125,26.17817180446686,Sist. Ais.,3682.82,1282.83,False,9.037,False,True,0.03074859096196029,tap,0.29214614224110447
C4,NUEVO TRIUNFO,Villa_Nueva,39.106974774096386,26.46145224138804,Sist. Ais.,726.92,1282.83,False,47.196,False,False,0.2905234802569726,node,7.890538861356927
C4,SANTA ISABEL,Villa_Nueva,17.97195030120482,29.86674436379726,Sist. Ais.,1759.89,1282.83,False,21.69,False,True,13.122836342320001,node,13.122836342320001
C4,SAN IGNACIO,Villa_Nueva,30.78628576807229,30.350020475795173,Sist. Ais.,1051.09,1282.83,False,37.155,False,False,0.400021469796502,tap,3.553619636828811
C5,VILLA BUSCH,Cobija,7.242233861755774,0.006102059256351,Sist. Ais.,18.36,1247.35,False,8.495,False,False,0.006102059256074996,root,0.006102059256351
C5,MEJILLONES,Cobija,5.989649792438637,0.0061093851889927,Sist. Ais.,18.54,1247.35,False,7.026,False,False,0.00610938518927299,root,0.0061093851889927
C5,VILLA ROSARIO,Cobija,6.776502382080071,0.0076528674235452,Sist. Ais.,18.66,1247.35,False,7.949,False,False,0.007652867423666971,root,0.0076528674235452
C5,17 DE MAYO,Cobija,21.654396400412338,0.0159914423196172,Sist. Ais.,18.25,1247.35,False,25.401,False,False,0.01599144232000685,root,0.0159914423196172
C5,SUJAL,Cobija,14.339857353801579,0.0177875308702838,Sist. Ais.,18.78,1247.35,False,16.821,False,False,0.01778753087047019,root,0.0177875308702838
C5,VILLA FATIMA,Cobija,12.204190232078679,0.021463670796319,Sist. Ais.,19.32,1247.35,False,14.316,False,False,0.02146367079562426,root,0.021463670796319
C5,ALTO BAHIA,Cobija,15.913562533084447,0.031796477916156,Sist. Ais.,19.57,1247.35,False,18.667,False,False,0.03179647791644362,root,0.031796477916156
C5,NUEVA ESPERANZA,Cobija,28.366568690273866,0.033826253096172,Sist. Ais.,18.72,1247.35,False,33.274,False,False,0.03382625309617209,root,0.033826253096172
C5,COBIJA,Cobija,506.65067004708436,0.0568739148504907,Sist. Ais.,17.59,1247.35,False,594.309,False,False,0.056873914850490745,root,0.0568739148504907
C5,AVAROA,Cobija,7.081673306772909,0.136278675769332,Sist. Ais.,37.65,1247.35,False,8.307,False,False,0.13627867576933209,root,0.136278675769332
C5,BELMONTE,Cobija,1.260559161953584,0.7052766096650585,Sist. Ais.,604.09,1247.35,False,1.479,False,False,0.7052766096653775,root,0.7052766096650585
C5,NUEVO TRIUNFO,Cobija,2.127692029086451,0.8126235524870056,Sist. Ais.,417.92,1247.35,False,2.496,False,False,0.8126235524870056,root,0.8126235524870056
C5,MARAPANI,Cobija,7.40279441673864,2.7975421500845314,Sist. Ais.,413.7,1247.35,False,8.684,False,False,2.7975421500851994,root,2.7975421500845314
C5,PONTON,Cobija,5.989649792438637,3.542355749041134,Sist. Ais.,637.56,1247.35,False,7.026,False,False,3.542355749041134,root,3.542355749041134
