Cluster,Comunidad,Municipio_std,HH,distance_km,nearest_line_type,annual_extension_EUR_HH,annual_standalone_EUR_HH,dispersed,breakeven_distance_km,dispersed_glouton_noeud_seul,dispersed_breakeven_independant,km_arete_parent_glouton,attache_glouton,km_arete_parent_glouton_noeud_seul
C1,EXALTACION,Exaltación,167.37733246869064,0.0466155111328188,SIN,17.77,1258.21,False,198.07,False,False,0.04661551113272673,root,0.0466155111328188
C1,BOCORONDO,Exaltación,65.09236199873058,6.621175174356837,SIN,124.13,1258.21,False,77.029,False,False,6.6211751743568374,root,6.621175174356837
C1,20 DE ENERO,Exaltación,14.88244359987212,9.23373335335436,SIN,668.0,1258.21,False,17.611,False,False,9.23373335335443,root,9.23373335335436
C1,TROMPILLO,Exaltación,32.53268047091445,25.196975927875904,SIN,829.53,1258.21,False,38.498,False,False,18.770373470401072,node,18.770373470401072
C1,PUERTO SANTIAGO,Exaltación,23.51564845678863,26.13837843789098,SIN,1182.89,1258.21,False,27.828,False,False,1.6625843413937527,node,1.6625843413937527
C1,SAN CARLOS,Exaltación,82.49668317736486,38.88060115910172,SIN,511.62,1258.21,False,97.624,False,False,7.638321429818993,tap,30.1105233595478
C1,RANCHO GINEBRA,Exaltación,95.65190456979512,47.53665032392087,SIN,538.54,1258.21,False,113.192,False,False,23.78256714996185,node,31.010513745299512
C1,NUEVO PARAISO,Exaltación,6.46815337846196,55.491363268560434,SIN,9012.52,1258.21,True,7.654,True,True,,,
C1,ANA MARIA,Exaltación,6.46815337846196,57.97884882569683,SIN,9415.73,1258.21,False,7.654,True,True,1.1495258068105365,tap,
C1,COOPERATIVA,Exaltación,67.0384988416788,59.63582981686783,SIN,950.17,1258.21,False,79.332,False,False,3.4875400592910517,tap,49.684921230744905
C1,LAS MARAVILLAS,Exaltación,44.455417221011714,62.36583964672258,SIN,1488.36,1258.21,False,52.607,False,True,12.247915579945124,tap,15.602218855666218
C1,SANTA ROSA,Exaltación,31.956939735100494,65.39327980163179,SIN,2162.96,1258.21,True,37.817,True,True,,,
C1,EXALTACION DE SANTA CRUZ,Exaltación,16.855581499722025,65.73754362739461,SIN,4106.58,1258.21,True,19.946,True,True,,,
C1,LAS PEÑAS DE NAZARETH,Exaltación,33.327335842234746,66.86261596164935,SIN,2120.97,1258.21,False,39.439,False,True,6.684450240556258,tap,7.539549766639472
C1,PIRAQUINAL,Exaltación,31.956939735100494,68.1721909210026,SIN,2254.14,1258.21,False,37.817,False,True,1.8813020537034661,tap,4.20865869797959
C1,COQUINAL,Exaltación,352.23998928672063,71.91205849780054,SIN,231.53,1258.21,False,416.832,False,False,3.7647723196511707,root,71.91205849780054
C1,BIENVENIDO,Exaltación,46.263642599158665,76.56691313909643,SIN,1752.71,1258.21,False,54.747,False,True,9.807710361227688,tap,29.140815569698734
C1,SANTA FE,Exaltación,25.077958142527535,81.44804871313407,Sist. Ais.,3422.71,1258.21,True,29.677,True,True,,,
C1,LAS ABRAS,Exaltación,116.45376186921696,102.83551200173416,Sist. Ais.,943.34,1258.21,False,137.808,False,False,28.749858590105912,node,60.849236094578195
C1,PALMERA,Exaltación,32.12185225680344,105.98506383034974,SIN,3476.89,1258.21,False,38.012,False,True,24.147560878452968,tap,28.269992781335265
C1,SAN JUAN DEL RIO JORDAN,Exaltación,28.01066393540069,108.63006591687127,SIN,4083.64,1258.21,False,33.147,False,True,13.405929840093528,tap,14.764042997289696
C1,LAS PETAS,Exaltación,65.83301525624749,120.12380051721308,Sist. Ais.,1930.6,1258.21,False,77.905,False,True,14.699925016072752,node,48.683969807027346
C1,ESTANCIAS DISPERSAS,Exaltación,185.82222471105325,128.11332687214735,SIN,740.34,1258.21,False,219.897,False,False,57.41143493556772,node,57.41143493556772
C1,CARMEN TAHUA,Ixiamas,84.38775334433127,0.0004381443347964,SIN,17.48,1212.8,False,96.207,False,False,0.00043814433469453544,root,0.0004381443347964
C1,IXIAMAS,Ixiamas,346.7466865726194,0.0404778045096563,SIN,17.6,1212.8,False,395.311,False,False,0.04047780451003824,root,0.0404778045096563
C1,SANTA ANA,Ixiamas,18.222989617412633,0.0406040349345042,SIN,19.81,1212.8,False,20.775,False,False,0.04060403493445688,root,0.0406040349345042
C1,TARENE,Ixiamas,12.950980904191125,0.0441934250365481,SIN,21.05,1212.8,False,14.765,False,False,0.044193425036619334,root,0.0441934250365481
C1,EL CARMEN DE PECHA,Ixiamas,40.76944813006241,0.0481916777161336,SIN,18.71,1212.8,False,46.479,False,False,0.04819167771613367,root,0.0481916777161336
C1,MACHAJ MARKA,Ixiamas,20.145970295408418,0.0525118787219095,SIN,20.21,1212.8,False,22.968,False,False,0.05251187872208394,root,0.0525118787219095
C1,FLOR DE MAYO,Ixiamas,11.031237856448723,0.0615083501681539,SIN,23.32,1212.8,False,12.576,False,False,0.06150835016780785,root,0.0615083501681539
C1,MACAHUA,Ixiamas,3.836248465231429,0.0796388744760145,SIN,39.24,1212.8,False,4.374,False,False,0.07963887447601453,root,0.0796388744760145
C1,30 DE AGOSTO,Ixiamas,2.877995756486917,0.1103038796185135,SIN,57.66,1212.8,False,3.281,False,False,0.11030387961850482,root,0.1103038796185135
C1,NUEVA EDEN,Ixiamas,1.4389978782434585,0.1119245748864452,SIN,99.02,1212.8,False,1.641,False,False,0.11192457488725607,root,0.1119245748864452
C1,SANTA ROSA DE MARAVILLA,Ixiamas,35.48125126557399,0.1184126375546518,SIN,20.97,1212.8,False,40.451,False,False,0.11841263755465187,root,0.1184126375546518
C1,SAN FELIPE,Ixiamas,32.60325550908707,0.1301892366289315,SIN,21.66,1212.8,False,37.17,False,False,0.1301892366293124,root,0.1301892366289315
C1,RUSO,Ixiamas,6.2334990522194,0.2014349003677267,SIN,51.36,1212.8,False,7.107,False,False,0.20143490036783313,root,0.2014349003677267
C1,ITURRALDE,Ixiamas,11.511983025947668,0.3241022690739487,SIN,46.99,1212.8,False,13.124,False,False,0.32410226907394873,root,0.3241022690739487
C1,PALMA  REAL,Ixiamas,8.633987269460752,0.970402419584973,SIN,135.32,1212.8,False,9.843,False,False,0.970402419584973,root,0.970402419584973
C1,ALAMOS,Ixiamas,5.755991512973834,1.38101036220025,SIN,269.03,1212.8,False,6.562,False,False,1.3750078081529056,tap,1.3778535843739683
C1,3 DE JUNIO,Ixiamas,7.194989391217293,1.4307217062899211,SIN,225.96,1212.8,False,8.203,False,False,0.08851004175330575,root,1.4307217062899211
C1,SANTA FE,Ixiamas,44.12495142579489,1.82896771982947,SIN,60.93,1212.8,False,50.305,False,False,1.82896771982947,root,1.82896771982947
C1,SAN PABLO,Ixiamas,1.4389978782434585,1.877658646441145,SIN,1385.56,1212.8,True,1.641,True,True,,,
C1,CORAZON DE LEON,Ixiamas,15.828976660678045,4.68522658108807,SIN,327.81,1212.8,False,18.046,False,False,0.45276343081240966,tap,0.6425028410703701
C1,BUENA VISTA,Ixiamas,32.60973076959383,5.18041963631259,SIN,184.04,1212.8,False,37.177,False,False,0.4558674988442561,node,3.4377885013115383
C1,PUERTO PEREZ,Ixiamas,60.90246790445729,6.147346071861433,Sist. Ais.,123.31,1212.8,False,69.432,False,False,6.147346071861433,root,6.147346071861433
C1,COROCORO,Ixiamas,35.01345661708857,7.467829026019695,SIN,241.1,1212.8,False,39.917,False,False,1.1731079244406577,node,6.32975245411366
C1,COMANDO,Ixiamas,21.58496817365188,7.968352252652989,SIN,404.53,1212.8,False,24.608,False,False,1.802072181695098,tap,2.150266576595662
C1,SAN PEDRO,Ixiamas,27.340959686625713,8.686355655204979,SIN,350.58,1212.8,False,31.17,False,False,8.686355655204979,root,8.686355655204979
C1,LAS MERCEDES,Ixiamas,58.50845494772271,10.416047097012902,Sist. Ais.,204.13,1212.8,False,66.703,False,False,5.510272175237024,node,5.510272175237024
C1,ALTO ZATARIAPU,Ixiamas,42.2019707477991,10.743158739502794,SIN,284.38,1212.8,False,48.113,False,False,3.8395750337869408,node,3.8395750337869408
C1,CARINDE,Ixiamas,23.023966051895336,12.05349735432156,SIN,566.37,1212.8,False,26.249,False,False,2.232711120269079,node,2.232711120269079
C1,SAN MARCOS,Ixiamas,126.10574129237806,12.656591167257314,SIN,122.7,1212.8,False,143.768,False,False,12.656591167257314,root,12.656591167257314
C1,5 DE JUNIO,Ixiamas,20.145970295408418,14.224354926757984,SIN,757.77,1212.8,False,22.968,False,False,2.378151379560585,node,2.378151379560585
C1,SEGUNDO FLOR DE MAYO,Ixiamas,11.511983025947668,14.785646023967058,SIN,1364.1,1212.8,False,13.124,False,True,9.636309125579167,node,9.636309125579167
C1,PUERTO RUSO,Ixiamas,35.97494695608646,15.496088138281966,SIN,469.1,1212.8,False,41.013,False,False,11.416964371291288,node,11.416964371291288
C1,TACASO,Ixiamas,8.153242099961805,17.27113794566464,SIN,2238.48,1212.8,False,9.295,False,True,1.3605754603502864,tap,2.8428031005325995
C1,MANANTIAL,Ixiamas,25.90196180838225,19.654082447993964,SIN,813.04,1212.8,False,29.53,False,False,2.783540650350949,node,5.627020899689599
C1,NUEVA BELEN,Ixiamas,8.153242099961805,20.10085076249884,SIN,2602.37,1212.8,False,9.295,False,True,1.392310886124794,tap,2.2428976686869753
C1,NUEVO AMANECER,Ixiamas,10.07298514770421,20.46445265722924,SIN,2147.57,1212.8,False,11.484,False,True,5.438715459208244,node,5.438715459208244
C1,LOS ALMENDRILLO,Ixiamas,12.950980904191125,21.453721651767196,SIN,1754.31,1212.8,False,14.765,False,True,10.299280835015303,node,10.299280835015303
C1,PIEDRAS BLANCAS,Ixiamas,12.47023573469218,22.932159862699248,SIN,1945.57,1212.8,False,14.217,False,True,0.3970790356952748,tap,2.8322204891635376
C1,SANTA ROSA DE LIMA,Ixiamas,8.633987269460752,23.292563386046066,SIN,2846.03,1212.8,False,9.843,False,True,2.8795671342355846,node,2.8795671342355846
C1,UNDUMO,Ixiamas,15.348231491179096,34.798220478556544,SIN,2394.63,1212.8,True,17.498,True,True,,,
C1,EL ZAPATO,Ixiamas,15.82250140017128,39.00306340262702,Sist. Ais.,2602.01,1212.8,False,18.039,False,True,11.706860307732748,node,11.706860307732748
C1,LAS PARRABAS,Ixiamas,19.658749865402708,39.02252057171465,Sist. Ais.,2098.69,1212.8,False,22.412,False,True,14.954431034783921,tap,16.3405343519937
C1,TOROMONAS,Ixiamas,92.0667255353009,39.21224298491429,Sist. Ais.,464.03,1212.8,False,104.961,False,False,31.865491633918744,node,31.865491633918744
C1,LA MANSION,Ixiamas,7.672496930462858,42.02909734840664,Sist. Ais.,5760.91,1212.8,True,8.747,True,True,,,
C1,EL TIGRE ALTO MADIDI,Ixiamas,106.95363763850135,43.49456563614475,SIN,443.86,1212.8,False,121.933,False,False,23.576700208405867,node,27.53047459723338
C1,AGUAS DE LA VIDA,Ixiamas,7.194989391217293,60.53321706939278,SIN,8838.55,1212.8,True,8.203,True,True,,,
C1,EL TIGRE,Ixiamas,82.00021564810346,62.7795633113302,Sist. Ais.,820.19,1212.8,False,93.485,False,False,25.307840439102606,tap,33.03411750456141
C1,EL CARMEN,Ixiamas,23.5014735911409,64.64110081017941,Sist. Ais.,2901.32,1212.8,False,26.793,False,True,0.8404445001506661,tap,1.7062646098278622
C1,LA PALCA,Ixiamas,38.84646745206662,64.74225260556479,Sist. Ais.,1764.88,1212.8,False,44.287,False,True,19.470713852077935,node,26.44649453356235
C1,SAN JUAN,Ixiamas,36.92348677407083,66.16714173589168,Sist. Ais.,1896.35,1212.8,False,42.095,False,True,1.4849215335884993,node,6.4178029183904535
C1,PUERTO ARAONA,Ixiamas,47.95796226077294,75.25323928751718,Sist. Ais.,1662.69,1212.8,False,54.675,False,True,26.634349941751235,node,26.634349941751235
C1,SANTA ROSA,Ixiamas,119.89490565193233,76.7164400110649,Sist. Ais.,688.36,1212.8,False,136.687,False,False,5.541440550213972,node,67.54695858099817
C1,CARMEN DEL EMERO,Ixiamas,60.42819799546512,78.03452334493518,SIN,1371.43,1212.8,False,68.892,False,True,26.516120576667337,node,26.516120576667337
C1,ANTOFAGASTA,Ixiamas,13.905995982682256,80.17847130936791,Sist. Ais.,6062.72,1212.8,False,15.854,False,True,7.784131099646065,tap,9.555116971970833
C1,CAMPO CENTRAL,Ixiamas,49.877705308515345,83.15342421541438,Sist. Ais.,1765.44,1212.8,False,56.863,False,True,16.072219780094255,node,19.470713852077935
C1,MONTECRISTO,Ixiamas,11.031237856448723,87.51078904397038,Sist. Ais.,8335.03,1212.8,False,12.576,False,True,7.1340549009752925,tap,8.935117089198469
C1,PAQUIOSAL,Ixiamas,34.0487286478373,90.13738214773204,Sist. Ais.,2793.11,1212.8,False,38.817,False,True,2.6029217142552117,tap,16.072219780094255
C1,NUEVA JERUSALEN,Ixiamas,21.581730543398496,90.86820383966509,Sist. Ais.,4432.0,1212.8,False,24.604,False,True,2.2667266722639265,tap,3.4515578015287347
C1,CAMPO BRAVO,Ixiamas,9.111494808706317,91.00951482321057,Sist. Ais.,10490.09,1212.8,True,10.388,True,True,,,
C1,CAYUBABA,Ixiamas,21.581730543398496,93.64071320114252,Sist. Ais.,4566.69,1212.8,False,24.604,False,True,9.711360470539029,node,9.711360470539029
C1,BARRACON,Ixiamas,43.15698582629023,99.6440252533788,Sist. Ais.,2438.27,1212.8,False,49.201,False,True,6.819605849958106,tap,7.900977247315841
C1,NUEVA ESPERANZA,Ixiamas,6.714244221718346,100.12083003440245,SIN,15652.03,1212.8,True,7.655,True,True,,,
C1,SANTA ANITA,Ixiamas,20.623477834653986,100.2867774056765,SIN,5115.94,1212.8,False,23.512,False,True,5.211569203633642,node,5.211569203633642
C1,ESPERANZA DEL MADIDI,Ixiamas,5.275246343474888,101.77700708372956,Sist. Ais.,20246.04,1212.8,False,6.014,False,True,4.070390899026078,tap,4.256776210056566
C1,CAMPESINA LAS PALMAS,Ixiamas,33.090475939092784,104.24694238381464,Sist. Ais.,3320.55,1212.8,False,37.725,False,True,3.333025322863135,tap,7.778333966598178
C1,LA PAZ DEL BENI,Ixiamas,21.10422300415293,104.99494133074916,SIN,5233.71,1212.8,False,24.06,False,True,7.782832398343546,tap,8.21836223418308
C1,OJAKI,Ixiamas,49.87446767826195,105.18071274172144,Sist. Ais.,2228.61,1212.8,False,56.86,False,True,11.789986684344301,node,13.035804340196185
C1,EMBAJADORES DEL MADIDI,Ixiamas,105.50168923924437,105.96592030075035,Sist. Ais.,1070.56,1212.8,False,120.278,False,False,3.989789156562528,node,45.98776222845484
C1,SANTA MARIA,Ixiamas,14.86748632168015,108.1580486574359,Sist. Ais.,7644.92,1212.8,False,16.95,False,True,3.8335545501969737,node,3.8335545501969737
C1,GUAGUA UNO,Reyes,42.558172301387835,0.0025939245506652,SIN,17.54,1241.38,False,49.679,False,False,0.0025939245506877914,root,0.0025939245506652
C1,SAN JOSE,Reyes,9.842469558854631,0.0209795624641954,SIN,19.71,1241.38,False,11.489,False,False,0.02097956246421215,root,0.0209795624641954
C1,RATIJE,Reyes,88.72366662567408,0.0215920567164558,SIN,17.73,1241.38,False,103.569,False,False,0.02159205671671946,root,0.0215920567164558
C1,EL COZAR,Reyes,42.23424332677462,0.0419012942329257,SIN,18.51,1241.38,False,49.301,False,False,0.04190129423256075,root,0.0419012942329257
C1,SAN JUAN,Reyes,28.871321343466377,0.0648849743148317,SIN,19.83,1241.38,False,33.702,False,False,0.06488497431483171,root,0.0648849743148317
C1,VILLA COPACABANA,Reyes,44.617399014370115,0.0672089916727575,SIN,19.05,1241.38,False,52.083,False,False,0.06720899167261023,root,0.0672089916727575
C1,GUALAGUAGUA,Reyes,71.01931400637339,0.0942446080709362,SIN,18.87,1241.38,False,82.903,False,False,0.09424460807162753,root,0.0942446080709362
C1,SAN FELIPE,Reyes,24.598253980554073,0.1233692460686131,SIN,22.73,1241.38,False,28.714,False,False,0.12336924606861314,root,0.1233692460686131
C1,NUEVO AMANECER,Reyes,30.880072174155995,0.1365389987189208,SIN,22.11,1241.38,False,36.047,False,False,0.13653899871903588,root,0.1365389987189208
C1,REYES,Reyes,103.8755485197138,0.1812810309638463,SIN,19.3,1241.38,False,121.256,False,False,0.18128103096462925,root,0.1812810309638463
C1,BAYCHUJE,Reyes,10.792563867259824,0.2037961077841205,SIN,37.27,1241.38,False,12.598,False,False,0.20379610778412058,root,0.2037961077841205
C1,ESTANCIAS DISPERSAS,Reyes,69.01056317568379,0.4249599121681608,SIN,23.93,1241.38,False,80.558,False,False,0.42495991216816087,root,0.4249599121681608
C1,MONTE CARLOS,Reyes,22.521139876784325,0.9656530128316746,SIN,62.43,1241.38,False,26.289,False,False,0.9656530128316746,root,0.9656530128316746
C1,LOS TAJIBOS,Reyes,14.18009497020012,1.1309522865193329,SIN,101.1,1241.38,False,16.553,False,False,1.1309522865198625,root,1.1309522865193329
C1,LA UNION,Reyes,32.19048917332654,2.9150592420625165,SIN,112.42,1241.38,False,37.577,False,False,2.9150592420625165,root,2.9150592420625165
C1,NUEVA ESPERANZA,Reyes,21.02352044916084,5.133321514671898,SIN,273.48,1241.38,False,24.541,False,False,5.133321514671898,root,5.133321514671898
C1,REMANSO,Reyes,4.391906518285103,8.684786232351064,SIN,2090.78,1241.38,False,5.127,False,True,0.9116600645244082,tap,2.3916183720134523
C1,RIO VIEJO,Reyes,30.69286974570305,10.847847987480083,SIN,388.04,1241.38,False,35.829,False,False,2.211043727315973,root,10.847847987480083
C1,PEÑA AMARILLA,Reyes,39.4587953914858,11.803879745190146,Sist. Ais.,331.12,1241.38,False,46.061,False,False,11.803879745190146,root,11.803879745190146
C1,LOS TUBOS,Reyes,21.21072287761378,16.271192023738493,Sist. Ais.,821.78,1241.38,False,24.76,False,False,16.271192023738493,root,16.271192023738493
C1,SAL SI PUEDES,Reyes,6.40065734897472,21.51912269889449,SIN,3542.47,1241.38,True,7.472,True,True,,,
C1,CALIFORNIA,Reyes,52.720765610208716,25.655705446772725,Sist. Ais.,527.7,1241.38,False,61.542,False,False,25.655705446772725,root,25.655705446772725
C1,SAN MIGUEL DE SORAIDA,Reyes,6.40065734897472,27.77491582258962,SIN,4567.21,1241.38,True,7.472,True,True,,,
C1,CARNAVAL,Reyes,13.992892541747185,29.64469083329769,Sist. Ais.,2238.72,1241.38,False,16.334,False,True,3.993816074493372,node,3.993816074493372
C1,CARMEN ALTO,Reyes,87.99274430264981,39.06838414010726,Sist. Ais.,482.99,1241.38,False,102.716,False,False,38.45466199302593,node,38.45466199302593
C1,LA ESPERANZA,Reyes,5.583484362082848,44.99540825013622,Sist. Ais.,8466.78,1241.38,False,6.518,False,True,0.9490315391101841,tap,5.942113893795363
C1,SANTA LOURDES,Reyes,16.257209073969868,45.54625875117102,Sist. Ais.,2954.89,1241.38,False,18.977,False,True,5.688450749202462,tap,16.48572849660716
C1,LAS OLLITAS,Reyes,2.1959532591425517,53.59831174495377,Sist. Ais.,25608.41,1241.38,True,2.563,True,True,,,
C1,SAN PEDRO,Reyes,36.46355653623884,61.13883268660233,SIN,1775.46,1241.38,False,42.565,False,True,25.825931094893633,node,25.951418650585467
C1,SAN JOSE,Reyes,72.07354636943364,62.5963814743042,Sist. Ais.,928.08,1241.38,False,84.133,False,False,21.28823240026909,node,36.76145999304215
C1,PUERTO SALINAS,Reyes,26.113760798965018,65.91102082517787,SIN,2663.82,1241.38,False,30.483,False,True,18.087934170419608,tap,18.884648853151184
C1,LAGO BUENA VISTA,Reyes,23.475039409836466,69.02785392269139,Sist. Ais.,3100.49,1241.38,False,27.403,False,True,6.45999344766779,node,6.45999344766779
C1,NATIVIDAD,Reyes,10.60536143880689,71.4536212463901,Sist. Ais.,7081.57,1241.38,True,12.38,True,True,,,
C1,LAS MERCEDES,Reyes,14.248458243280254,76.31524770574404,Sist. Ais.,5633.14,1241.38,False,16.633,False,True,8.701019680153056,node,8.701019680153056
C1,PUERTO CAVINA,Reyes,26.79420723969663,86.09236999427894,Sist. Ais.,3386.33,1241.38,False,31.278,False,True,6.800622608052226,node,6.800622608052226
C1,MISION CAVINAS,Reyes,37.16189036775792,92.5992063100274,Sist. Ais.,2630.04,1241.38,False,43.38,False,True,15.07039824734987,node,14.960208595462095
C1,SANTA CATALINA,Reyes,26.23259995433782,95.92508664614128,SIN,3851.45,1241.38,False,30.622,False,True,11.27554447144121,node,11.27554447144121
C1,LAS PEÑITAS,Reyes,22.521139876784325,97.99526511085028,SIN,4579.66,1241.38,False,26.289,False,True,2.6398859201737177,node,10.88995268097298
C1,BAQUETI,Reyes,19.57637690383003,103.43602066252632,SIN,5557.32,1241.38,False,22.852,False,True,9.276562302071353,tap,10.790596589648864
C1,SAN MIGUEL,Reyes,19.270335320004296,105.23281783591366,SIN,5743.06,1241.38,False,22.495,False,True,10.50484146236869,node,10.50484146236869
C1,NUEVA ALIANZA,Reyes,10.536998165726756,107.50004930470978,Sist. Ais.,10714.18,1241.38,False,12.3,False,True,4.202402220422767,node,4.202402220422767
C1,CAMPO BOLIVAR,Reyes,32.071650017953736,107.8426912427021,Sist. Ais.,3543.03,1241.38,False,37.438,False,True,4.226652334727265,node,4.226652334727265
C1,NUEVO REYES,Reyes,9.788188451915016,108.53775606893764,Sist. Ais.,11643.64,1241.38,False,11.426,False,True,7.614316306662171,node,7.614316306662171
C1,PEÑA GUARAYO,Reyes,22.40230072141152,110.1345880483854,Sist. Ais.,5172.01,1241.38,False,26.151,False,True,1.1258378176567325,tap,14.649110896026965
C1,CANDELARIA,Reyes,44.99180387127598,114.22629189642043,SIN,2679.37,1241.38,False,52.52,False,True,5.512020193751786,node,21.40202641111615
C1,EL TRIUNFO,Santa_Rosa_Beni,39.01667625162052,0.0093065830437991,SIN,17.72,1260.89,False,46.271,False,False,0.009306583043820935,root,0.0093065830437991
C1,EL ROSARIO,Santa_Rosa_Beni,19.909196528658068,0.0158405554524117,SIN,18.31,1260.89,False,23.611,False,False,0.015840555452411725,root,0.0158405554524117
C1,SANTA ROSA DE YACUMA,Santa_Rosa_Beni,67.1748700928179,0.03157501223138,SIN,17.97,1260.89,False,79.665,False,False,0.031575012231728095,root,0.03157501223138
C1,PICAFLORES,Santa_Rosa_Beni,51.98161801668117,0.0870619334182219,SIN,19.23,1260.89,False,61.647,False,False,0.08706193341822194,root,0.0870619334182219
C1,SAN BARTOLOME,Santa_Rosa_Beni,53.59879891546548,0.1292412750419755,SIN,20.0,1260.89,False,63.565,False,False,0.12924127504197555,root,0.1292412750419755
C1,VILLA FATIMA,Santa_Rosa_Beni,59.75508416076033,2.00921547412078,SIN,52.73,1260.89,False,70.865,False,False,2.0092154741204737,root,2.00921547412078
C1,SAN CRISTOBAL,Santa_Rosa_Beni,122.24150437584305,5.4416126300163485,SIN,64.15,1260.89,False,144.97,False,False,5.4416126300163485,root,5.4416126300163485
C1,EL MOJON,Santa_Rosa_Beni,28.824312403061402,6.038981999378066,SIN,237.14,1260.89,False,34.184,False,False,6.038981999378066,root,6.038981999378066
C1,AWAISAL,Santa_Rosa_Beni,50.364437117896856,6.83539232931307,SIN,159.77,1260.89,False,59.729,False,False,6.405497733131429,node,6.405497733131429
C1,LA INDIA,Santa_Rosa_Beni,7.610373325461429,24.07288134823556,SIN,3333.98,1260.89,True,9.025,True,True,,,
C1,VILLAZON,Santa_Rosa_Beni,5.667006789441638,25.29454351111948,SIN,4697.32,1260.89,True,6.721,True,True,,,
C1,PALMIRA,Santa_Rosa_Beni,22.994212795002028,37.7265293591546,SIN,1737.7,1260.89,False,27.27,False,True,4.669768614963434,node,4.669768614963434
C1,PUERTO YATA,Santa_Rosa_Beni,19.107479722962445,42.3067833122065,SIN,2338.95,1260.89,False,22.66,False,True,2.2275280921280665,tap,3.6799315774264905
C1,EL CANDADO,Santa_Rosa_Beni,48.89660175033721,42.31332195181801,SIN,924.79,1260.89,False,57.988,False,False,15.509325760728313,node,20.93671921923278
C1,PUERTO TERESA,Santa_Rosa_Beni,46.95323521431742,43.55094797622824,SIN,989.98,1260.89,False,55.683,False,False,2.9291662659050295,node,25.271645600125137
C1,TACUARAL,Santa_Rosa_Beni,61.507863303376254,55.78810506288406,SIN,968.45,1260.89,False,72.944,False,False,8.978218149687432,node,8.978218149687432
C1,EL ENCERRADO,Santa_Rosa_Beni,79.351842339576,63.50141017293479,SIN,856.52,1260.89,False,94.106,False,False,7.195104420309059,node,18.60037336999959
C1,TRINIDAD,Santa_Rosa_Beni,25.250017680864236,66.47691229970191,Sist. Ais.,2777.84,1260.89,False,29.945,False,True,22.34846657335033,node,22.34846657335033
C1,EL TORO,Santa_Rosa_Beni,11.497106397501014,70.24694491574769,SIN,6423.62,1260.89,False,13.635,False,True,0.029659687388576748,tap,7.195165551688971
C1,TABLERO,Santa_Rosa_Beni,52.28030907913052,70.96366972608472,Sist. Ais.,1440.64,1260.89,False,62.001,False,True,26.525808614546648,node,32.39164671874003
C1,EL CERRITO,Santa_Rosa_Beni,78.04709979063409,81.11979809212923,SIN,1107.23,1260.89,False,92.559,False,False,16.925315703024918,node,16.925315703024918
C1,PONTON SANTA TERESA DEL YATA,Santa_Rosa_Beni,1.780273717402054,89.33744156514074,Sist. Ais.,52631.9,1260.89,True,2.111,True,True,,,
C1,PALMA FLOR,Santa_Rosa_Beni,96.16227531449704,96.49146513351825,SIN,1069.54,1260.89,False,114.042,False,False,8.64307421855209,node,22.352028016594186
C1,PORVENIR,Santa_Rosa_Beni,48.42107058187706,104.77183596551316,SIN,2286.13,1260.89,False,57.424,False,True,1.3346034658514254,tap,8.745507324246864
C1,CAVADOR,Santa_Rosa_Beni,56.506975075798636,107.22197711212743,Sist. Ais.,2006.96,1260.89,False,67.013,False,True,1.3940993867627653,tap,19.144237960563313
C1,MACEDONIA,Santa_Rosa_Beni,41.43557395610045,108.31678246005876,Sist. Ais.,2758.29,1260.89,False,49.14,False,True,5.194762062147594,tap,5.378574716642025
C1,AUSTRALIA,Santa_Rosa_Beni,136.61929235889104,116.6439811708952,SIN,912.65,1260.89,False,162.021,False,False,3.573121111379605,node,22.82115550671325
C2,NAREUDA,Bolpebra,86.6265306903798,0.0109342292886367,Sist. Ais.,17.61,1257.14,False,102.423,False,False,0.010934229288522238,root,0.0109342292886367
C2,MUKDEN,Bolpebra,225.39881487189265,0.177625214874509,Sist. Ais.,18.3,1257.14,False,266.501,False,False,0.17762521487450905,root,0.177625214874509
C2,VERA CRUZ,Bolpebra,101.14266874502435,8.064715369609612,Sist. Ais.,101.08,1257.14,False,119.586,False,False,4.50436041154915,root,8.064715369609612
C2,PUERTO ORO,Bolpebra,31.710816709043407,12.610236417352093,Sist. Ais.,434.41,1257.14,False,37.493,False,False,12.097187072791568,tap,12.610236417352093
C2,MOLIENDA,Bolpebra,28.365940505661133,17.982907348702575,Sist. Ais.,682.17,1257.14,False,33.539,False,False,11.69000673934661,tap,11.807798850708972
C2,AGROPECUARIA EL CEIBO,Bolpebra,40.961293454628354,18.360884970362957,Sist. Ais.,487.45,1257.14,False,48.431,False,False,1.2981541939414976,tap,2.28997009219334
C2,CANAAN,Bolpebra,34.572197089695734,20.596783597606628,Sist. Ais.,642.12,1257.14,False,40.877,False,False,0.7644580905261992,tap,3.3386199416980387
C2,NUEVA CANAAN,Bolpebra,75.91236829136257,21.648197546237704,Sist. Ais.,316.47,1257.14,False,89.755,False,False,3.2499210671847556,tap,21.48102417235345
C2,TRES ARROYOS,Bolpebra,82.90277673995904,23.48607962742746,Sist. Ais.,314.5,1257.14,False,98.02,False,False,3.873939799197789,node,16.2113315856928
C2,EXTREMA,Bolpebra,21.2973103518581,23.74189529787581,Sist. Ais.,1186.3,1257.14,False,25.181,False,False,9.752316742933223,tap,10.493573815544927
C2,BIOCEANICA,Bolpebra,44.50220762415109,36.6360276698783,Sist. Ais.,880.62,1257.14,False,52.617,False,False,16.237856904305175,node,16.237856904305175
C2,SAN JORGE,Bolpebra,33.42236566333783,42.188919712937626,Sist. Ais.,1340.96,1257.14,False,39.517,False,True,5.842383925669879,node,5.842383925669879
C2,NOHAYA,Bolpebra,27.216109079303227,48.45989467057796,Sist. Ais.,1884.35,1257.14,False,32.179,False,True,6.497582383030208,node,6.497582383030208
C2,SAN MIGUEL DE MACHINERI,Bolpebra,14.516138054644548,54.5501592850436,Sist. Ais.,3957.54,1257.14,False,17.163,False,True,0.35602847669201293,node,0.35602847669201293
C2,YAMINAHUA,Bolpebra,38.09991307397602,54.90199546439373,Sist. Ais.,1528.33,1257.14,False,45.048,False,True,6.561526677656921,tap,7.871067756420112
C2,SAN PEDRO DE BOLPEBRA,Bolpebra,83.17703641130608,62.44392299099927,Sist. Ais.,804.6,1257.14,False,98.345,False,False,4.347421682395736,node,16.55870001801895
C3,SANTA ROSA,Guayaramerín,43.11845032020068,0.0015664926191252,Sist. Ais.,17.51,1257.87,False,51.011,False,False,0.0015664926191676625,root,0.0015664926191252
C3,26 DE MARZO,Guayaramerín,51.80356242230862,0.0027284078834997,Sist. Ais.,17.53,1257.87,False,61.286,False,False,0.0027284078836166364,root,0.0027284078834997
C3,SAN JUAN,Guayaramerín,33.63574970622398,0.0053629048000885,Sist. Ais.,17.64,1257.87,False,39.793,False,False,0.00536290480034717,root,0.0053629048000885
C3,SAN AGUSTIN,Guayaramerín,97.35123638843068,0.0305693525726044,Sist. Ais.,17.8,1257.87,False,115.171,False,False,0.030569352573341847,root,0.0305693525726044
C3,1RO DE MAYO,Guayaramerín,18.343458193366256,0.0330630018451636,Sist. Ais.,19.36,1257.87,False,21.701,False,False,0.03306300184516367,root,0.0330630018451636
C3,VILLA PURISIMA,Guayaramerín,17.721515158779106,0.042019404413938,Sist. Ais.,19.96,1257.87,False,20.965,False,False,0.04201940441401183,root,0.042019404413938
C3,CACHUELA ESPERANZA,Guayaramerín,64.90082425895379,0.0420670632737001,Sist. Ais.,18.15,1257.87,False,76.781,False,False,0.042067063274405514,root,0.0420670632737001
C3,SAN MIGUEL,Guayaramerín,52.60115093417738,0.0704400944988156,Sist. Ais.,18.88,1257.87,False,62.23,False,False,0.07044009449881562,root,0.0704400944988156
C3,ROSARIO DEL YATA,Guayaramerín,57.44240222117192,0.0751746000907297,Sist. Ais.,18.85,1257.87,False,67.957,False,False,0.07517460009077043,root,0.0751746000907297
C3,GUAYARAMERIN,Guayaramerín,360.0277904868664,0.08578055348348,Sist. Ais.,17.72,1257.87,False,425.931,False,False,0.08578055348370667,root,0.08578055348348
C3,27 DE NOVIEMBRE,Guayaramerín,52.988899999055704,0.1087731365772857,Sist. Ais.,19.63,1257.87,False,62.689,False,False,0.10877313657728577,root,0.1087731365772857
C3,LA UNION,Guayaramerín,35.38448182513101,0.1460826426691154,Sist. Ais.,21.8,1257.87,False,41.862,False,False,0.14608264266911541,root,0.1460826426691154
C3,8 DE FEBRERO,Guayaramerín,40.6892266742793,0.162632702085984,Sist. Ais.,21.67,1257.87,False,48.137,False,False,0.16263270208598407,root,0.162632702085984
C3,SAN JOSE,Guayaramerín,30.079736975982723,0.1766261060875343,Sist. Ais.,23.63,1257.87,False,35.586,False,False,0.17662610608753432,root,0.1766261060875343
C3,ESTANCIAS DISPERSAS,Guayaramerín,5.304744849148292,0.2712324362636584,Sist. Ais.,71.08,1257.87,False,6.276,False,False,0.2712324362638515,root,0.2712324362636584
C3,SANTA EMILIA,Guayaramerín,2.4323171974000872,0.3051661081622357,Sist. Ais.,149.02,1257.87,False,2.878,False,False,0.3051661081622357,root,0.3051661081622357
C3,SAN PEDRO,Guayaramerín,2.8015624090989313,0.739664055451882,Sist. Ais.,294.29,1257.87,False,3.314,False,False,0.7396640554518572,root,0.739664055451882
C3,SANTA EMILIA,Guayaramerín,7.613777958736554,0.7624578041117839,Sist. Ais.,122.47,1257.87,False,9.007,False,False,0.762457804110991,root,0.7624578041117839
C3,CACHUELA MAMORE,Guayaramerín,66.02761334327369,1.5299242601810832,Sist. Ais.,41.77,1257.87,False,78.114,False,False,1.5299242601810832,root,1.5299242601810832
C3,PUERTO CARRERO,Guayaramerín,16.742802208486534,1.644059457153869,Sist. Ais.,120.43,1257.87,False,19.808,False,False,1.6440594571545093,root,1.644059457153869
C3,EL PORVENIR,Guayaramerín,26.465175753314252,1.911770126979268,Sist. Ais.,93.21,1257.87,False,31.31,False,False,1.9117701269792677,root,1.911770126979268
C3,SAN FRANCISCO,Guayaramerín,28.89439939923563,1.925510907587795,Sist. Ais.,87.34,1257.87,False,34.184,False,False,1.925510907587795,root,1.925510907587795
C3,SANTA LUCIA,Guayaramerín,87.45869632746354,2.863110516569265,Sist. Ais.,51.8,1257.87,False,103.468,False,False,2.863110516569265,root,2.863110516569265
C3,SANTA FE,Guayaramerín,58.3521933406312,4.843480361908091,Sist. Ais.,104.5,1257.87,False,69.034,False,False,4.769149348028153,node,4.769149348028153
C3,VILLA UNION,Guayaramerín,26.582272738168662,6.248217718386594,Sist. Ais.,263.92,1257.87,False,31.448,False,False,1.455036473651923,tap,3.3959788051621147
C3,SAN PEDRO,Guayaramerín,49.565394555369636,6.274083122076944,Sist. Ais.,150.19,1257.87,False,58.638,False,False,5.145494049772355,node,5.145494049772355
C3,VILLA BELLA,Guayaramerín,66.02761334327369,8.115286435414435,Sist. Ais.,146.34,1257.87,False,78.114,False,False,5.969766303704436,root,8.115286435414435
C3,2 DE OCTUBRE,Guayaramerín,64.51307519407547,8.669628604964418,Sist. Ais.,158.37,1257.87,False,76.322,False,False,3.0986839988091854,node,6.167159337711672
C3,SANTA TERESA DEL YATA,Guayaramerín,32.005954626893384,8.876812568259037,Sist. Ais.,308.27,1257.87,False,37.865,False,False,4.6989313634583,node,4.6989313634583
C3,SAN FRANSISCO DEL YATA,Guayaramerín,23.084808500354598,12.59032490636806,Sist. Ais.,589.31,1257.87,False,27.31,False,False,6.182356531019041,node,6.182356531019041
C3,14 DE SEPTIEMBRE,Guayaramerín,31.382171537584217,13.910391977976571,Sist. Ais.,482.22,1257.87,False,37.127,False,False,5.477652167980157,node,5.477652167980157
C3,SANTA TERESA DEL YATA,Guayaramerín,64.27704116964462,14.033204806109612,Sist. Ais.,246.38,1257.87,False,76.043,False,False,11.870486592597084,node,11.870486592597084
C3,18 DE JUNIO,Guayaramerín,60.335119429247044,14.039664418309304,Sist. Ais.,261.45,1257.87,False,71.379,False,False,10.669022069143947,node,10.669022069143947
C3,PUERTO CARRERO,Guayaramerín,16.834399005310242,20.54662526974061,Sist. Ais.,1297.15,1257.87,False,19.916,False,True,0.6538884482380999,tap,1.4335776415554642
C3,SAN ROQUE,Guayaramerín,38.940494555372275,20.553844102869927,Sist. Ais.,570.89,1257.87,False,46.069,False,False,1.275764379353196,node,10.40283124823833
C3,PALMA SOLA,Guayaramerín,48.24754969206735,31.92040149395029,Sist. Ais.,711.14,1257.87,False,57.079,False,False,14.471385007952087,node,14.471385007952087
C3,RANCHO GRANDE,Guayaramerín,28.21390787222128,36.30193075203629,Sist. Ais.,1366.51,1257.87,False,33.378,False,True,0.44712673429333183,tap,3.0027084961342165
C3,BARRANCO COLORADO,Guayaramerín,59.03268486764556,39.30122744948912,Sist. Ais.,715.5,1257.87,False,69.839,False,False,2.969231549784154,node,7.429955040978936
C3,SAN JUAN DEL MAMORE,Guayaramerín,31.828469094889748,48.62838206877869,Sist. Ais.,1619.36,1257.87,False,37.655,False,True,9.64250350376607,node,9.64250350376607
C3,PUERTO COIMBRA,Guayaramerín,19.470247277686138,58.11617418825754,Sist. Ais.,3147.04,1257.87,False,23.034,False,True,1.9929026558345322,tap,2.1177150426814326
C3,SANTA FE DE LA CRUZ,Guayaramerín,22.967711515500195,60.21815795507517,Sist. Ais.,2766.43,1257.87,False,27.172,False,True,0.7162792795902057,tap,8.065874190036128
C3,ROSARIO DEL YATA,Guayaramerín,8.819405091810575,73.8938273742279,Sist. Ais.,8802.18,1257.87,True,10.434,True,True,,,
C3,LA ESPERANZA,Guayaramerín,1.1853375767470875,80.69853767352332,Sist. Ais.,71398.32,1257.87,True,1.402,True,True,,,
C3,PUERTO BOLIVAR,Guayaramerín,18.28490970093905,88.73483504718295,Sist. Ais.,5105.62,1257.87,True,21.632,True,True,,,
C3,FIRMEZA,Guayaramerín,13.543559393950698,90.21962458286488,Sist. Ais.,7001.83,1257.87,False,16.023,False,True,8.320497034355467,node,8.320497034355467
C3,SAN LORENZO,Guayaramerín,17.721515158779106,91.32893307554636,Sist. Ais.,5420.86,1257.87,True,20.965,True,True,,,
C3,VILLA NUEVA,Guayaramerín,12.980164851790757,91.49600023867296,Sist. Ais.,7408.08,1257.87,True,15.356,True,True,,,
C3,SINAI,Guayaramerín,8.238814544802407,94.29680460783636,Sist. Ais.,12017.73,1257.87,True,9.747,True,True,,,
C3,LAS PIEDRAS,Puerto_Gonzalo_Moreno,80.42914764577938,0.0010074354680366,Sist. Ais.,17.49,1255.82,False,94.995,False,False,0.001007435467605165,root,0.0010074354680366
C3,GONZALO MORENO,Puerto_Gonzalo_Moreno,78.61105065916865,0.0121208085802924,Sist. Ais.,17.64,1255.82,False,92.847,False,False,0.012120808580922023,root,0.0121208085802924
C3,BUEN FUTURO,Puerto_Gonzalo_Moreno,44.55780551312644,0.0361522499229542,Sist. Ais.,18.33,1255.82,False,52.627,False,False,0.036152249923012296,root,0.0361522499229542
C3,LIBERTAD,Puerto_Gonzalo_Moreno,13.82330883470697,0.0381126026619756,Sist. Ais.,20.37,1255.82,False,16.327,False,False,0.0381126026618969,root,0.0381126026619756
C3,LAGO VICTORIA,Puerto_Gonzalo_Moreno,27.560041622432475,0.0747955390471253,Sist. Ais.,20.32,1255.82,False,32.551,False,False,0.07479553904718769,root,0.0747955390471253
C3,PORTACHUELO MEDIO,Puerto_Gonzalo_Moreno,47.41481506351472,0.1017127007660635,Sist. Ais.,19.72,1255.82,False,56.001,False,False,0.10171270076627222,root,0.1017127007660635
C3,SAN PABLO,Puerto_Gonzalo_Moreno,47.90541266307634,0.1050556380191655,Sist. Ais.,19.77,1255.82,False,56.581,False,False,0.10505563801916552,root,0.1050556380191655
C3,CANDELARIA,Puerto_Gonzalo_Moreno,15.497112409681925,0.1293022962986766,Sist. Ais.,26.22,1255.82,False,18.304,False,False,0.12930229629864762,root,0.1293022962986766
C3,MIRAFLORES,Puerto_Gonzalo_Moreno,48.71345576823667,0.1329820296268107,Sist. Ais.,20.34,1255.82,False,57.535,False,False,0.13298202962611888,root,0.1329820296268107
C3,PORTACHUELO BAJO,Puerto_Gonzalo_Moreno,86.86463380473482,0.1790470402402901,Sist. Ais.,19.64,1255.82,False,102.595,False,False,0.17904704024029014,root,0.1790470402402901
C3,FRONTERA,Puerto_Gonzalo_Moreno,22.913793767760616,0.2453856190041139,Sist. Ais.,28.7,1255.82,False,27.063,False,False,0.24538561900411396,root,0.2453856190041139
C3,PORTACHUELO ALTO,Puerto_Gonzalo_Moreno,39.91155765845457,0.2877181506576902,Sist. Ais.,25.03,1255.82,False,47.139,False,False,0.2877181506576902,root,0.2877181506576902
C3,AGUA DULCE,Puerto_Gonzalo_Moreno,76.82181235488508,0.6809406946166343,Sist. Ais.,26.77,1255.82,False,90.734,False,False,0.6809406946166343,root,0.6809406946166343
C3,SAN CARLOS,Puerto_Gonzalo_Moreno,28.396943409919956,5.617822496357661,Sist. Ais.,224.9,1255.82,False,33.54,False,False,5.617822496357661,root,5.617822496357661
C3,6 DE AGOSTO,Puerto_Gonzalo_Moreno,26.26140091771053,5.690417652237091,Sist. Ais.,244.66,1255.82,False,31.017,False,False,2.7708921061196703,tap,5.642456169361645
C3,21 DE SEPTIEMBRE,Puerto_Gonzalo_Moreno,8.628746015819173,6.7173887332877165,Sist. Ais.,833.7,1255.82,False,10.191,False,False,5.902862563121253,tap,6.376562755230478
C3,AMERICA,Puerto_Gonzalo_Moreno,31.83112660685133,10.43176090995268,Sist. Ais.,361.08,1255.82,False,37.596,False,False,6.108347934433979,node,6.108347934433979
C3,VILLA NUEVA,Puerto_Gonzalo_Moreno,18.556132736360297,11.792548368339856,Sist. Ais.,683.79,1255.82,False,21.917,False,False,2.933495605371268,tap,3.3713163519374874
C3,SANTA ROSITA,Puerto_Gonzalo_Moreno,14.28504775194144,12.412262873463304,Sist. Ais.,928.49,1255.82,False,16.872,False,False,1.6243051828887207,node,1.6243051828887207
C3,CONTRAVARICIA,Puerto_Gonzalo_Moreno,39.70954688216449,12.914298606871924,Sist. Ais.,358.46,1255.82,False,46.901,False,False,1.8621541441969898,node,5.315485868569615
C3,PALMIRA,Riberalta,28.374664917332826,4.6627595768806114e-05,Sist. Ais.,17.48,1257.49,False,33.558,False,False,4.6627596184228314e-05,root,4.6627595768806114e-05
C3,RIBERALTA,Riberalta,1786.377674781779,0.0017451790051837,Sist. Ais.,17.48,1257.49,False,2112.715,False,False,0.00174517900513931,root,0.0017451790051837
C3,SANTA MARIA,Riberalta,173.22043170715133,0.0024104872218863,Sist. Ais.,17.49,1257.49,False,204.864,False,False,0.002410487222302256,root,0.0024104872218863
C3,LA ESPERANZA,Riberalta,6.305481092740628,0.00457756212331,Sist. Ais.,18.24,1257.49,False,7.457,False,False,0.004577562123324507,root,0.00457756212331
C3,VILLA COTOCA,Riberalta,58.739435293064204,0.0068734131478468,Sist. Ais.,17.6,1257.49,False,69.47,False,False,0.006873413148121072,root,0.0068734131478468
C3,SIGLO XX,Riberalta,11.034591912296099,0.0127401374784626,Sist. Ais.,18.69,1257.49,False,13.05,False,False,0.012740137478814688,root,0.0127401374784626
C3,SAN CRISTOBAL,Riberalta,48.14401053486838,0.0329249077333875,Sist. Ais.,18.19,1257.49,False,56.939,False,False,0.03292490773396023,root,0.0329249077333875
C3,TUMICHUCUA,Riberalta,50.58599913181064,0.0367063719529776,Sist. Ais.,18.24,1257.49,False,59.827,False,False,0.03670637195318981,root,0.0367063719529776
C3,12 DE OCTUBRE,Riberalta,25.506225150733734,0.0381239435497775,Sist. Ais.,19.04,1257.49,False,30.166,False,False,0.0381239435493317,root,0.0381239435497775
C3,LAGO SAN JOSE,Riberalta,19.05859366810749,0.0823657918139144,Sist. Ais.,22.01,1257.49,False,22.54,False,False,0.0823657918139144,root,0.0823657918139144
C3,AGUA CLARA,Riberalta,65.75566833523288,0.0854504785491578,Sist. Ais.,18.84,1257.49,False,77.768,False,False,0.08545047854947772,root,0.0854504785491578
C3,WARNES,Riberalta,102.87780294224858,0.0971151178174334,Sist. Ais.,18.46,1257.49,False,121.672,False,False,0.09711511781746751,root,0.0971151178174334
C3,AVAROA,Riberalta,45.41772115815489,0.1358970845966442,Sist. Ais.,20.61,1257.49,False,53.715,False,False,0.13589708459701563,root,0.1358970845966442
C3,POPECHI,Riberalta,101.01713188929222,0.1613392680526464,Sist. Ais.,19.15,1257.49,False,119.471,False,False,0.16133926805264645,root,0.1613392680526464
C3,BOLIVAR,Riberalta,70.35534474934619,0.244915270872427,Sist. Ais.,21.12,1257.49,False,83.208,False,False,0.244915270872427,root,0.244915270872427
C3,LA UNION,Riberalta,61.76274143399234,0.2611881217853398,Sist. Ais.,21.91,1257.49,False,73.046,False,False,0.2611881217858224,root,0.2611881217853398
C3,SAN ANTONIO,Riberalta,30.875012724774454,0.3273854698325498,Sist. Ais.,28.59,1257.49,False,36.515,False,False,0.3273854698325498,root,0.3273854698325498
C3,PALESTINA,Riberalta,8.516341780769178,0.3537383558004681,Sist. Ais.,61.02,1257.49,False,10.072,False,False,0.3537383557999125,root,0.3537383558004681
C3,SAN JOSE,Riberalta,28.658965697104044,0.3701012127160359,Sist. Ais.,31.01,1257.49,False,33.894,False,False,0.289414299651384,node,0.289414299651384
C3,CAMPO CENTRAL,Riberalta,93.27743091325203,0.3789451481248055,Sist. Ais.,21.73,1257.49,False,110.317,False,False,0.3789451481248055,root,0.3789451481248055
C3,LAS PALMERAS,Riberalta,57.31793139420809,0.507260745980315,Sist. Ais.,26.75,1257.49,False,67.789,False,False,0.507260745980315,root,0.507260745980315
C3,NUEVA UNION,Riberalta,18.91644327822188,1.8561719481722767,Sist. Ais.,120.36,1257.49,False,22.372,False,False,1.8561719481722767,root,1.8561719481722767
C3,SAN JUAN DEL URUCU,Riberalta,39.97785838917137,1.8959393108575464,Sist. Ais.,67.2,1257.49,False,47.281,False,False,1.8959393108575464,root,1.8959393108575464
C3,ANTOFAGASTA,Riberalta,67.34475459286148,2.2961558009344154,Sist. Ais.,53.22,1257.49,False,79.647,False,False,2.2961558009344154,root,2.2961558009344154
C3,LAS MERCEDES,Riberalta,33.530226906545124,2.4649293572712776,Sist. Ais.,94.55,1257.49,False,39.656,False,False,2.4649293572712776,root,2.4649293572712776
C3,ALADITA,Riberalta,14.329482848552022,2.647285187822573,Sist. Ais.,211.17,1257.49,False,16.947,False,False,1.8676187596763252,tap,2.647285187822573
C3,ESTANCIAS DISPERSAS,Riberalta,3.152740546370314,2.866702815955385,Sist. Ais.,970.82,1257.49,False,3.729,False,False,1.9373627340653798,tap,2.866702815955385
C3,BUENA VISTA,Riberalta,30.415860657579927,3.332415749042682,Sist. Ais.,132.35,1257.49,False,35.972,False,False,3.322869681559215,node,3.322869681559215
C3,SAN LORENZO DE PAMPA,Riberalta,34.82229639995906,3.426822292993978,Sist. Ais.,120.65,1257.49,False,41.184,False,False,3.426822292993978,root,3.426822292993978
C3,7 DE JULIO,Riberalta,63.76556287683434,3.719254563964971,Sist. Ais.,78.63,1257.49,False,75.414,False,False,3.7192545639647245,root,3.719254563964971
C3,SAN JUAN,Riberalta,95.86156990007991,5.053773221999233,Sist. Ais.,72.75,1257.49,False,113.374,False,False,5.053773221999233,root,5.053773221999233
C3,SAN ANTONIO,Riberalta,56.82040502960846,5.41946278533492,Sist. Ais.,117.48,1257.49,False,67.2,False,False,3.5432647589613833,root,5.41946278533492
C3,SANTA AMALIA,Riberalta,65.34193315001949,6.613882773577458,Sist. Ais.,123.6,1257.49,False,77.279,False,False,6.613882773577458,root,6.613882773577458
C3,EL HONDO,Riberalta,43.130598935541684,7.799533625137456,Sist. Ais.,207.08,1257.49,False,51.01,False,False,4.151630340736674,node,4.151630340736674
C3,26 DE OCTUBRE,Riberalta,62.189192603649175,8.232357529250057,Sist. Ais.,156.27,1257.49,False,73.55,False,False,6.639788217256858,tap,7.508358936566
C3,SANTA ROSA DEL IVON,Riberalta,36.540817063029834,8.346941651223807,Sist. Ais.,256.98,1257.49,False,43.216,False,False,5.479823571754296,node,5.479823571754296
C3,BERLIN,Riberalta,68.77897447616103,8.372235237139709,Sist. Ais.,145.1,1257.49,False,81.344,False,False,3.50551941233792,root,8.372235237139709
C3,LOS ANGELES,Riberalta,37.82017057200033,8.463332279801506,Sist. Ais.,252.1,1257.49,False,44.729,False,False,6.715371487738107,node,6.715371487738107
C3,PUERTO ROMAN,Riberalta,72.50031658207376,8.849704125119949,Sist. Ais.,145.46,1257.49,False,85.745,False,False,8.849704125119949,root,8.849704125119949
C3,SANTA FE,Riberalta,43.27274932542729,8.862894754079939,Sist. Ais.,232.22,1257.49,False,51.178,False,False,8.838144323002073,node,8.838144323002073
C3,CANDELARIA,Riberalta,75.25261771773495,8.998596347061524,Sist. Ais.,142.85,1257.49,False,89.0,False,False,8.97948136459826,node,8.97948136459826
C3,SAN JUAN KM 42,Riberalta,34.82229639995906,11.046602787309594,Sist. Ais.,350.08,1257.49,False,41.184,False,False,2.9605679157541434,node,2.9605679157541434
C3,BELLA FLOR,Riberalta,77.22942740162925,11.252025922825574,Sist. Ais.,170.23,1257.49,False,91.338,False,False,7.3874744037746884,tap,8.084949263212604
C3,HAMBURGO,Riberalta,4.729110819555471,11.31406562152047,Sist. Ais.,2525.88,1257.49,False,5.593,False,True,1.3106806043727899,tap,2.0102348299511834
C3,DESVELO,Riberalta,45.85688831225516,11.578479769958694,Sist. Ais.,282.21,1257.49,False,54.234,False,False,8.48453093758491,node,8.48453093758491
C3,SAN ARIEL,Riberalta,91.59017517273018,11.683086319781472,Sist. Ais.,151.22,1257.49,False,108.322,False,False,3.2850611139355888,node,11.535327914920014
C3,MEDIO MONTE,Riberalta,33.530226906545124,11.904214056365795,Sist. Ais.,389.71,1257.49,False,39.656,False,False,0.22176768645820588,tap,3.6949921993629466
C3,PARAISO,Riberalta,14.613783628323246,12.229171686553858,Sist. Ais.,894.86,1257.49,False,17.283,False,False,0.30466295312098013,tap,0.37682943324700013
C3,27 DE MAYO,Riberalta,17.34007300503673,13.086721595776924,Sist. Ais.,808.77,1257.49,False,20.508,False,False,3.0388219540573305,tap,3.563994518123237
C3,BUENA VISTA,Riberalta,29.047042569355764,13.59615985265695,Sist. Ais.,508.24,1257.49,False,34.353,False,False,1.9011574262110975,tap,8.55243817036498
C3,VILLA NAZARETH,Riberalta,20.77711433117826,13.886916361483353,Sist. Ais.,718.25,1257.49,False,24.573,False,False,2.0277488305789717,tap,3.6247764598840675
C3,SAN ARIEL,Riberalta,19.169479135444195,14.312512784258962,Sist. Ais.,800.3,1257.49,False,22.671,False,False,4.579604983527381,tap,4.842934014579733
C3,PALMIRA DEL IVON,Riberalta,42.56199737599923,14.61899696302298,Sist. Ais.,377.6,1257.49,False,50.337,False,False,0.01071812303643566,node,4.639540412236285
C3,LAGO EL CARMEN,Riberalta,21.345715890720705,14.837150607904546,Sist. Ais.,746.26,1257.49,False,25.245,False,False,1.3142791137901855,tap,2.010293811029386
C3,CENTRITO,Riberalta,14.471633238437633,15.024164209069474,Sist. Ais.,1105.98,1257.49,False,17.115,False,False,8.010682585685126,node,8.010682585685126
C3,IVARENDA,Riberalta,3.152740546370314,15.616149029498589,Sist. Ais.,5210.78,1257.49,False,3.729,False,True,1.1345541028913557,tap,2.2139585749574158
C3,SANTUARIO,Riberalta,78.50878091059977,15.929342544405934,Sist. Ais.,230.21,1257.49,False,92.851,False,False,12.388466810684902,node,15.929342544405934
C3,SANTA ELENA DEL LAGO,Riberalta,37.53586979222911,16.319021113647736,Sist. Ais.,473.31,1257.49,False,44.393,False,False,16.319021113647736,root,16.319021113647736
C3,FLOR DE OCTUBRE,Riberalta,34.96444678984468,16.49850185213819,Sist. Ais.,512.21,1257.49,False,41.352,False,False,1.521167846661778,node,6.176491856234984
C3,BUEN RETIRO,Riberalta,30.519636750060428,18.103415534728445,Sist. Ais.,639.4,1257.49,False,36.095,False,False,11.312203518801017,node,11.312203518801017
C3,CONSUELO DEL ROSARIO,Riberalta,112.90462614090198,18.88528238503865,Sist. Ais.,192.85,1257.49,False,133.53,False,False,6.457168956807479,node,10.927936120358728
C3,SANTA RITA,Riberalta,17.34007300503673,19.158092547181067,Sist. Ais.,1175.88,1257.49,False,20.508,False,False,5.004599831694588,node,5.004599831694588
C3,PALESTINA,Riberalta,16.45967103539464,22.35718941626072,Sist. Ais.,1441.62,1257.49,False,19.467,False,True,3.217747442819556,node,3.217747442819556
C3,MONTE CRISTO,Riberalta,19.627195227649942,24.96072751107668,Sist. Ais.,1350.86,1257.49,False,23.213,False,True,8.612617621796396,node,8.612617621796396
C3,BRILLANTE,Riberalta,50.14683197771037,26.20380755070581,Sist. Ais.,565.35,1257.49,False,59.308,False,False,10.536356236849588,node,10.536356236849588
C3,SANTA ROSA DEL BIATA,Riberalta,23.92985487754858,26.23030838585562,Sist. Ais.,1166.74,1257.49,False,28.301,False,False,7.35016696604437,tap,11.43061124900633
C3,PALESTINA,Riberalta,26.17858787518926,27.77880082925932,Sist. Ais.,1130.04,1257.49,False,30.961,False,False,3.7173293370389633,node,3.7173293370389633
C3,LA SABANA,Riberalta,20.919264721063872,27.981624264887696,Sist. Ais.,1419.92,1257.49,False,24.741,False,True,16.79342301697654,node,16.79342301697654
C3,ALTA GRACIA,Riberalta,32.09600702324558,30.37586847234673,Sist. Ais.,1009.76,1257.49,False,37.959,False,False,4.31142343887443,tap,5.065290237780617
C3,EL TRIANGULO,Riberalta,31.230388699488483,31.124784070859388,Sist. Ais.,1062.4,1257.49,False,36.936,False,False,5.033096591831665,node,5.033096591831665
C3,PUERTO CHACOBO,Riberalta,245.70639065776462,31.903214115037773,Sist. Ais.,153.61,1257.49,False,290.592,False,False,2.658720204097443,node,21.07728802246133
C3,SANTA ROSA DEL FLORIDA,Riberalta,38.259337726100604,36.65187965922666,Sist. Ais.,1021.9,1257.49,False,45.249,False,False,8.754080139979326,node,18.57690473098509
C3,COSTA RICA,Riberalta,68.48195771194636,37.63039327564434,Sist. Ais.,593.6,1257.49,False,80.992,False,False,9.63844235120602,node,9.63844235120602
C3,5 DE AGOSTO,Riberalta,45.27557076826928,39.30039294276949,Sist. Ais.,927.58,1257.49,False,53.547,False,False,1.8217167632504345,node,1.8217167632504345
C3,POZA NEGRA,Riberalta,22.211334214477805,39.48337864250204,Sist. Ais.,1881.27,1257.49,False,26.269,False,True,7.784141140898806,tap,8.532897540819958
C3,CANDELARIA,Riberalta,55.27638220797498,40.08108379417812,Sist. Ais.,777.73,1257.49,False,65.374,False,False,1.8003373916700003,node,1.8003373916700003
C3,VICTORIA,Riberalta,46.70979065156883,42.60355616542255,Sist. Ais.,973.78,1257.49,False,55.243,False,False,4.537830559542849,node,14.88547845030951
C3,TOKIO,Riberalta,17.34007300503673,46.12141994356299,Sist. Ais.,2806.23,1257.49,False,20.508,False,True,4.114801370884754,tap,6.267341349782729
C3,LAS LIMAS,Riberalta,15.763702731851568,57.59636294400491,Sist. Ais.,3848.32,1257.49,False,18.643,False,True,1.078129021049242,node,13.666116411586412
C3,LOS CAYUCES,Riberalta,1.7175798847389823,58.77569516229987,Sist. Ais.,35896.36,1257.49,False,2.031,False,True,0.7680203604375284,tap,1.6187684478729198
C3,FORTALEZA,Riberalta,20.919264721063872,59.28878030227891,Sist. Ais.,2989.03,1257.49,False,24.741,False,True,15.139675688180688,tap,15.141866263520349
C3,LA UNION II,Riberalta,16.320585706993413,62.53959000388844,Sist. Ais.,4035.17,1257.49,False,19.302,False,True,5.132832618001792,tap,6.807534907994102
C3,SAN FRANCISCO,Riberalta,43.4148997153129,64.12037897046511,Sist. Ais.,1565.99,1257.49,False,51.346,False,True,6.378439728877941,node,16.86905234589367
C3,EL RECREO,Riberalta,67.34475459286148,69.14633266932267,Sist. Ais.,1094.0,1257.49,False,79.647,False,False,7.679989349809782,tap,7.971877998848169
C3,ALTO IVON,Riberalta,184.70690675799113,73.05380332228823,Sist. Ais.,432.16,1257.49,False,218.449,False,False,1.7678479662007591,node,34.653754065623886
C3,BUEN DESTINO,Riberalta,85.25342915744065,74.31590787115638,Sist. Ais.,931.44,1257.49,False,100.828,False,False,0.25755387601493845,tap,41.472728618057246
C3,PUERTO CHACOBO,Riberalta,33.98375169210593,77.89783652812108,Sist. Ais.,2420.8,1257.49,False,40.192,False,True,7.258566058802362,node,7.258566058802362
C3,3 BOCAS,Riberalta,9.742522418882162,82.16138968655842,Sist. Ais.,8859.55,1257.49,False,11.522,True,True,7.798331082969467,tap,
C3,LA UNION II,Riberalta,7.6092691705551605,85.88734074323702,Sist. Ais.,11851.82,1257.49,False,8.999,False,True,0.08796475869497636,tap,0.17708452183346812
C3,CACHUELITA,Riberalta,17.48222339492234,85.99690802726325,Sist. Ais.,5175.03,1257.49,False,20.676,False,True,0.15369166893827452,node,12.758650199182117
C3,LOS CAYUCES,Riberalta,50.72909030002803,87.68050269391726,Sist. Ais.,1829.67,1257.49,False,59.996,False,True,24.99464285698907,node,24.99464285698907
C3,SANTA DELMIRA,Riberalta,29.08541686676088,114.84247463849955,Sist. Ais.,4157.33,1257.49,True,34.399,True,True,,,
C4,EL CARMEN,Bella_Flor,42.805841756890935,0.0018922181770077,Sist. Ais.,17.52,1275.52,False,51.362,False,False,0.0018922181763931787,root,0.0018922181770077
C4,KARAMANU,Bella_Flor,28.991222162843574,0.0060987584443616,Sist. Ais.,17.7,1275.52,False,34.786,False,False,0.00609875844416477,root,0.0060987584443616
C4,NUEVO BELEN,Bella_Flor,14.53310039712855,0.0211379481228958,Sist. Ais.,19.0,1275.52,False,17.438,False,False,0.021137948122382365,root,0.0211379481228958
C4,SAN PEDRO,Bella_Flor,16.15353634619717,0.02957241657343,Sist. Ais.,19.39,1275.52,False,19.382,False,False,0.02957241657254472,root,0.02957241657343
C4,CINCO ESTRELLAS,Bella_Flor,8.159530239187776,0.0365621942140137,Sist. Ais.,22.17,1275.52,False,9.79,False,False,0.03656219421430147,root,0.0365621942140137
C4,VILLA AMAZONICA,Bella_Flor,45.65657570176821,0.037223461617487,Sist. Ais.,18.33,1275.52,False,54.782,False,False,0.03722346161710308,root,0.037223461617487
C4,SANTA ELENA,Bella_Flor,46.625887081073,0.0529104633247063,Sist. Ais.,18.66,1275.52,False,55.945,False,False,0.05291046332451999,root,0.0529104633247063
C4,SANTA LUCIA,Bella_Flor,40.77175651395585,0.0712638484667445,Sist. Ais.,19.31,1275.52,False,48.921,False,False,0.07126384846742573,root,0.0712638484667445
C4,SANTA MARIA,Bella_Flor,17.236582493714305,0.0757028549956613,Sist. Ais.,22.08,1275.52,False,20.682,False,False,0.07570285499597208,root,0.0757028549956613
C4,SANTA LOURDES,Bella_Flor,59.64434182609011,0.077332403373604,Sist. Ais.,18.83,1275.52,False,71.566,False,False,0.077332403373604,root,0.077332403373604
C4,SAN ANTONIO,Bella_Flor,67.13447521162719,0.0833878958764506,Sist. Ais.,18.78,1275.52,False,80.553,False,False,0.08338789587703736,root,0.0833878958764506
C4,NUEVO HORIZONTE,Bella_Flor,16.194997897531515,0.0969876052851138,Sist. Ais.,23.75,1275.52,False,19.432,False,False,0.09698760528529461,root,0.0969876052851138
C4,SANTA RITA,Bella_Flor,56.71862924979929,0.1045814266412118,Sist. Ais.,19.41,1275.52,False,68.055,False,False,0.10458142664161438,root,0.1045814266412118
C4,SAN PEDRO,Bella_Flor,26.52824282984972,0.1186129868615955,Sist. Ais.,22.16,1275.52,False,31.831,False,False,0.11861298686156507,root,0.1186129868615955
C4,CAMPOANA CASTAÑERA,Bella_Flor,45.55840780290719,0.1288799502034814,Sist. Ais.,20.44,1275.52,False,54.665,False,False,0.12887995020398618,root,0.1288799502034814
C4,NUEVA VIDA,Bella_Flor,30.653119663246542,0.1831708955133784,Sist. Ais.,23.74,1275.52,False,36.78,False,False,0.18317089551412302,root,0.1831708955133784
C4,PERLA DEL ORIENTE,Bella_Flor,6.49763273878481,0.2146572319649502,Sist. Ais.,52.11,1275.52,False,7.796,False,False,0.21465723196468203,root,0.2146572319649502
C4,FLORIDA,Bella_Flor,10.118636850709322,1.1518870769242016,Sist. Ais.,136.83,1275.52,False,12.141,False,False,1.1518870769234468,root,1.1518870769242016
C4,PALACIOS,Bella_Flor,12.573993785607005,3.7697027235455542,Sist. Ais.,331.81,1275.52,False,15.087,False,False,2.04641099129966,node,3.2012859950385373
C4,16 DE MAYO,Bella_Flor,38.86173385186481,4.125912029875726,Sist. Ais.,128.79,1275.52,False,46.629,False,False,4.125912029876291,root,4.125912029875726
C4,VERONICA,Bella_Flor,14.657162977972582,4.565597701020118,Sist. Ais.,344.07,1275.52,False,17.587,False,False,4.565597701020118,root,4.565597701020118
C4,ALEGRIA,Bella_Flor,9.201114835370566,5.003179086257375,Sist. Ais.,587.59,1275.52,False,11.04,False,False,5.003179086257375,root,5.003179086257375
C4,INTEGRAL CIVICA,Bella_Flor,5.704173304290091,11.068926320678337,Sist. Ais.,2052.04,1275.52,True,6.844,True,True,,,
C4,VILLA MAVARI,Bella_Flor,7.787342496655669,16.23889079288221,Sist. Ais.,2203.85,1275.52,True,9.344,True,True,,,
C4,NUEVA ESPERANZA,Bella_Flor,14.409037816284515,18.07428329880881,Sist. Ais.,1332.65,1275.52,True,17.289,True,True,,,
C4,PUERTO VARGAS ARROYO GRANDE,Bella_Flor,24.89986240952594,19.98608147100141,Sist. Ais.,859.04,1275.52,False,29.877,False,False,14.098627573238602,tap,14.429551660133583
C4,FORTIN,Bella_Flor,54.04104183519657,21.20908695057307,Sist. Ais.,428.96,1275.52,False,64.843,False,False,21.19492292458677,node,21.19492292458677
C4,MAPAJO,Bella_Flor,57.214879573175445,22.710274447771184,Sist. Ais.,433.65,1275.52,False,68.651,False,False,3.072565973834914,root,22.710274447771184
C4,MONTE VIDEO,Bella_Flor,22.56856805547229,34.50749088734348,Sist. Ais.,1620.6,1275.52,False,27.08,False,True,2.4332640490242987,tap,2.7074552637455147
C4,MONTEVIDEO PUERTO EVO,Bella_Flor,178.88123611430427,35.6088348178308,Sist. Ais.,226.19,1275.52,False,214.636,False,False,1.1872405286663934,root,35.6088348178308
C4,LONDRES,Filadelfia,51.72460418419537,0.0040722913206309,Sist. Ais.,17.56,1269.91,False,61.787,False,False,0.004072291320149232,root,0.0040722913206309
C4,FILADELFIA,Filadelfia,43.200733550111366,0.0078139358790586,Sist. Ais.,17.66,1269.91,False,51.604,False,False,0.007813935879007236,root,0.0078139358790586
C4,LAGO,Filadelfia,49.69107639872802,0.0085497775013129,Sist. Ais.,17.65,1269.91,False,59.357,False,False,0.00854977750088826,root,0.0085497775013129
C4,CURICHON,Filadelfia,43.40538987211032,0.0092905054118727,Sist. Ais.,17.7,1269.91,False,51.849,False,False,0.009290505411807452,root,0.0092905054118727
C4,CHIVE,Filadelfia,56.38607556934363,0.0097928563094671,Sist. Ais.,17.66,1269.91,False,67.355,False,False,0.009792856310057888,root,0.0097928563094671
C4,SOBERANIA BELLA VISTA,Filadelfia,157.41199666005244,0.0154002887526083,Sist. Ais.,17.58,1269.91,False,188.033,False,False,0.015400288752267911,root,0.0154002887526083
C4,PURISIMA,Filadelfia,23.525048682262447,0.0186588797806377,Sist. Ais.,18.31,1269.91,False,28.101,False,False,0.018658879780635636,root,0.0186588797806377
C4,AMAZONICA,Filadelfia,76.67572940318942,0.0216098640998723,Sist. Ais.,17.77,1269.91,False,91.591,False,False,0.021609864100740252,root,0.0216098640998723
C4,NUEVA UNION,Filadelfia,52.33857315019225,0.0227461013277667,Sist. Ais.,17.93,1269.91,False,62.52,False,False,0.02274610132801109,root,0.0227461013277667
C4,BUYUYO 2,Filadelfia,15.615147014175314,0.0273608719672354,Sist. Ais.,19.31,1269.91,False,18.653,False,False,0.027360871967249168,root,0.0273608719672354
C4,PETRONILA,Filadelfia,4.258676458411449,0.0284135579633864,Sist. Ais.,24.47,1269.91,False,5.087,False,False,0.028413557963394953,root,0.0284135579633864
C4,REINO DE LOS LOBOS,Filadelfia,7.3024504193513735,0.0347632056675433,Sist. Ais.,22.47,1269.91,False,8.723,False,False,0.034763205667519934,root,0.0347632056675433
C4,BUYUYO,Filadelfia,22.310146184790923,0.0375578175833762,Sist. Ais.,19.24,1269.91,False,26.65,False,False,0.0375578175831001,root,0.0375578175833762
C4,NUEVA ALIANZA,Filadelfia,60.24195710101827,0.0385076509919729,Sist. Ais.,18.14,1269.91,False,71.961,False,False,0.03850765099197299,root,0.0385076509919729
C4,LUZ DE AMERICA,Filadelfia,12.776029375234344,0.0420550000017007,Sist. Ais.,20.93,1269.91,False,15.261,False,False,0.042055000001638,root,0.0420550000017007
C4,ESPIRITU,Filadelfia,21.29338229205724,0.0455896037746772,Sist. Ais.,19.72,1269.91,False,25.436,False,False,0.04558960377525966,root,0.0455896037746772
C4,FLORIDA,Filadelfia,18.051469726379473,0.0597161202153398,Sist. Ais.,20.94,1269.91,False,21.563,False,False,0.05971612021552081,root,0.0597161202153398
C4,SAN ANTONIO,Filadelfia,10.92802429120861,0.0628025485219004,Sist. Ais.,23.5,1269.91,False,13.054,False,False,0.06280254852195995,root,0.0628025485219004
C4,EMPRESIÑA,Filadelfia,35.904800848021104,0.0663372445380953,Sist. Ais.,19.41,1269.91,False,42.889,False,False,0.06633724453780936,root,0.0663372445380953
C4,EL CHORRO,Filadelfia,45.24077905283984,0.0800293263235113,Sist. Ais.,19.33,1269.91,False,54.041,False,False,0.08002932632412593,root,0.0800293263235113
C4,HOLANDA,Filadelfia,22.10548986279197,0.082700327333396,Sist. Ais.,21.4,1269.91,False,26.406,False,False,0.08270032733355738,root,0.082700327333396
C4,PLANCHON,Filadelfia,26.166027716465567,0.0997839610593352,Sist. Ais.,21.47,1269.91,False,31.256,False,False,0.09978396105935146,root,0.0997839610593352
C4,HONDURAS,Filadelfia,1.4195588194704831,0.1028471443821451,Sist. Ais.,93.44,1269.91,False,1.696,False,False,0.10284714438214518,root,0.1028471443821451
C4,10 DE NOVIEMBRE,Filadelfia,19.471028545849954,0.1054323368683312,Sist. Ais.,23.15,1269.91,False,23.259,False,False,0.10543233686827008,root,0.1054323368683312
C4,VILLA BELLA,Filadelfia,42.190487374638806,0.1198203125788032,Sist. Ais.,20.45,1269.91,False,50.398,False,False,0.1198203125785685,root,0.1198203125788032
C4,SAN ANTONIO,Filadelfia,19.70133620566737,0.1491548977333585,Sist. Ais.,25.41,1269.91,False,23.534,False,False,0.14915489773335858,root,0.1491548977333585
C4,19 DE AGOSTO,Filadelfia,48.885486545254416,0.1584253791290835,Sist. Ais.,20.87,1269.91,False,58.395,False,False,0.1584253791287543,root,0.1584253791290835
C4,LONDRES II,Filadelfia,26.978135287200285,0.4062132886537431,Sist. Ais.,33.26,1269.91,False,32.226,False,False,0.4062132886537431,root,0.4062132886537431
C4,COMPENSACION ESPIRITU I,Filadelfia,5.882891599880891,2.060707564628424,Sist. Ais.,384.74,1269.91,False,7.027,False,False,1.427820029939285,tap,1.959524011975217
C4,CAPERNAUN,Filadelfia,9.534116809556576,3.397252510693868,Sist. Ais.,391.07,1269.91,False,11.389,False,False,1.3420373748942045,root,3.397252510693868
C4,LAGO 2,Filadelfia,30.82749910161382,3.501906568295005,Sist. Ais.,136.58,1269.91,False,36.824,False,False,3.5019065682949653,root,3.501906568295005
C4,RIMBER ECUARI,Filadelfia,19.67568486784892,5.053486496511826,Sist. Ais.,286.76,1269.91,False,23.503,False,False,5.053486496511826,root,5.053486496511826
C4,SAN FRANCISCO DE ASIS,Filadelfia,9.936911736293382,6.5289632673264,Sist. Ais.,706.37,1269.91,False,11.87,False,False,6.5289632673264,root,6.5289632673264
C4,GRAN TULAPA,Filadelfia,13.185342019232262,6.786397882625297,Sist. Ais.,557.12,1269.91,False,15.75,False,False,3.3895364606593668,node,3.3895364606593668
C4,GRAN PROGRESO,Filadelfia,21.70269493605516,6.996711760446482,Sist. Ais.,355.49,1269.91,False,25.924,False,False,6.996711760446482,root,6.996711760446482
C4,MONTECARLO,Filadelfia,37.12622106275374,7.403518096015623,Sist. Ais.,226.56,1269.91,False,44.348,False,False,7.403518096015623,root,7.403518096015623
C4,UCIA,Filadelfia,87.82102591969321,7.773976099325546,Sist. Ais.,110.29,1269.91,False,104.905,False,False,7.773976099325546,root,7.773976099325546
C4,FELIX ROCA,Filadelfia,77.29621608644742,7.94503197819945,Sist. Ais.,125.24,1269.91,False,92.333,False,False,5.8821947801105905,node,7.542036324516319
C4,VILLA SACRIFICIO,Filadelfia,34.28058570655166,9.024192492832618,Sist. Ais.,293.48,1269.91,False,40.949,False,False,8.988431059988207,node,8.988431059988207
C4,PUERTO SUCRE,Filadelfia,24.54181257499613,9.120869176258257,Sist. Ais.,407.14,1269.91,False,29.316,False,False,8.832202711565802,tap,8.986816938756691
C4,NUEVA HOLANDA,Filadelfia,25.75671507246765,11.428750394463094,Sist. Ais.,482.7,1269.91,False,30.767,False,False,11.428750394463094,root,11.428750394463094
C4,ESPIRITU II,Filadelfia,32.65637056508222,13.303902293062398,Sist. Ais.,444.61,1269.91,False,39.009,False,False,5.611562814777277,node,7.51797823326221
C4,LIMON,Filadelfia,37.119703345492624,13.830327438977116,Sist. Ais.,408.12,1269.91,False,44.341,False,False,13.830327438977116,root,13.830327438977116
C4,VISTA HERMOSA,Filadelfia,21.29338229205724,14.355817278619124,Sist. Ais.,724.35,1269.91,False,25.436,False,False,10.984154244167602,tap,10.986603555749248
C4,SAN FRANCISCO,Filadelfia,27.58558653593605,15.011208539056788,Sist. Ais.,588.02,1269.91,False,32.952,False,False,9.583715834733454,node,9.583715834733454
C4,NUEVA ALEGRIA,Filadelfia,35.09269327728638,15.322962601043804,Sist. Ais.,475.28,1269.91,False,41.919,False,False,10.648555937044387,tap,11.36599652479372
C4,11 DE SEPTIEMBRE,Filadelfia,34.27406798929056,18.39390699322892,Sist. Ais.,580.16,1269.91,False,40.941,False,False,9.191631921420612,tap,9.387252906293558
C4,NUEVA FRONTERA,Filadelfia,26.36416632120341,18.40233047214894,Sist. Ais.,749.32,1269.91,False,31.493,False,False,3.5182305213043854,node,3.5182305213043854
C4,NUEVA JERUSALEN,Filadelfia,29.209801677405494,20.53853066797948,Sist. Ais.,754.7,1269.91,False,34.892,False,False,6.072513858222251,node,6.072513858222251
C4,ALTO MONTE EL PINPOLLO SAMARIA,Filadelfia,41.167205764644,23.879811375745646,Sist. Ais.,625.66,1269.91,False,49.175,False,False,8.558224179477714,node,8.558224179477714
C4,VILLA PRIMERO DE MAYO,Filadelfia,49.29479918925232,24.214502089672028,Sist. Ais.,532.5,1269.91,False,58.884,False,False,3.974183369856859,node,16.890379843963892
C4,18 DE NOVIEMBRE,Filadelfia,36.91504702349367,24.788186708900398,Sist. Ais.,721.52,1269.91,False,44.096,False,False,1.2683884147521158,node,1.5003652057032548
C4,ALTA GRACIA,Filadelfia,39.35788745295894,27.70699821258617,Sist. Ais.,755.58,1269.91,False,47.014,False,False,16.59754840359217,node,16.59754840359217
C4,CATOLICA LA CRUZ,Filadelfia,21.095243687319403,48.34804005307951,Sist. Ais.,2420.47,1269.91,True,25.199,True,True,,,
C4,HUMAITA,Ingavi,160.15346939841004,30.574084918483518,Sist. Ais.,217.63,1278.23,False,192.579,False,False,3.5310331840634537,node,20.107153464810658
C4,LAS AMALIAS,Ingavi,22.339641013581986,33.11107458799566,Sist. Ais.,1571.49,1278.23,False,26.863,False,True,1.4065054321928205,tap,2.034284973122851
C4,SAN JUAN DE NUEVO MUNDO,Ingavi,48.859153456790345,34.81515532963927,Sist. Ais.,764.58,1278.23,False,58.752,False,False,7.351723271719271,tap,7.608792510549498
C4,INGAVI,Ingavi,140.14952682271405,35.29050929751297,Sist. Ais.,281.49,1278.23,False,168.525,False,False,1.6498748834871795,node,29.340902074705834
C4,SAN LUIS,Ingavi,38.86607281008712,35.675659028318584,Sist. Ais.,979.88,1278.23,False,46.735,False,False,1.6653027541994372,tap,10.321310222324362
C4,DERREPENTE,Ingavi,67.01892304074595,40.03552137302023,Sist. Ais.,643.81,1278.23,False,80.588,False,False,12.297038362208175,node,12.297038362208175
C4,GENESIS UNIDO,Ingavi,18.563658710245853,45.83894673035316,Sist. Ais.,2606.46,1278.23,False,22.322,False,True,10.192560961289793,tap,11.55009567921468
C4,CONFLICTO,Ingavi,57.429731520332965,45.91443893685295,Sist. Ais.,855.72,1278.23,False,69.057,False,False,1.1689214786736035,node,12.932114296223348
C4,PUERTO SUCRE,Ingavi,65.89489198173067,50.67912227590329,Sist. Ais.,823.85,1278.23,False,79.237,False,False,5.432900813506784,node,17.784199594551954
C4,SANTA CLAUDIA,Ingavi,18.054351981810676,53.19094624377257,Sist. Ais.,3106.45,1278.23,False,21.71,False,True,17.91224536607332,node,17.91224536607332
C4,11 DE OCTUBRE,Ingavi,7.955853732962508,60.01542798846869,Sist. Ais.,7926.7,1278.23,True,9.567,True,True,,,
C4,JERUSALEN,Ingavi,39.77926866481254,64.47060732879345,Sist. Ais.,1716.75,1278.23,False,47.833,False,True,25.519559390224018,tap,25.546316542594653
C4,TAJIBO,Ingavi,31.82341493185004,79.0251395586302,Sist. Ais.,2621.09,1278.23,False,38.267,False,True,30.67190738670643,node,30.67190738670643
C4,PUERTO CONSUELO II,Nueva_Esperanza,30.780517490581477,1.0694581196950332,Sist. Ais.,53.9,1273.74,False,36.881,False,False,1.0694581196956972,root,1.0694581196950332
C4,PUERTO CONSUELO I,Nueva_Esperanza,78.61310534068092,6.895524624497626,Sist. Ais.,109.44,1273.74,False,94.193,False,False,6.895524624497626,root,6.895524624497626
C4,ASERRADERO LOS INDIOS,Nueva_Esperanza,37.561288322027536,11.220701437124731,Sist. Ais.,330.69,1273.74,False,45.005,False,False,6.935678229979755,node,6.935678229979755
C4,LA GRAN CRUZ,Nueva_Esperanza,105.1311301013457,27.552375529300367,Sist. Ais.,292.26,1273.74,False,125.966,False,False,18.98703452830194,node,18.98703452830194
C4,NUEVA UNION,Nueva_Esperanza,96.13461045093001,37.26559495908736,Sist. Ais.,423.91,1273.74,False,115.187,False,False,5.955225092976609,tap,21.359387214486468
C4,16 DE MAYO,Nueva_Esperanza,25.443531444814237,37.47540853135139,Sist. Ais.,1561.76,1273.74,False,30.486,False,True,0.37988030855450616,node,0.37988030855450616
C4,EL TIGRE,Nueva_Esperanza,55.45208490210489,37.76473699365205,Sist. Ais.,731.52,1273.74,False,66.442,False,False,2.672588767233845,tap,6.527437217374304
C4,ARCA DE ISRAEL,Nueva_Esperanza,164.74556445246444,42.28726714761592,Sist. Ais.,286.6,1273.74,False,197.395,False,False,8.418672607213452,node,14.828068447057722
C4,LA LOMA,Nueva_Esperanza,12.520429440675843,45.825687364088736,Sist. Ais.,3854.97,1273.74,False,15.002,False,True,8.583642258316504,node,8.583642258316504
C4,NUEVA ESPERANZA,Nueva_Esperanza,34.942866939595326,59.26064102624858,Sist. Ais.,1795.61,1273.74,False,41.868,False,True,21.7614235852797,node,21.7614235852797
C4,PORVENIR,Porvenir,103.20275879920467,0.0046819770650741,Sist. Ais.,17.52,1270.59,False,123.346,False,False,0.00468197706482108,root,0.0046819770650741
C4,COLORADO,Porvenir,40.067626542881705,0.004831432095126,Sist. Ais.,17.6,1270.59,False,47.888,False,False,0.004831432095059395,root,0.004831432095126
C4,5 DE AGOSTO,Porvenir,54.23288601805263,0.0077109414282825,Sist. Ais.,17.62,1270.59,False,64.818,False,False,0.007710941428253675,root,0.0077109414282825
C4,NUEVA ESPERANZA,Porvenir,15.643403373638312,0.0082296909311171,Sist. Ais.,18.03,1270.59,False,18.697,False,False,0.008229690931096009,root,0.0082296909311171
C4,COCAMITA,Porvenir,26.36067963605959,0.0085908420853552,Sist. Ais.,17.82,1270.59,False,31.506,False,False,0.008590842085922578,root,0.0085908420853552
C4,CACHUELITA BAJO,Porvenir,8.747436948138981,0.0463689895224187,Sist. Ais.,23.03,1270.59,False,10.455,False,False,0.04636898952265589,root,0.0463689895224187
C4,VILLA ROJAS,Porvenir,45.503669319158014,0.0589106228955742,Sist. Ais.,18.83,1270.59,False,54.385,False,False,0.05891062289600366,root,0.0589106228955742
C4,SANTA FE,Porvenir,31.371792691453173,0.0824284034065172,Sist. Ais.,20.23,1270.59,False,37.495,False,False,0.08242840340651725,root,0.0824284034065172
C4,TRINCHERA,Porvenir,45.112122445741385,0.1183673599489279,Sist. Ais.,20.23,1270.59,False,53.917,False,False,0.11836735994962799,root,0.1183673599489279
C4,AGUA RICA,Porvenir,42.174054898051,0.1392873902271401,Sist. Ais.,20.94,1270.59,False,50.406,False,False,0.13928739022714018,root,0.1392873902271401
C4,SAN JORGE,Porvenir,14.675175140230216,0.2313058860608959,Sist. Ais.,34.0,1270.59,False,17.54,False,False,0.23130588606069907,root,0.2313058860608959
C4,SAN LUIS,Porvenir,21.784876956961128,0.2755196574563058,Sist. Ais.,30.73,1270.59,False,26.037,False,False,0.2755196574566206,root,0.2755196574563058
C4,GRAN CHACO,Porvenir,10.513921526602088,0.5136614929567195,Sist. Ais.,68.7,1270.59,False,12.566,False,False,0.5136614929566529,root,0.5136614929567195
C4,CACHUELITA ALTA,Porvenir,29.010406503754247,0.5552530182764865,Sist. Ais.,37.54,1270.59,False,34.673,False,False,0.5552530182764865,root,0.5552530182764865
C4,TRES BARRACAS,Porvenir,11.057220039127458,1.3908996864534304,Sist. Ais.,149.36,1270.59,False,13.215,False,False,1.3908996864534382,root,1.3908996864534304
C4,EL CEDRO,Porvenir,8.492479115609346,2.8263488046884984,Sist. Ais.,366.41,1270.59,False,10.15,False,False,2.8263488046889242,root,2.8263488046884984
C4,VILLA MARIETA,Porvenir,12.110434216712102,5.120034132195242,Sist. Ais.,460.75,1270.59,False,14.474,False,False,5.120034132195002,root,5.120034132195242
C4,SAN JOSE,Porvenir,9.715665181547081,6.7228078990545015,Sist. Ais.,742.97,1270.59,False,11.612,False,False,2.7706721890532955,node,2.7706721890532955
C4,NUEVA VIDA,Porvenir,8.832422892315527,6.859128780982459,Sist. Ais.,831.7,1270.59,False,10.556,False,False,6.01023932722155,node,6.01023932722155
C4,SAN LUIS,Porvenir,20.55914982944295,8.258669929802721,Sist. Ais.,438.65,1270.59,False,24.572,False,False,8.258669929802721,root,8.258669929802721
C4,BUENA VISTA,Porvenir,24.934138834302665,10.001721712746782,Sist. Ais.,438.04,1270.59,False,29.801,False,False,4.637825639084323,tap,4.758556981770981
C4,CAMPO ANA,Porvenir,35.023130640022025,10.53261617311902,Sist. Ais.,332.79,1270.59,False,41.859,False,False,10.53261617311902,root,10.53261617311902
C4,CASTAÑERA,Porvenir,32.203431883974275,10.949226412871568,Sist. Ais.,373.96,1270.59,False,38.489,False,False,3.7221749675780496,node,4.787274911341492
C4,AVAROA,Puerto_Rico,14.215018414180992,0.0044324401661622,Sist. Ais.,17.8,1277.09,False,17.078,False,False,0.004432440166870948,root,0.0044324401661622
C4,LOS ANGELES,Puerto_Rico,15.622442995384443,0.0093418816422981,Sist. Ais.,18.1,1277.09,False,18.769,False,False,0.00934188164204928,root,0.0093418816422981
C4,CAMPEONES,Puerto_Rico,40.23835619428247,0.0314298893532684,Sist. Ais.,18.29,1277.09,False,48.342,False,False,0.03142988935323187,root,0.0314298893532684
C4,MOTACUZAL,Puerto_Rico,15.805417234148738,0.0379617714620112,Sist. Ais.,19.99,1277.09,False,18.988,False,False,0.037961771461602345,root,0.0379617714620112
C4,JERICO,Puerto_Rico,18.80324063531993,0.0949263601518412,Sist. Ais.,22.77,1277.09,False,22.59,False,False,0.0949263601515719,root,0.0949263601518412
C4,ARROYO SECO,Puerto_Rico,13.032769708359632,0.1129215932644143,Sist. Ais.,26.56,1277.09,False,15.657,False,False,0.11292159326382184,root,0.1129215932644143
C4,BATRAJA,Puerto_Rico,65.67056962147325,0.1716240168182745,Sist. Ais.,20.21,1277.09,False,78.895,False,False,0.17162401681836595,root,0.1716240168182745
C4,SAN ANTONIO EL MATI,Puerto_Rico,34.876035381468554,0.1860837627246362,Sist. Ais.,23.07,1277.09,False,41.899,False,False,0.18608376272463628,root,0.1860837627246362
C4,NUEVA JERUSALEN,Puerto_Rico,20.597714512360874,0.190839829833467,Sist. Ais.,27.19,1277.09,False,24.746,False,False,0.19083982983346703,root,0.190839829833467
C4,CONQUISTA,Puerto_Rico,17.212841815352185,0.1999035150449466,Sist. Ais.,29.65,1277.09,False,20.679,False,False,0.1999035150449466,root,0.1999035150449466
C4,PUERTO RICO,Puerto_Rico,291.0981476219619,0.2459652497398414,Sist. Ais.,18.36,1277.09,False,349.72,False,False,0.2459652497398414,root,0.2459652497398414
C4,MANDARINO,Puerto_Rico,7.607146440619029,1.6873098074688837,Sist. Ais.,250.03,1277.09,False,9.139,False,False,1.6873098074689852,root,1.6873098074688837
C4,PUERTO MADRE DE DIOS,Puerto_Rico,9.014571021822478,1.7925680531770327,Sist. Ais.,225.97,1277.09,False,10.83,False,False,1.7925680531770327,root,1.7925680531770327
C4,EL PIÑAL,Puerto_Rico,2.2026239911873216,3.75906285067682,Sist. Ais.,1806.83,1277.09,True,2.646,True,True,,,
C4,LA ESPERANZA,Puerto_Rico,3.9970978682282587,4.929719204518715,Sist. Ais.,1310.58,1277.09,True,4.802,True,True,,,
C4,IRAK,Puerto_Rico,33.03935986780982,5.2444938173004845,Sist. Ais.,183.9,1277.09,False,39.693,False,False,5.2444938173004845,root,5.2444938173004845
C4,NACEBECITO,Puerto_Rico,22.82143932185709,5.671297227341397,Sist. Ais.,278.03,1277.09,False,27.417,False,False,5.671297227341397,root,5.671297227341397
C4,MAPIMEJE,Puerto_Rico,1.998548934114129,6.801773390069309,Sist. Ais.,3585.81,1277.09,True,2.401,True,True,,,
C4,FLORIDA,Puerto_Rico,20.189564398214486,7.089287716987203,Sist. Ais.,385.63,1277.09,False,24.255,False,False,6.964559903910298,tap,7.059662239046687
C4,JAPA,Puerto_Rico,2.2026239911873216,7.854426447060819,Sist. Ais.,3756.27,1277.09,True,2.646,True,True,,,
C4,SACRIFICIO,Puerto_Rico,9.197545260586773,8.692444535543416,Sist. Ais.,1008.37,1277.09,False,11.05,False,False,3.579298014830886,node,3.579298014830886
C4,TRINIDACITO,Puerto_Rico,2.9978234011711935,11.8974145302609,Sist. Ais.,4178.54,1277.09,True,3.602,True,True,,,
C4,DESLINDE,Puerto_Rico,14.623168528327376,12.92617609916942,Sist. Ais.,944.28,1277.09,False,17.568,False,False,3.162910155537677,node,6.088954995155534
C4,PENINSULA,Puerto_Rico,4.405247982374643,15.356149484344698,Sist. Ais.,3672.33,1277.09,True,5.292,True,True,,,
C4,BOLIVAR,Puerto_Rico,7.0160220877083495,15.369503247042154,Sist. Ais.,2314.29,1277.09,False,8.429,True,True,2.986700691259502,tap,
C4,FLORENCIA,Puerto_Rico,0.9992744670570645,15.613692533985269,Sist. Ais.,16399.93,1277.09,True,1.201,True,True,,,
C4,SANTA ANA DEL TATU,Puerto_Rico,18.845442271937724,16.56173049196124,Sist. Ais.,938.89,1277.09,False,22.641,False,False,12.99056948226573,node,12.99056948226573
C4,SAN JUAN,Puerto_Rico,8.810495964749286,16.90392884109661,Sist. Ais.,2029.09,1277.09,False,10.585,False,True,2.5023379521848876,tap,3.8501212487917083
C4,CASCABELES,Puerto_Rico,7.403071383545837,17.89080560800216,Sist. Ais.,2551.3,1277.09,False,8.894,False,True,2.0961138843370763,node,2.0961138843370763
C4,LITORAL,Puerto_Rico,11.808319365920479,18.30380638214324,Sist. Ais.,1642.69,1277.09,False,14.186,True,True,0.2898914601686256,tap,
C4,BRUNO RACUA,Puerto_Rico,15.39726712000235,18.47768406389292,Sist. Ais.,1275.71,1277.09,False,18.498,False,False,6.75584380404508,node,6.75584380404508
C4,BUENA VENTURA,Puerto_Rico,4.996372335285322,19.16541512812625,Sist. Ais.,4039.28,1277.09,True,6.003,True,True,,,
C4,KIOSCO,Puerto_Rico,8.4023458506029,22.132505236829488,Sist. Ais.,2779.25,1277.09,False,10.094,True,True,5.363766006025823,node,
C4,COCAL,Puerto_Rico,27.22668730423173,23.58876331093029,Sist. Ais.,925.86,1277.09,False,32.71,False,False,7.5258921825492155,node,7.5258921825492155
C4,SANTA MARIA,Puerto_Rico,11.604244308847287,23.59916707913372,Sist. Ais.,2149.72,1277.09,False,13.941,False,True,8.16380274018204,node,8.16380274018204
C4,CANAN AGUADA,Puerto_Rico,13.398718185888224,24.566098522027737,Sist. Ais.,1939.82,1277.09,False,16.097,False,True,9.452762833067009,node,9.452762833067009
C4,PUERTO CARDENAS,Puerto_Rico,1.998548934114129,26.344396375970756,Sist. Ais.,13838.22,1277.09,True,2.401,True,True,,,
C4,PROVIDENCIA,Puerto_Rico,2.2026239911873216,26.65777433137254,Sist. Ais.,12706.89,1277.09,False,2.646,False,True,0.9997345688244235,tap,1.657282911464352
C4,INDEPENDENCIA,Puerto_Rico,13.011668890050737,27.839585351256023,Sist. Ais.,2260.78,1277.09,False,15.632,False,True,1.8990876628334163,tap,3.305061669526351
C4,MANCHESTER,Puerto_Rico,19.211390749466315,30.60584332179751,Sist. Ais.,1687.81,1277.09,False,23.08,False,True,0.20927859656320152,tap,0.3942448682746256
C4,EL CARMEN,Puerto_Rico,64.56579106287171,30.673152422278772,Sist. Ais.,515.57,1277.09,False,77.568,False,False,0.3341129826592049,node,23.636941637792955
C4,NUEVA VIDA,Puerto_Rico,9.992744670570644,31.49935538994808,Sist. Ais.,3322.5,1277.09,False,12.005,False,True,7.190155985752843,node,7.190155985752843
C4,HIROSHIMA,Puerto_Rico,17.599891111189674,33.34145902343985,Sist. Ais.,2003.72,1277.09,False,21.144,False,True,8.729976816801626,node,8.729976816801626
C4,PUERTO AMERICA,Puerto_Rico,6.994921269399452,34.71251597812044,Sist. Ais.,5220.56,1277.09,False,8.404,False,True,2.348884585352304,tap,2.528198717107676
C4,VICTORIA,Puerto_Rico,3.4059735153175783,35.91352420318777,Sist. Ais.,11072.88,1277.09,False,4.092,True,True,0.8797380408716408,tap,
C4,ALIANZA,Puerto_Rico,14.602067710018481,36.66095048120904,Sist. Ais.,2649.85,1277.09,False,17.543,False,True,0.9351630648604313,tap,9.275008676116874
C4,CAMACHO,Puerto_Rico,3.4059735153175783,39.26206127814715,Sist. Ais.,12103.68,1277.09,False,4.092,True,True,0.5463605635533161,tap,
C4,LAS ARENAS,Puerto_Rico,5.6085975065049,39.80558742614102,Sist. Ais.,7458.76,1277.09,False,6.738,True,True,0.10268155513878202,tap,
C4,NARANJAL,San_Lorenzo,5.730473745343618,0.0039301835402918,Sist. Ais.,18.19,1278.98,False,6.895,False,False,0.00393018353990907,root,0.0039301835402918
C4,VISTA ALEGRE,San_Lorenzo,13.348721384477757,0.0330269155867351,Sist. Ais.,20.07,1278.98,False,16.061,False,False,0.03302691558754838,root,0.0330269155867351
C4,BLANCA FLOR,San_Lorenzo,24.241525449522534,0.0348239138550811,Sist. Ais.,18.98,1278.98,False,29.167,False,False,0.034823913855364624,root,0.0348239138550811
C4,GENECHIQUIA,San_Lorenzo,68.00212285158247,0.0843215109303369,Sist. Ais.,18.77,1278.98,False,81.819,False,False,0.08432151093069275,root,0.0843215109303369
C4,SANTA ELENA,San_Lorenzo,51.94698846683654,0.0871459656702531,Sist. Ais.,19.23,1278.98,False,62.502,False,False,0.0871459656701394,root,0.0871459656702531
C4,LORETO,San_Lorenzo,14.607237313671439,0.1259878652667654,Sist. Ais.,26.52,1278.98,False,17.575,False,False,0.12598786526680442,root,0.1259878652667654
C4,NUEVA ESPERANZA,San_Lorenzo,3.0851752840298197,0.1613170365608272,Sist. Ais.,72.3,1278.98,False,3.712,False,False,0.16131703656140323,root,0.1613170365608272
C4,NUEVO HORIZONTE,San_Lorenzo,11.711443171522438,0.196574676704216,Sist. Ais.,35.07,1278.98,False,14.091,False,False,0.19657467670387463,root,0.196574676704216
C4,PALESTINA,San_Lorenzo,14.796618455552256,0.1998269599319047,Sist. Ais.,31.63,1278.98,False,17.803,False,False,0.1998269599319047,root,0.1998269599319047
C4,LOS REYES,San_Lorenzo,19.897834236299037,0.2861686635769537,Sist. Ais.,32.55,1278.98,False,23.941,False,False,0.28616866357730475,root,0.2861686635769537
C4,SAN MARTIN,San_Lorenzo,25.060164556000196,0.8351533740726772,Sist. Ais.,52.42,1278.98,False,30.152,False,False,0.7675600161206865,node,0.7675600161206865
C4,REMANSO,San_Lorenzo,17.063154633104414,0.9040819464872724,Sist. Ais.,73.03,1278.98,False,20.53,False,False,0.9040819464872725,root,0.9040819464872724
C4,NAVIDAD,San_Lorenzo,21.724493591135175,1.1576420617696976,Sist. Ais.,73.35,1278.98,False,26.139,False,False,1.1576420617696976,root,1.1576420617696976
C4,SAMARIA,San_Lorenzo,28.273606442956456,1.4373880366144585,Sist. Ais.,70.78,1278.98,False,34.018,False,False,1.4373880366144585,root,1.4373880366144585
C4,SANTA MARIA,San_Lorenzo,13.348721384477757,1.5060804842509012,Sist. Ais.,135.77,1278.98,False,16.061,False,False,1.5060804842510405,root,1.5060804842509012
C4,GALILEA,San_Lorenzo,9.255525852089459,1.6591496641340502,Sist. Ais.,205.42,1278.98,False,11.136,False,False,1.6591496641340502,root,1.6591496641340502
C4,NANAGUA,San_Lorenzo,11.0821852069256,1.7213765092462208,Sist. Ais.,180.33,1278.98,False,13.334,False,False,0.8965518840665904,node,0.8965518840665904
C4,VIÑA DEL RIO,San_Lorenzo,8.626267887492618,3.085192357942196,Sist. Ais.,392.46,1278.98,False,10.379,False,False,3.085192357942196,root,3.085192357942196
C4,COPACABANA,San_Lorenzo,8.626267887492618,5.585728829558041,Sist. Ais.,696.39,1278.98,False,10.379,False,False,2.7313182158169957,tap,3.4619061404149893
C4,PUERTO COPACABANA,San_Lorenzo,57.549195609253715,6.999531552815245,Sist. Ais.,145.0,1278.98,False,69.242,False,False,2.1271330303931046,root,6.999531552815245
C4,SANTA ANITA,San_Lorenzo,0.8186391064776598,7.572366479542287,Sist. Ais.,9715.81,1278.98,True,0.985,True,True,,,
C4,EXALTACION,San_Lorenzo,24.180410910568156,9.028990587682555,Sist. Ais.,408.98,1278.98,False,29.093,False,False,9.02899058768234,root,9.028990587682555
C4,VENECIA,San_Lorenzo,14.546122774717055,11.14820455278636,Sist. Ais.,821.03,1278.98,False,17.502,False,False,9.521471764190016,node,9.521471764190016
C4,TRIGALITO,San_Lorenzo,7.61824763913414,11.331689132738669,Sist. Ais.,1577.02,1278.98,False,9.166,False,True,8.38776201570342,node,8.38776201570342
C4,SAN SALVADOR,San_Lorenzo,4.722453496985139,11.687829886739417,Sist. Ais.,2612.4,1278.98,False,5.682,False,True,4.205643163178334,node,4.205643163178334
C4,LITUANIA,San_Lorenzo,12.530082278000098,12.005013459436716,Sist. Ais.,1022.01,1278.98,False,15.076,False,False,5.449611965129911,node,5.449611965129911
C4,BRIGIDA,San_Lorenzo,9.634288135851097,12.046605765822646,Sist. Ais.,1328.48,1278.98,False,11.592,False,True,7.656751798551249,node,7.656751798551249
C4,IBERIA,San_Lorenzo,15.425876420149098,12.699099270374104,Sist. Ais.,880.61,1278.98,False,18.56,False,False,5.323767255340154,node,5.323767255340154
C4,SINAI,San_Lorenzo,31.988039691583115,14.38846103491433,Sist. Ais.,489.09,1278.98,False,38.488,False,False,10.511026629804357,node,10.511026629804357
C4,TRINIDACITO,San_Lorenzo,73.86086319985252,14.793132494058684,Sist. Ais.,227.47,1278.98,False,88.868,False,False,14.793132494058684,root,14.793132494058684
C4,SAN LORENZO,San_Lorenzo,23.991029768687334,18.68776994112393,Sist. Ais.,834.18,1278.98,False,28.866,False,False,13.18800854076024,node,13.18800854076024
C4,BITUMBO,San_Lorenzo,45.08022787020799,37.0518340880978,Sist. Ais.,879.23,1278.98,False,54.24,False,False,4.177998337153619,node,10.726432036395364
C4,SAN JORGE,San_Lorenzo,19.897834236299037,39.25229278993184,Sist. Ais.,2085.79,1278.98,False,23.941,False,True,0.24858487657153633,tap,4.185387024651541
C4,CHARAL,San_Lorenzo,65.54620553214949,42.7941654182114,Sist. Ais.,702.01,1278.98,False,78.864,False,False,2.127103046689597,node,8.025185382360013
C4,FORTALEZA,San_Lorenzo,68.25865605743535,52.54692285554989,Sist. Ais.,824.61,1278.98,False,82.128,False,False,5.157151534850657,node,5.157151534850657
C4,ROSARIO,San_Lorenzo,10.642308384209578,62.816349798346025,Sist. Ais.,6206.11,1278.98,False,12.805,False,True,10.968181140673671,node,10.968181140673671
C4,SAN ANTONIO,San_Lorenzo,3.2745564259106392,75.98233296960338,Sist. Ais.,24346.14,1278.98,True,3.94,True,True,,,
C4,VALPARAISO,San_Pedro,90.3437542594548,6.255156399287372,Sist. Ais.,90.07,1273.77,False,108.251,False,False,6.2551563992873715,root,6.255156399287372
C4,TRES ISLAS,San_Pedro,44.05118472088959,6.836868798793387,Sist. Ais.,180.2,1273.77,False,52.783,False,False,6.836868798793387,root,6.836868798793387
C4,SANTA ROSA,San_Pedro,46.43440484608481,11.32462097479034,Sist. Ais.,273.18,1273.77,False,55.638,False,False,7.577146074768594,node,7.577146074768594
C4,BARRACON,San_Pedro,56.504371496356356,11.50937083923596,Sist. Ais.,231.04,1273.77,False,67.704,False,False,6.018496392575715,tap,6.540998308102295
C4,MANGALITO,San_Pedro,63.95396751625005,15.516644150915504,Sist. Ais.,271.86,1273.77,False,76.631,False,False,4.239143942670882,node,4.239143942670882
C4,EL CARMEN,San_Pedro,75.58639752718702,16.595941793893523,Sist. Ais.,247.68,1273.77,False,90.569,False,False,8.362229841484018,node,8.362229841484018
C4,MARAVILLA,San_Pedro,43.530363600667776,16.931666501810643,Sist. Ais.,425.29,1273.77,False,52.159,False,False,16.81063772777734,node,16.81063772777734
C4,TRES ESTRELLAS,San_Pedro,65.09092495435671,17.21477267047513,Sist. Ais.,294.77,1273.77,False,77.993,False,False,11.133182678385367,node,11.133182678385367
C4,LOMA VELARDE,San_Pedro,72.90324175768377,18.775713465843,Sist. Ais.,287.5,1273.77,False,87.354,False,False,5.462498403241489,node,5.64243478968358
C4,PALLAR,San_Pedro,71.7988143781148,18.98476586537306,Sist. Ais.,294.71,1273.77,False,86.03,False,False,4.768466143008041,node,4.768466143008041
C4,SANTA ANA,San_Pedro,53.742165558458915,21.262776714833063,Sist. Ais.,432.3,1273.77,False,64.395,False,False,6.809017407595119,node,6.809017407595119
C4,NUEVA ESPERANZA,San_Pedro,3.503912534033048,21.641627168006004,Sist. Ais.,6493.29,1273.77,False,4.198,False,True,1.7425933801064193,node,1.7425933801064193
C4,FORTALEZA,San_Pedro,67.53693021867731,23.15280366175136,Sist. Ais.,376.91,1273.77,False,80.924,False,False,5.348855058528779,tap,9.916218656083501
C4,FLOR ESPERANZA,San_Pedro,11.332494366628959,23.36013423239496,Sist. Ais.,2178.74,1273.77,False,13.579,False,True,6.483564803077224,tap,6.767407798791975
C4,12 DE MARZO,San_Pedro,61.04992627083302,26.839421043382245,Sist. Ais.,478.42,1273.77,False,73.151,False,False,6.62451036814373,node,6.62451036814373
C4,CAYUSAL,San_Pedro,68.35768698320713,27.800560881653688,Sist. Ais.,443.88,1273.77,False,81.907,False,False,1.961093675645374,node,4.440474475382489
C4,LA PAZ,San_Pedro,40.18455140342316,33.60697556825164,Sist. Ais.,894.33,1273.77,False,48.15,False,False,1.3162249428404136,tap,2.110576990142024
C4,NACEBE,Santa_Rosa_Pando,4.003994014115637,0.0007449728860776,Sist. Ais.,17.67,1276.81,False,4.809,False,False,0.0007449728860776324,root,0.0007449728860776
C4,LAS ABEJAS II,Santa_Rosa_Pando,26.407172685855524,0.0013612602813844,Sist. Ais.,17.53,1276.81,False,31.718,False,False,0.0013612602814169334,root,0.0013612602813844
C4,SANTA ROSA,Santa_Rosa_Pando,86.46708289759009,0.004933790002301,Sist. Ais.,17.53,1276.81,False,103.857,False,False,0.004933790002040547,root,0.004933790002301
C4,BERNARDINO RACUA,Santa_Rosa_Pando,41.38402907937878,0.0076842236168288,Sist. Ais.,17.67,1276.81,False,49.707,False,False,0.007684223615952139,root,0.0076842236168288
C4,SIMON BOLIVAR,Santa_Rosa_Pando,15.281825668806361,0.0124449220822759,Sist. Ais.,18.33,1276.81,False,18.355,False,False,0.012444922082043503,root,0.0124449220822759
C4,MONTERREY,Santa_Rosa_Pando,26.988838435870168,0.0140845673543956,Sist. Ais.,18.02,1276.81,False,32.417,False,False,0.014084567354430472,root,0.0140845673543956
C4,DOS LAGOS,Santa_Rosa_Pando,21.6690282840837,0.0212293683786539,Sist. Ais.,18.5,1276.81,False,26.027,False,False,0.021229368378349853,root,0.0212293683786539
C4,1RO DE MAYO,Santa_Rosa_Pando,14.97685639352325,0.0256207474030188,Sist. Ais.,19.27,1276.81,False,17.989,False,False,0.0256207474032149,root,0.0256207474030188
C4,LAS ABEJAS,Santa_Rosa_Pando,10.238711991751424,0.0320908332633664,Sist. Ais.,20.76,1276.81,False,12.298,False,False,0.032090833263285025,root,0.0320908332633664
C4,PUERTO MORALES AYMA,Santa_Rosa_Pando,76.13243186930028,0.0498893114288301,Sist. Ais.,18.16,1276.81,False,91.444,False,False,0.04988931142846655,root,0.0498893114288301
C4,ALTO BAHIA II,Santa_Rosa_Pando,50.00195565817627,8.588287549878975,Sist. Ais.,197.56,1276.81,False,60.058,False,False,8.588287549878975,root,8.588287549878975
C4,COPACABANA,Santa_Rosa_Pando,16.320945331745655,12.105802343102898,Sist. Ais.,795.16,1276.81,False,19.603,False,False,10.42294083026895,tap,11.269563037139953
C4,VILLA DEL CARMEN,Santa_Rosa_Pando,15.863491418820995,13.891007665179725,Sist. Ais.,935.58,1276.81,False,19.054,False,False,8.400079838800577,node,8.400079838800577
C4,16 DE JULIO,Santa_Rosa_Pando,1.039119662939298,15.440936984884116,Sist. Ais.,15597.43,1276.81,True,1.248,True,True,,,
C4,PALESTINA,Santa_Rosa_Pando,41.23154444173722,30.809259456323662,Sist. Ais.,800.92,1276.81,False,49.524,False,False,6.754268805811637,node,19.98150622603274
C4,SANTA TEREZA,Santos_Mercado,43.05124582709847,0.0651474452271159,Sist. Ais.,19.06,1284.99,False,52.045,False,False,0.06514744522711599,root,0.0651474452271159
C4,RESERVA,Santos_Mercado,99.99055414786241,0.0822600916696484,Sist. Ais.,18.34,1284.99,False,120.88,False,False,0.08226009166964847,root,0.0822600916696484
C4,CHIRIPA,Santos_Mercado,57.60632988590997,8.553353758026091,Sist. Ais.,173.15,1284.99,False,69.641,False,False,8.553353758026091,root,8.553353758026091
C4,PUERTO SUCRE,Santos_Mercado,14.755799358743044,10.50421556578216,Sist. Ais.,763.85,1284.99,False,17.838,False,False,6.324312152926189,node,6.324312152926189
C4,CHIRIPA,Santos_Mercado,10.549079471550487,12.601261808838023,Sist. Ais.,1269.92,1284.99,False,12.753,False,False,7.691324865119994,node,7.691324865119994
C4,SAN JOSE,Santos_Mercado,5.181950544762719,16.500130216670104,Sist. Ais.,3355.98,1284.99,False,6.265,True,True,0.6784305275528038,tap,
C4,CAMPESINA PARAISO,Santos_Mercado,15.956414689967207,19.120409743382968,Sist. Ais.,1273.85,1284.99,False,19.29,False,False,8.665515941691579,node,8.665515941691579
C4,SAN MARTIN,Santos_Mercado,21.912880592368545,28.98239821255749,Sist. Ais.,1404.21,1284.99,False,26.491,False,True,18.77370855751125,node,18.77370855751125
C4,SAN MARTIN TACANA,Santos_Mercado,84.46023943148074,32.364773805296274,Sist. Ais.,419.25,1284.99,False,102.105,False,False,7.595273270015265,tap,8.859571911502401
C4,LOS ALMENDROS,Santos_Mercado,42.214582797833884,33.731128491676856,Sist. Ais.,855.25,1284.99,False,51.034,False,False,4.078259028441937,tap,4.802057204640663
C4,VILLA VICTORIA,Santos_Mercado,136.32635563282741,36.02205711849203,Sist. Ais.,294.52,1284.99,False,164.806,False,False,2.535262647847779,root,36.02205711849203
C4,ALMENDROS II,Santos_Mercado,66.9547940262363,36.79960325170685,Sist. Ais.,593.74,1284.99,False,80.942,False,False,5.525850080374359,node,5.525850080374359
C4,MOLINO,Santos_Mercado,9.96887495175288,41.2375200614996,Sist. Ais.,4354.62,1284.99,True,12.051,True,True,,,
C4,TAMARINDO,Santos_Mercado,11.564516420749602,76.4740530447699,Sist. Ais.,6950.85,1284.99,True,13.98,True,True,,,
C4,7 DE ENERO,Santos_Mercado,13.160157889746324,77.13806046960046,Sist. Ais.,6163.09,1284.99,True,15.909,True,True,,,
C4,EL CARMEN,Sena,31.036972805240456,0.0198078552309911,Sist. Ais.,18.14,1283.46,False,37.476,False,False,0.019807855230846036,root,0.0198078552309911
C4,MONTE SINAI,Sena,64.52498442659082,0.1474685179633489,Sist. Ais.,19.87,1283.46,False,77.911,False,False,0.14746851796296603,root,0.1474685179633489
C4,EL SENA,Sena,601.220543865383,0.1636181526982188,Sist. Ais.,17.76,1283.46,False,725.949,False,False,0.16361815269789146,root,0.1636181526982188
C4,VILLA COTOCA,Sena,43.070323511493434,7.899156218765868,Sist. Ais.,209.77,1283.46,False,52.006,False,False,7.899156218765868,root,7.899156218765868
C4,SACRIFICIO,Sena,72.49355100365992,9.183013775093135,Sist. Ais.,150.29,1283.46,False,87.533,False,False,9.183013775093137,root,9.183013775093135
C4,EL TURI,Sena,23.401171289616222,11.125426186656917,Sist. Ais.,515.94,1283.46,False,28.256,False,False,6.726658201195099,node,6.726658201195099
C4,SANTA TRINIDAD,Sena,42.84848013719685,15.811258912170766,Sist. Ais.,404.37,1283.46,False,51.738,False,False,12.23635487447169,node,12.23635487447169
C4,BELEN,Sena,2.340117128961622,17.553552227483614,Sist. Ais.,7882.24,1283.46,False,2.826,True,True,1.6907008334949682,tap,
C4,CANADA,Sena,20.950132473506308,17.68048854900702,Sist. Ais.,902.32,1283.46,False,25.296,False,False,14.77167460755299,node,14.77167460755299
C4,SANTA TERESA,Sena,2.340117128961622,18.64231304028977,Sist. Ais.,8370.05,1283.46,False,2.826,False,True,1.7069190824064184,node,1.7069190824064184
C4,TURI RIO,Sena,47.861479456564965,19.621320518862834,Sist. Ais.,447.31,1283.46,False,57.791,False,False,8.992976478834288,tap,12.552663926439074
C4,NUEVA FEDERACION,Sena,59.45114341422478,19.7179591269049,Sist. Ais.,365.22,1283.46,False,71.785,False,False,4.091981929719608,root,19.7179591269049
C4,SANTA FE,Sena,11.700585644808111,24.424052982550617,Sist. Ais.,2206.08,1283.46,False,14.128,False,True,5.73552954045585,node,5.73552954045585
C4,BELLA BRISA,Sena,2.340117128961622,24.966402773211243,Sist. Ais.,11203.52,1283.46,True,2.826,True,True,,,
C4,TURI DOS,Sena,11.700585644808111,25.83409382117687,Sist. Ais.,2332.44,1283.46,False,14.128,False,True,4.425209230967838,tap,6.498148374567419
C4,REMANZO,Sena,27.970483860391177,28.214446283869066,Sist. Ais.,1075.09,1283.46,False,33.773,False,False,0.055954796237339045,tap,2.582331878452406
C4,SANTAROSITA,Sena,5.850292822404056,28.616567587839448,Sist. Ais.,5146.07,1283.46,False,7.064,False,True,0.40731000669689743,tap,0.41113547740116746
C4,VILLA FRONTERA,Sena,42.84848013719685,28.780799705370352,Sist. Ais.,721.72,1283.46,False,51.738,False,False,2.582331878452406,node,9.451755346329449
C4,BRIGIDA II,Sena,17.550878467212165,30.68162381091515,Sist. Ais.,1850.37,1283.46,False,21.192,False,True,7.918211076065514,node,7.918211076065514
C4,SAN JOSE,Sena,79.62482407769308,30.87461090383096,Sist. Ais.,424.02,1283.46,False,96.144,False,False,2.7049766520703695,node,30.38066765783447
C4,TATUCITO,Sena,26.68950360876208,31.79904465987793,Sist. Ais.,1266.67,1283.46,False,32.226,False,False,12.458830782125517,tap,12.731561005863748
C4,BERCEBA,Sena,16.380819902731353,33.21072245518073,Sist. Ais.,2143.17,1283.46,False,19.779,False,True,1.6043537169155235,node,1.6043537169155235
C4,RECREO,Sena,31.369737866685323,33.99349465315425,Sist. Ais.,1153.64,1283.46,False,37.878,False,False,10.04161974239011,node,10.04161974239011
C4,CACHUELITA,Sena,52.20894865304335,34.67277368605146,Sist. Ais.,713.78,1283.46,False,63.04,False,False,3.2596757137792096,node,3.2596757137792096
C4,LA ESPERANZA,Sena,15.210761338250546,36.253238786449735,Sist. Ais.,2516.4,1283.46,False,18.366,False,True,2.477288487463571,node,2.477288487463571
C4,RESERVA,Sena,75.72104162980786,36.91733632874354,Sist. Ais.,528.65,1283.46,False,91.43,False,False,1.1443302734677794,node,17.299944141396892
C4,RINCONCITO PANDINO,Sena,57.72647641400253,37.25124525351793,Sist. Ais.,694.06,1283.46,False,69.702,False,False,2.0232088497466307,tap,2.6906379720443696
C4,LAS MERCEDES,Sena,61.34757379459326,37.61072499009836,Sist. Ais.,660.27,1283.46,False,74.075,False,False,4.033398169099388,node,7.159265085846116
C4,NUEVA ESPERANZA II,Sena,20.728289099209732,39.78243258440721,Sist. Ais.,2029.74,1283.46,False,25.029,False,True,3.584570334993159,node,3.584570334993159
C4,SANTA ELENA,Sena,74.72274644547326,39.84231987725296,Sist. Ais.,576.52,1283.46,False,90.225,False,False,1.7737414261703826,tap,18.16013312397387
C4,PRIMERO DE DICIEMBRE,Sena,28.918699050575416,40.87213240675104,Sist. Ais.,1499.33,1283.46,False,34.918,False,True,12.443932668676942,node,12.443932668676942
C4,BALLIVIAN,Sena,28.696855676278833,43.684001965253,Sist. Ais.,1613.52,1283.46,False,34.65,False,True,0.7994157653609995,tap,10.429581186020146
C4,NUEVA EMPRESA,Sena,31.48065955383361,44.2747907197781,Sist. Ais.,1492.06,1283.46,False,38.012,False,True,6.753064617948304,tap,7.441433041786612
C4,SOLEDAD,Sena,24.571229854097034,44.510087218566994,Sist. Ais.,1916.76,1283.46,False,29.669,False,True,8.433752258740292,tap,8.69785861767341
C4,SAN ANTONIO,Sena,60.590229169602935,45.58822377992821,Sist. Ais.,806.35,1283.46,False,73.16,False,False,7.144198239798421,node,7.144198239798421
C4,SAN MIGUEL,Sena,21.174338171940157,48.82093357337262,Sist. Ais.,2434.91,1283.46,False,25.567,False,True,2.6661927745217353,node,9.650666651664501
C4,SAN CARLOS,Sena,4.680234257923244,50.451823433236925,Sist. Ais.,11319.79,1283.46,False,5.651,False,True,3.784415571918662,tap,4.629296397066442
C4,COPACABANA,Sena,20.839210786358024,50.74613327991972,Sist. Ais.,2570.64,1283.46,False,25.162,False,True,2.651602304322999,node,2.651602304322999
C4,SANTA ROSA DE LIMA,Sena,19.669152221877212,52.136947283314754,Sist. Ais.,2796.66,1283.46,False,23.75,False,True,1.546653251090219,tap,8.123000280857076
C4,BERLIN,Sena,9.360468515846488,53.25369616975247,Sist. Ais.,5982.47,1283.46,False,11.302,False,True,7.0730775333609,node,7.0730775333609
C4,PALMA REAL,Sena,53.71177227896902,54.01338596231341,Sist. Ais.,1071.84,1283.46,False,64.855,False,False,10.398898891222526,node,23.99932652896957
C4,GIRADO,Sena,18.720937031692976,55.92210763405246,Sist. Ais.,3149.42,1283.46,False,22.605,False,True,7.2977733764947805,tap,7.370091130611654
C4,PALMAR,Sena,79.34213901039857,57.588791730323095,Sist. Ais.,778.49,1283.46,False,95.802,False,False,3.0451597647144166,node,23.838417150544046
C4,SAN ROQUE,Sena,46.58049920493586,57.5980104100262,Sist. Ais.,1313.94,1283.46,False,56.244,False,True,3.8158243096154396,node,3.8158243096154396
C4,FLORIDA,Sena,23.068406228171355,57.92458981155002,Sist. Ais.,2650.19,1283.46,False,27.854,False,True,5.944796605318624,tap,7.994930629575529
C4,EL COLORADO,Sena,21.0610541606546,58.40591347852271,Sist. Ais.,2925.08,1283.46,False,25.43,False,True,7.4847854567439756,node,7.4847854567439756
C4,SANTA ROSA DEL MANUPARE,Sena,38.390089253570196,59.27843502103836,Sist. Ais.,1636.43,1283.46,False,46.354,False,True,3.364320208705814,tap,12.980489246967231
C4,SAN MIGUEL,Sena,31.034610481103194,62.11259417131892,Sist. Ais.,2115.89,1283.46,False,37.473,False,True,4.609715247479861,node,4.609715247479861
C4,ARROYO COLORADO,Sena,12.87064420928892,62.34697381237109,Sist. Ais.,5096.42,1283.46,False,15.541,False,True,4.281915614673125,tap,5.254312450151348
C4,SIMPENSAR,Sena,5.850292822404056,64.11398142996802,Sist. Ais.,11507.82,1283.46,False,7.064,False,True,4.617660390960529,tap,5.326437258909116
C4,SAN SALVADOR,Sena,22.23111272513541,64.98417371331779,Sist. Ais.,3082.29,1283.46,False,26.843,False,True,1.595244577592668,tap,5.070134070759812
C4,COLMENA,Sena,108.65444481541678,65.71929753523627,Sist. Ais.,651.64,1283.46,False,131.196,False,False,10.669401009072415,node,15.482035862574685
C4,4 DE JUNIO,Sena,19.669152221877212,67.33755421866402,Sist. Ais.,3606.94,1283.46,True,23.75,True,True,,,
C4,NUEVA ESPERANZA,Sena,108.76536650256507,67.48832577788546,Sist. Ais.,668.05,1283.46,False,131.33,False,False,7.360044869796086,node,28.53074983166912
C4,TRIUNFO,Sena,65.36227792962677,67.91144738480538,Sist. Ais.,1106.84,1283.46,False,78.922,False,False,22.850882684805928,node,22.850882684805928
C4,SAN ANTONIO,Sena,3.0974617539519462,69.73052434545198,Sist. Ais.,23620.9,1283.46,False,3.74,True,True,2.349922987635005,tap,
C4,PEKIN,Sena,54.659987469153265,70.20909887204418,Sist. Ais.,1364.21,1283.46,False,66.0,False,True,3.4823812278444857,node,3.4823812278444857
C4,ALTO BUENA VISTA,Sena,29.25146411202028,71.19864619823058,Sist. Ais.,2569.48,1283.46,False,35.32,False,True,6.012843836504017,node,6.012843836504017
C4,SANTA MARIA DEL WIPA,Sena,32.65071811831442,72.30949107353106,Sist. Ais.,2339.47,1283.46,False,39.424,False,True,3.0146023265135513,tap,7.436327038368201
C4,PUERTO PALOMA,Sena,3.5101756934424335,73.10963288085436,Sist. Ais.,21855.02,1283.46,False,4.238,False,True,2.6407708259294593,tap,2.8986430411892012
C4,RANCHITO,Sena,16.380819902731353,74.64468444937293,Sist. Ais.,4795.2,1283.46,False,19.779,False,True,2.3833259432588463,node,3.5785083248039466
C4,RESERVA II,Villa_Nueva,49.02156450634257,0.0168327018484832,Sist. Ais.,17.83,1282.83,False,59.162,False,False,0.016832701848483237,root,0.0168327018484832
C4,ENAREVENA,Villa_Nueva,13.021154500636694,0.0404816440607124,Sist. Ais.,20.73,1282.83,False,15.715,False,False,0.04048164406071246,root,0.0404816440607124
C4,SANTA CRUCITO,Villa_Nueva,61.02112351277141,0.131696076702393,Sist. Ais.,19.74,1282.83,False,73.644,False,False,0.13169607670239303,root,0.131696076702393
C4,LOMA ALTA,Villa_Nueva,38.55410991015562,0.4381005227763587,Sist. Ais.,29.39,1282.83,False,46.529,False,False,0.43810052277635875,root,0.4381005227763587
C4,SANTA TERESITA,Villa_Nueva,34.97881451149802,2.822816289461168,Sist. Ais.,102.09,1282.83,False,42.214,False,False,2.822816289461168,root,2.822816289461168
C4,AGUARENDA,Villa_Nueva,20.680521227566565,3.0718515408435083,Sist. Ais.,173.21,1282.83,False,24.958,False,False,3.0718515408435083,root,3.0718515408435083
C4,ISLA LAS PETAS,Villa_Nueva,22.21320329994824,5.529968387082769,Sist. Ais.,278.49,1282.83,False,26.808,False,False,5.529968387082769,root,5.529968387082769
C4,BELEN,Villa_Nueva,21.701539059634637,5.718543714110882,Sist. Ais.,293.76,1282.83,False,26.191,False,False,5.376631255835146,node,5.376631255835146
C4,BELLA BRISA,Villa_Nueva,33.95664135515039,7.310022627336611,Sist. Ais.,243.19,1282.83,False,40.981,False,False,7.310022627336611,root,7.310022627336611
C4,CALLAO GUADALUPE,Villa_Nueva,11.744593379481717,8.91301665451575,Sist. Ais.,813.17,1282.83,False,14.174,False,False,0.8628142876799949,tap,3.964894571040654
C4,PERSEVERANCIA,Villa_Nueva,42.12767232239386,12.829636791410554,Sist. Ais.,336.78,1282.83,False,50.842,False,False,3.8698760270123396,node,12.758696619037618
C4,SANTA FE,Villa_Nueva,52.85182553194729,16.047952431544125,Sist. Ais.,335.83,1282.83,False,63.784,False,False,3.056115650543459,tap,6.007687955431599
C4,PALMIRA,Villa_Nueva,9.957523342292703,16.222646006138625,Sist. Ais.,1725.63,1282.83,False,12.017,False,True,3.59101666906367,node,3.59101666906367
C4,LAS MALVINAS,Villa_Nueva,30.893010196806394,18.20003264168589,Sist. Ais.,635.16,1282.83,False,37.283,False,False,3.528559479347986,node,3.528559479347986
C4,DEMOCRACIA,Villa_Nueva,51.83023003773944,19.396460732148466,Sist. Ais.,409.85,1282.83,False,62.551,False,False,18.865031584546678,tap,19.21360320793004
C4,SAN ANTONIO,Villa_Nueva,10.723575547413647,23.54857316851382,Sist. Ais.,2319.89,1282.83,False,12.942,False,True,3.0153442279464624,tap,4.575324072016067
C4,TRIUNFO,Villa_Nueva,11.489050090394807,26.17817180446686,Sist. Ais.,2406.46,1282.83,False,13.866,False,True,0.03074859096196029,tap,0.29214614224110447
C4,NUEVO TRIUNFO,Villa_Nueva,60.00068334284313,26.46145224138804,Sist. Ais.,479.87,1282.83,False,72.412,False,False,0.2905234802569726,node,7.890538861356927
C4,SANTA ISABEL,Villa_Nueva,27.573835749375498,29.86674436379726,Sist. Ais.,1153.14,1282.83,False,33.278,False,False,13.122836342320001,node,13.122836342320001
C4,SAN IGNACIO,Villa_Nueva,47.23449446915356,30.350020475795173,Sist. Ais.,691.16,1282.83,False,57.005,False,False,0.400021469796502,tap,3.553619636828811
C5,VILLA BUSCH,Cobija,10.699501068602007,0.006102059256351,Sist. Ais.,18.07,1247.35,False,12.551,False,False,0.006102059256074996,root,0.006102059256351
C5,MEJILLONES,Cobija,8.848963673096883,0.0061093851889927,Sist. Ais.,18.2,1247.35,False,10.38,False,False,0.00610938518927299,root,0.0061093851889927
C5,VILLA ROSARIO,Cobija,10.011440649732338,0.0076528674235452,Sist. Ais.,18.28,1247.35,False,11.744,False,False,0.007652867423666971,root,0.0076528674235452
C5,17 DE MAYO,Cobija,31.991681275254084,0.0159914423196172,Sist. Ais.,18.0,1247.35,False,37.527,False,False,0.01599144232000685,root,0.0159914423196172
C5,SUJAL,Cobija,21.185358276100136,0.0177875308702838,Sist. Ais.,18.35,1247.35,False,24.851,False,False,0.01778753087047019,root,0.0177875308702838
C5,VILLA FATIMA,Cobija,18.03017534673909,0.021463670796319,Sist. Ais.,18.72,1247.35,False,21.15,False,False,0.02146367079562426,root,0.021463670796319
C5,ALTO BAHIA,Cobija,23.51031222937105,0.031796477916156,Sist. Ais.,18.89,1247.35,False,27.578,False,False,0.03179647791644362,root,0.031796477916156
C5,NUEVA ESPERANZA,Cobija,41.90808220332398,0.033826253096172,Sist. Ais.,18.32,1247.35,False,49.159,False,False,0.03382625309617209,root,0.033826253096172
C5,COBIJA,Cobija,748.5134406116073,0.0568739148504907,Sist. Ais.,17.55,1247.35,False,878.017,False,False,0.056873914850490745,root,0.0568739148504907
C5,AVAROA,Cobija,10.462292789719113,0.136278675769332,Sist. Ais.,31.13,1247.35,False,12.272,False,False,0.13627867576933209,root,0.136278675769332
C5,BELMONTE,Cobija,1.8623196043946322,0.7052766096650585,Sist. Ais.,414.54,1247.35,False,2.185,False,False,0.7052766096653775,root,0.7052766096650585
C5,NUEVO TRIUNFO,Cobija,3.1434007204715364,0.8126235524870056,Sist. Ais.,288.52,1247.35,False,3.687,False,False,0.8126235524870056,root,0.8126235524870056
C5,MARAPANI,Cobija,10.936709347484902,2.7975421500845314,Sist. Ais.,285.67,1247.35,False,12.829,False,False,2.7975421500851994,root,2.7975421500845314
C5,PONTON,Cobija,8.848963673096883,3.542355749041134,Sist. Ais.,437.19,1247.35,False,10.38,False,False,3.542355749041134,root,3.542355749041134
